{
  "Solver": "clingo version 5.6.2",
  "Input": [
    "myrobots.lp","instances/corridor-02.lp"
  ],
  "Call": [
    {
      "Witnesses": [
        {
          "Value": [
            "at(r1,1,0)", "at(r2,5,0)", "assign(r1,j1,1)", "assign(r2,j2,1)", "at(r2,1,5)", "at(r1,5,6)", "at(r1,1,10)", "at(r1,1,11)", "at(r2,5,12)", "at(r1,1,12)", "at(r1,3,2)", "at(r1,2,1)", "at(r1,6,3)", "at(r1,3,4)", "at(r1,4,5)", "at(r1,4,7)", "at(r1,3,8)", "at(r1,2,9)", "at(r2,4,1)", "at(r2,4,2)", "at(r2,3,3)", "at(r2,2,4)", "at(r2,2,6)", "at(r2,3,7)", "at(r2,6,8)", "at(r2,6,9)", "at(r2,3,10)", "at(r2,4,11)"
          ],
          "Costs": [
            20
          ]
        },
        {
          "Value": [
            "at(r1,1,0)", "at(r2,5,0)", "assign(r1,j1,1)", "assign(r2,j2,1)", "at(r2,5,1)", "at(r2,1,5)", "at(r1,5,6)", "at(r1,1,10)", "at(r1,1,11)", "at(r2,5,12)", "at(r1,1,12)", "at(r1,3,2)", "at(r1,2,1)", "at(r1,6,3)", "at(r1,3,4)", "at(r1,4,5)", "at(r1,4,7)", "at(r1,3,8)", "at(r1,2,9)", "at(r2,4,2)", "at(r2,3,3)", "at(r2,2,4)", "at(r2,2,6)", "at(r2,3,7)", "at(r2,6,8)", "at(r2,6,9)", "at(r2,3,10)", "at(r2,4,11)"
          ],
          "Costs": [
            20
          ]
        },
        {
          "Value": [
            "at(r1,1,0)", "at(r2,5,0)", "assign(r1,j1,1)", "assign(r2,j2,1)", "at(r2,1,5)", "at(r1,5,6)", "at(r1,1,10)", "at(r1,1,11)", "at(r2,5,12)", "at(r1,1,12)", "at(r1,3,2)", "at(r1,2,1)", "at(r1,6,3)", "at(r1,3,4)", "at(r1,4,5)", "at(r1,4,7)", "at(r1,3,8)", "at(r1,2,9)", "at(r2,4,1)", "at(r2,4,2)", "at(r2,3,3)", "at(r2,2,4)", "at(r2,2,6)", "at(r2,3,7)", "at(r2,6,8)", "at(r2,3,9)", "at(r2,4,10)", "at(r2,4,11)"
          ],
          "Costs": [
            20
          ]
        },
        {
          "Value": [
            "at(r1,1,0)", "at(r2,5,0)", "assign(r1,j1,1)", "assign(r2,j2,1)", "at(r2,5,1)", "at(r2,1,5)", "at(r1,5,6)", "at(r1,1,10)", "at(r1,1,11)", "at(r2,5,11)", "at(r2,5,12)", "at(r1,1,12)", "at(r1,3,2)", "at(r1,2,1)", "at(r1,6,3)", "at(r1,3,4)", "at(r1,4,5)", "at(r1,4,7)", "at(r1,3,8)", "at(r1,2,9)", "at(r2,4,2)", "at(r2,3,3)", "at(r2,2,4)", "at(r2,2,6)", "at(r2,3,7)", "at(r2,6,8)", "at(r2,3,9)", "at(r2,4,10)"
          ],
          "Costs": [
            20
          ]
        },
        {
          "Value": [
            "at(r1,1,0)", "at(r2,5,0)", "assign(r1,j1,1)", "assign(r2,j2,1)", "at(r2,5,1)", "at(r2,1,5)", "at(r1,5,6)", "at(r1,1,10)", "at(r1,1,11)", "at(r2,5,12)", "at(r1,1,12)", "at(r1,3,2)", "at(r1,2,1)", "at(r1,6,3)", "at(r1,3,4)", "at(r1,4,5)", "at(r1,4,7)", "at(r1,3,8)", "at(r1,2,9)", "at(r2,4,2)", "at(r2,3,3)", "at(r2,2,4)", "at(r2,2,6)", "at(r2,3,7)", "at(r2,6,8)", "at(r2,3,9)", "at(r2,3,10)", "at(r2,4,11)"
          ],
          "Costs": [
            20
          ]
        },
        {
          "Value": [
            "at(r1,1,0)", "at(r2,5,0)", "assign(r1,j1,1)", "assign(r2,j2,1)", "at(r2,5,1)", "at(r2,1,5)", "at(r1,5,6)", "at(r1,1,10)", "at(r1,1,11)", "at(r2,5,12)", "at(r1,1,12)", "at(r1,3,2)", "at(r1,2,1)", "at(r1,6,3)", "at(r1,3,4)", "at(r1,4,5)", "at(r1,4,7)", "at(r1,3,8)", "at(r1,2,9)", "at(r2,4,2)", "at(r2,3,3)", "at(r2,2,4)", "at(r2,2,6)", "at(r2,3,7)", "at(r2,6,8)", "at(r2,3,9)", "at(r2,4,10)", "at(r2,4,11)"
          ],
          "Costs": [
            20
          ]
        },
        {
          "Value": [
            "at(r1,1,0)", "at(r2,5,0)", "assign(r1,j1,1)", "assign(r2,j2,1)", "at(r2,1,5)", "at(r1,5,6)", "at(r1,1,10)", "at(r1,1,11)", "at(r2,5,11)", "at(r2,5,12)", "at(r1,1,12)", "at(r1,3,2)", "at(r1,2,1)", "at(r1,6,3)", "at(r1,3,4)", "at(r1,4,5)", "at(r1,4,7)", "at(r1,3,8)", "at(r1,2,9)", "at(r2,4,1)", "at(r2,4,2)", "at(r2,3,3)", "at(r2,2,4)", "at(r2,2,6)", "at(r2,3,7)", "at(r2,6,8)", "at(r2,3,9)", "at(r2,4,10)"
          ],
          "Costs": [
            20
          ]
        },
        {
          "Value": [
            "at(r1,1,0)", "at(r2,5,0)", "assign(r1,j1,1)", "assign(r2,j2,1)", "at(r2,1,5)", "at(r1,5,6)", "at(r1,1,10)", "at(r1,1,11)", "at(r2,5,12)", "at(r1,1,12)", "at(r1,3,2)", "at(r1,2,1)", "at(r1,6,3)", "at(r1,3,4)", "at(r1,4,5)", "at(r1,4,7)", "at(r1,3,8)", "at(r1,2,9)", "at(r2,4,1)", "at(r2,4,2)", "at(r2,3,3)", "at(r2,2,4)", "at(r2,2,6)", "at(r2,3,7)", "at(r2,6,8)", "at(r2,3,9)", "at(r2,3,10)", "at(r2,4,11)"
          ],
          "Costs": [
            20
          ]
        }
      ]
    }
  ],
  "Result": "OPTIMUM FOUND",
  "Models": {
    "Number": 10,
    "More": "no",
    "Optimum": "yes",
    "Optimal": 8,
    "Costs": [
      20
    ]
  },
  "Calls": 1,
  "Time": {
    "Total": 0.004,
    "Solve": 0.001,
    "Model": 0.001,
    "Unsat": 0.000,
    "CPU": 0.006
  },
  "Threads": 4,
  "Winner": 1
}
