{
  "Solver": "clingo version 5.6.2",
  "Input": [
    "myrobots.lp","instances/corridor-05.lp"
  ],
  "Call": [
    {
      "Witnesses": [
        {
          "Value": [
            "at(r1,9,0)", "at(r2,10,0)", "at(r3,11,0)", "at(r4,12,0)", "at(r5,13,0)", "at(r6,14,0)", "at(r7,15,0)", "at(r8,16,0)", "assign(r5,j2,1)", "assign(r2,j3,1)", "assign(r6,j4,1)", "assign(r7,j5,1)", "assign(r3,j6,1)", "assign(r4,j7,1)", "assign(r5,j1,2)", "assign(r4,j8,2)", "at(r5,8,1)", "at(r4,1,2)", "at(r6,8,2)", "at(r4,2,3)", "at(r2,3,3)", "at(r2,4,4)", "at(r4,3,4)", "at(r4,2,5)", "at(r5,4,5)", "at(r2,3,5)", "at(r7,6,5)", "at(r4,1,6)", "at(r6,4,6)", "at(r7,5,6)", "at(r5,2,7)", "at(r7,4,7)", "at(r2,1,7)", "at(r6,3,7)", "at(r6,4,8)", "at(r7,5,8)", "at(r3,2,9)", "at(r4,1,9)", "at(r5,4,9)", "at(r7,6,9)", "at(r4,2,10)", "at(r3,4,11)", "at(r4,3,11)", "at(r4,4,12)", "at(r3,5,12)", "at(r5,8,13)", "at(r3,5,13)", "at(r4,4,13)", "at(r1,9,1)", "at(r1,9,2)", "at(r1,9,3)", "at(r1,9,4)", "at(r1,9,5)", "at(r1,9,6)", "at(r1,9,7)", "at(r1,9,8)", "at(r1,9,9)", "at(r1,9,10)", "at(r1,9,11)", "at(r1,9,12)", "at(r1,9,13)", "at(r2,1,1)", "at(r2,2,2)", "at(r2,2,6)", "at(r2,12,8)", "at(r2,12,9)", "at(r2,12,10)", "at(r2,12,11)", "at(r2,12,12)", "at(r2,12,13)", "at(r3,11,1)", "at(r3,11,2)", "at(r3,11,3)", "at(r3,11,4)", "at(r3,11,5)", "at(r3,11,6)", "at(r3,11,7)", "at(r3,1,8)", "at(r3,3,10)", "at(r4,12,1)", "at(r4,10,7)", "at(r4,10,8)", "at(r5,7,2)", "at(r5,6,3)", "at(r5,5,4)", "at(r5,3,6)", "at(r5,3,8)", "at(r5,5,10)", "at(r5,6,11)", "at(r5,7,12)", "at(r6,14,1)", "at(r6,7,3)", "at(r6,6,4)", "at(r6,5,5)", "at(r6,17,9)", "at(r6,17,10)", "at(r6,17,11)", "at(r6,17,12)", "at(r6,17,13)", "at(r7,15,1)", "at(r7,15,2)", "at(r7,8,3)", "at(r7,7,4)", "at(r7,7,10)", "at(r7,8,11)", "at(r7,8,12)", "at(r7,13,13)", "at(r8,16,1)", "at(r8,16,2)", "at(r8,16,3)", "at(r8,16,4)", "at(r8,16,5)", "at(r8,16,6)", "at(r8,16,7)", "at(r8,16,8)", "at(r8,16,9)", "at(r8,16,10)", "at(r8,16,11)", "at(r8,16,12)", "at(r8,16,13)"
          ],
          "Costs": [
            54
          ]
        },
        {
          "Value": [
            "at(r1,9,0)", "at(r2,10,0)", "at(r3,11,0)", "at(r4,12,0)", "at(r5,13,0)", "at(r6,14,0)", "at(r7,15,0)", "at(r8,16,0)", "assign(r5,j2,1)", "assign(r2,j3,1)", "assign(r6,j4,1)", "assign(r7,j5,1)", "assign(r3,j6,1)", "assign(r4,j7,1)", "assign(r5,j1,2)", "assign(r4,j8,2)", "at(r5,8,1)", "at(r4,1,2)", "at(r6,8,2)", "at(r4,2,3)", "at(r2,3,3)", "at(r2,4,4)", "at(r4,3,4)", "at(r4,2,5)", "at(r5,4,5)", "at(r2,3,5)", "at(r7,6,5)", "at(r4,1,6)", "at(r6,4,6)", "at(r7,5,6)", "at(r5,2,7)", "at(r7,4,7)", "at(r2,1,7)", "at(r6,3,7)", "at(r6,4,8)", "at(r7,5,8)", "at(r3,2,9)", "at(r4,1,9)", "at(r5,4,9)", "at(r7,6,9)", "at(r4,2,10)", "at(r3,4,11)", "at(r4,3,11)", "at(r4,4,12)", "at(r3,5,12)", "at(r5,8,13)", "at(r3,5,13)", "at(r4,4,13)", "at(r1,9,1)", "at(r1,9,2)", "at(r1,9,3)", "at(r1,9,4)", "at(r1,9,5)", "at(r1,9,6)", "at(r1,9,7)", "at(r1,9,8)", "at(r1,9,9)", "at(r1,9,10)", "at(r1,9,11)", "at(r1,9,12)", "at(r1,9,13)", "at(r2,1,1)", "at(r2,2,2)", "at(r2,2,6)", "at(r2,12,8)", "at(r2,12,9)", "at(r2,12,10)", "at(r2,12,11)", "at(r2,12,12)", "at(r2,12,13)", "at(r3,11,1)", "at(r3,11,2)", "at(r3,11,3)", "at(r3,11,4)", "at(r3,11,5)", "at(r3,11,6)", "at(r3,11,7)", "at(r3,1,8)", "at(r3,3,10)", "at(r4,12,1)", "at(r4,10,7)", "at(r4,10,8)", "at(r5,7,2)", "at(r5,6,3)", "at(r5,5,4)", "at(r5,3,6)", "at(r5,3,8)", "at(r5,5,10)", "at(r5,6,11)", "at(r5,7,12)", "at(r6,14,1)", "at(r6,7,3)", "at(r6,6,4)", "at(r6,5,5)", "at(r6,17,9)", "at(r6,17,10)", "at(r6,17,11)", "at(r6,17,12)", "at(r6,17,13)", "at(r7,15,1)", "at(r7,15,2)", "at(r7,8,3)", "at(r7,7,4)", "at(r7,7,10)", "at(r7,8,11)", "at(r7,8,12)", "at(r7,14,13)", "at(r8,16,1)", "at(r8,16,2)", "at(r8,16,3)", "at(r8,16,4)", "at(r8,16,5)", "at(r8,16,6)", "at(r8,16,7)", "at(r8,16,8)", "at(r8,16,9)", "at(r8,16,10)", "at(r8,16,11)", "at(r8,16,12)", "at(r8,16,13)"
          ],
          "Costs": [
            54
          ]
        },
        {
          "Value": [
            "at(r1,9,0)", "at(r2,10,0)", "at(r3,11,0)", "at(r4,12,0)", "at(r5,13,0)", "at(r6,14,0)", "at(r7,15,0)", "at(r8,16,0)", "assign(r5,j2,1)", "assign(r2,j3,1)", "assign(r6,j4,1)", "assign(r7,j5,1)", "assign(r3,j6,1)", "assign(r4,j7,1)", "assign(r5,j1,2)", "assign(r4,j8,2)", "at(r5,8,1)", "at(r4,1,2)", "at(r6,8,2)", "at(r4,2,3)", "at(r2,3,3)", "at(r2,4,4)", "at(r4,3,4)", "at(r4,2,5)", "at(r5,4,5)", "at(r2,3,5)", "at(r7,6,5)", "at(r4,1,6)", "at(r6,4,6)", "at(r7,5,6)", "at(r5,2,7)", "at(r7,4,7)", "at(r2,1,7)", "at(r6,3,7)", "at(r6,4,8)", "at(r7,5,8)", "at(r3,2,9)", "at(r4,1,9)", "at(r5,4,9)", "at(r7,6,9)", "at(r4,2,10)", "at(r3,4,11)", "at(r4,3,11)", "at(r4,4,12)", "at(r3,5,12)", "at(r5,8,13)", "at(r3,5,13)", "at(r4,4,13)", "at(r1,9,1)", "at(r1,9,2)", "at(r1,9,3)", "at(r1,9,4)", "at(r1,9,5)", "at(r1,9,6)", "at(r1,9,7)", "at(r1,9,8)", "at(r1,9,9)", "at(r1,9,10)", "at(r1,9,11)", "at(r1,9,12)", "at(r1,9,13)", "at(r2,1,1)", "at(r2,2,2)", "at(r2,2,6)", "at(r2,12,8)", "at(r2,12,9)", "at(r2,12,10)", "at(r2,12,11)", "at(r2,12,12)", "at(r2,12,13)", "at(r3,11,1)", "at(r3,11,2)", "at(r3,11,3)", "at(r3,11,4)", "at(r3,11,5)", "at(r3,11,6)", "at(r3,11,7)", "at(r3,1,8)", "at(r3,3,10)", "at(r4,12,1)", "at(r4,10,7)", "at(r4,10,8)", "at(r5,7,2)", "at(r5,6,3)", "at(r5,5,4)", "at(r5,3,6)", "at(r5,3,8)", "at(r5,5,10)", "at(r5,6,11)", "at(r5,7,12)", "at(r6,14,1)", "at(r6,7,3)", "at(r6,6,4)", "at(r6,5,5)", "at(r6,17,9)", "at(r6,17,10)", "at(r6,17,11)", "at(r6,17,12)", "at(r6,17,13)", "at(r7,15,1)", "at(r7,15,2)", "at(r7,8,3)", "at(r7,7,4)", "at(r7,7,10)", "at(r7,8,11)", "at(r7,8,12)", "at(r7,15,13)", "at(r8,16,1)", "at(r8,16,2)", "at(r8,16,3)", "at(r8,16,4)", "at(r8,16,5)", "at(r8,16,6)", "at(r8,16,7)", "at(r8,16,8)", "at(r8,16,9)", "at(r8,16,10)", "at(r8,16,11)", "at(r8,16,12)", "at(r8,16,13)"
          ],
          "Costs": [
            54
          ]
        },
        {
          "Value": [
            "at(r1,9,0)", "at(r2,10,0)", "at(r3,11,0)", "at(r4,12,0)", "at(r5,13,0)", "at(r6,14,0)", "at(r7,15,0)", "at(r8,16,0)", "assign(r5,j2,1)", "assign(r2,j3,1)", "assign(r6,j4,1)", "assign(r7,j5,1)", "assign(r3,j6,1)", "assign(r4,j7,1)", "assign(r5,j1,2)", "assign(r4,j8,2)", "at(r5,8,1)", "at(r4,1,2)", "at(r6,8,2)", "at(r4,2,3)", "at(r2,3,3)", "at(r2,4,4)", "at(r4,3,4)", "at(r4,2,5)", "at(r5,4,5)", "at(r2,3,5)", "at(r7,6,5)", "at(r4,1,6)", "at(r6,4,6)", "at(r7,5,6)", "at(r5,2,7)", "at(r7,4,7)", "at(r2,1,7)", "at(r6,3,7)", "at(r6,4,8)", "at(r7,5,8)", "at(r3,2,9)", "at(r4,1,9)", "at(r5,4,9)", "at(r7,6,9)", "at(r4,2,10)", "at(r3,4,11)", "at(r4,3,11)", "at(r4,4,12)", "at(r3,5,12)", "at(r5,8,13)", "at(r3,5,13)", "at(r4,4,13)", "at(r1,9,1)", "at(r1,9,2)", "at(r1,9,3)", "at(r1,9,4)", "at(r1,9,5)", "at(r1,9,6)", "at(r1,9,7)", "at(r1,9,8)", "at(r1,9,9)", "at(r1,9,10)", "at(r1,9,11)", "at(r1,9,12)", "at(r1,9,13)", "at(r2,1,1)", "at(r2,2,2)", "at(r2,2,6)", "at(r2,10,8)", "at(r2,10,9)", "at(r2,10,10)", "at(r2,10,11)", "at(r2,10,12)", "at(r2,10,13)", "at(r3,11,1)", "at(r3,11,2)", "at(r3,11,3)", "at(r3,11,4)", "at(r3,11,5)", "at(r3,11,6)", "at(r3,11,7)", "at(r3,1,8)", "at(r3,3,10)", "at(r4,12,1)", "at(r4,12,7)", "at(r4,12,8)", "at(r5,7,2)", "at(r5,6,3)", "at(r5,5,4)", "at(r5,3,6)", "at(r5,3,8)", "at(r5,5,10)", "at(r5,6,11)", "at(r5,7,12)", "at(r6,14,1)", "at(r6,7,3)", "at(r6,6,4)", "at(r6,5,5)", "at(r6,17,9)", "at(r6,17,10)", "at(r6,17,11)", "at(r6,17,12)", "at(r6,17,13)", "at(r7,15,1)", "at(r7,15,2)", "at(r7,8,3)", "at(r7,7,4)", "at(r7,7,10)", "at(r7,8,11)", "at(r7,8,12)", "at(r7,13,13)", "at(r8,16,1)", "at(r8,16,2)", "at(r8,16,3)", "at(r8,16,4)", "at(r8,16,5)", "at(r8,16,6)", "at(r8,16,7)", "at(r8,16,8)", "at(r8,16,9)", "at(r8,16,10)", "at(r8,16,11)", "at(r8,16,12)", "at(r8,16,13)"
          ],
          "Costs": [
            54
          ]
        },
        {
          "Value": [
            "at(r1,9,0)", "at(r2,10,0)", "at(r3,11,0)", "at(r4,12,0)", "at(r5,13,0)", "at(r6,14,0)", "at(r7,15,0)", "at(r8,16,0)", "assign(r5,j2,1)", "assign(r2,j3,1)", "assign(r6,j4,1)", "assign(r7,j5,1)", "assign(r3,j6,1)", "assign(r4,j7,1)", "assign(r5,j1,2)", "assign(r4,j8,2)", "at(r5,8,1)", "at(r4,1,2)", "at(r6,8,2)", "at(r4,2,3)", "at(r2,3,3)", "at(r2,4,4)", "at(r4,3,4)", "at(r4,2,5)", "at(r5,4,5)", "at(r2,3,5)", "at(r7,6,5)", "at(r4,1,6)", "at(r6,4,6)", "at(r7,5,6)", "at(r5,2,7)", "at(r7,4,7)", "at(r2,1,7)", "at(r6,3,7)", "at(r6,4,8)", "at(r7,5,8)", "at(r3,2,9)", "at(r4,1,9)", "at(r5,4,9)", "at(r7,6,9)", "at(r4,2,10)", "at(r3,4,11)", "at(r4,3,11)", "at(r4,4,12)", "at(r3,5,12)", "at(r5,8,13)", "at(r3,5,13)", "at(r4,4,13)", "at(r1,9,1)", "at(r1,9,2)", "at(r1,9,3)", "at(r1,9,4)", "at(r1,9,5)", "at(r1,9,6)", "at(r1,9,7)", "at(r1,9,8)", "at(r1,9,9)", "at(r1,9,10)", "at(r1,9,11)", "at(r1,9,12)", "at(r1,9,13)", "at(r2,1,1)", "at(r2,2,2)", "at(r2,2,6)", "at(r2,10,8)", "at(r2,10,9)", "at(r2,10,10)", "at(r2,10,11)", "at(r2,10,12)", "at(r2,10,13)", "at(r3,11,1)", "at(r3,11,2)", "at(r3,11,3)", "at(r3,11,4)", "at(r3,11,5)", "at(r3,11,6)", "at(r3,11,7)", "at(r3,1,8)", "at(r3,3,10)", "at(r4,12,1)", "at(r4,12,7)", "at(r4,12,8)", "at(r5,7,2)", "at(r5,6,3)", "at(r5,5,4)", "at(r5,3,6)", "at(r5,3,8)", "at(r5,5,10)", "at(r5,6,11)", "at(r5,7,12)", "at(r6,14,1)", "at(r6,7,3)", "at(r6,6,4)", "at(r6,5,5)", "at(r6,17,9)", "at(r6,17,10)", "at(r6,17,11)", "at(r6,17,12)", "at(r6,17,13)", "at(r7,15,1)", "at(r7,15,2)", "at(r7,8,3)", "at(r7,7,4)", "at(r7,7,10)", "at(r7,8,11)", "at(r7,8,12)", "at(r7,15,13)", "at(r8,16,1)", "at(r8,16,2)", "at(r8,16,3)", "at(r8,16,4)", "at(r8,16,5)", "at(r8,16,6)", "at(r8,16,7)", "at(r8,16,8)", "at(r8,16,9)", "at(r8,16,10)", "at(r8,16,11)", "at(r8,16,12)", "at(r8,16,13)"
          ],
          "Costs": [
            54
          ]
        },
        {
          "Value": [
            "at(r1,9,0)", "at(r2,10,0)", "at(r3,11,0)", "at(r4,12,0)", "at(r5,13,0)", "at(r6,14,0)", "at(r7,15,0)", "at(r8,16,0)", "assign(r5,j2,1)", "assign(r2,j3,1)", "assign(r6,j4,1)", "assign(r7,j5,1)", "assign(r3,j6,1)", "assign(r4,j7,1)", "assign(r5,j1,2)", "assign(r4,j8,2)", "at(r5,8,1)", "at(r4,1,2)", "at(r6,8,2)", "at(r4,2,3)", "at(r2,3,3)", "at(r2,4,4)", "at(r4,3,4)", "at(r4,2,5)", "at(r5,4,5)", "at(r2,3,5)", "at(r7,6,5)", "at(r4,1,6)", "at(r6,4,6)", "at(r7,5,6)", "at(r5,2,7)", "at(r7,4,7)", "at(r2,1,7)", "at(r6,3,7)", "at(r6,4,8)", "at(r7,5,8)", "at(r3,2,9)", "at(r4,1,9)", "at(r5,4,9)", "at(r7,6,9)", "at(r4,2,10)", "at(r7,6,10)", "at(r3,4,11)", "at(r4,3,11)", "at(r4,4,12)", "at(r3,5,12)", "at(r5,8,13)", "at(r3,5,13)", "at(r4,4,13)", "at(r1,9,1)", "at(r1,9,2)", "at(r1,9,3)", "at(r1,9,4)", "at(r1,9,5)", "at(r1,9,6)", "at(r1,9,7)", "at(r1,9,8)", "at(r1,9,9)", "at(r1,9,10)", "at(r1,9,11)", "at(r1,9,12)", "at(r1,9,13)", "at(r2,1,1)", "at(r2,2,2)", "at(r2,2,6)", "at(r2,10,8)", "at(r2,10,9)", "at(r2,10,10)", "at(r2,10,11)", "at(r2,10,12)", "at(r2,10,13)", "at(r3,11,1)", "at(r3,11,2)", "at(r3,11,3)", "at(r3,11,4)", "at(r3,11,5)", "at(r3,11,6)", "at(r3,11,7)", "at(r3,1,8)", "at(r3,3,10)", "at(r4,12,1)", "at(r4,12,7)", "at(r4,12,8)", "at(r5,7,2)", "at(r5,6,3)", "at(r5,5,4)", "at(r5,3,6)", "at(r5,3,8)", "at(r5,5,10)", "at(r5,6,11)", "at(r5,7,12)", "at(r6,14,1)", "at(r6,7,3)", "at(r6,6,4)", "at(r6,5,5)", "at(r6,17,9)", "at(r6,17,10)", "at(r6,17,11)", "at(r6,17,12)", "at(r6,17,13)", "at(r7,15,1)", "at(r7,15,2)", "at(r7,8,3)", "at(r7,7,4)", "at(r7,7,11)", "at(r7,8,12)", "at(r7,14,13)", "at(r8,16,1)", "at(r8,16,2)", "at(r8,16,3)", "at(r8,16,4)", "at(r8,16,5)", "at(r8,16,6)", "at(r8,16,7)", "at(r8,16,8)", "at(r8,16,9)", "at(r8,16,10)", "at(r8,16,11)", "at(r8,16,12)", "at(r8,16,13)"
          ],
          "Costs": [
            54
          ]
        },
        {
          "Value": [
            "at(r1,9,0)", "at(r2,10,0)", "at(r3,11,0)", "at(r4,12,0)", "at(r5,13,0)", "at(r6,14,0)", "at(r7,15,0)", "at(r8,16,0)", "assign(r5,j2,1)", "assign(r2,j3,1)", "assign(r6,j4,1)", "assign(r7,j5,1)", "assign(r3,j6,1)", "assign(r4,j7,1)", "assign(r5,j1,2)", "assign(r4,j8,2)", "at(r5,8,1)", "at(r4,1,2)", "at(r6,8,2)", "at(r4,2,3)", "at(r2,3,3)", "at(r2,4,4)", "at(r4,3,4)", "at(r4,2,5)", "at(r5,4,5)", "at(r2,3,5)", "at(r7,6,5)", "at(r4,1,6)", "at(r6,4,6)", "at(r7,5,6)", "at(r5,2,7)", "at(r7,4,7)", "at(r2,1,7)", "at(r6,3,7)", "at(r6,4,8)", "at(r7,5,8)", "at(r3,2,9)", "at(r4,1,9)", "at(r5,4,9)", "at(r7,6,9)", "at(r4,2,10)", "at(r7,6,10)", "at(r3,4,11)", "at(r4,3,11)", "at(r4,4,12)", "at(r3,5,12)", "at(r5,8,13)", "at(r3,5,13)", "at(r4,4,13)", "at(r1,9,1)", "at(r1,9,2)", "at(r1,9,3)", "at(r1,9,4)", "at(r1,9,5)", "at(r1,9,6)", "at(r1,9,7)", "at(r1,9,8)", "at(r1,9,9)", "at(r1,9,10)", "at(r1,9,11)", "at(r1,9,12)", "at(r1,9,13)", "at(r2,1,1)", "at(r2,2,2)", "at(r2,2,6)", "at(r2,10,8)", "at(r2,10,9)", "at(r2,10,10)", "at(r2,10,11)", "at(r2,10,12)", "at(r2,10,13)", "at(r3,11,1)", "at(r3,11,2)", "at(r3,11,3)", "at(r3,11,4)", "at(r3,11,5)", "at(r3,11,6)", "at(r3,11,7)", "at(r3,1,8)", "at(r3,3,10)", "at(r4,12,1)", "at(r4,12,7)", "at(r4,12,8)", "at(r5,7,2)", "at(r5,6,3)", "at(r5,5,4)", "at(r5,3,6)", "at(r5,3,8)", "at(r5,5,10)", "at(r5,6,11)", "at(r5,7,12)", "at(r6,14,1)", "at(r6,7,3)", "at(r6,6,4)", "at(r6,5,5)", "at(r6,17,9)", "at(r6,17,10)", "at(r6,17,11)", "at(r6,17,12)", "at(r6,17,13)", "at(r7,15,1)", "at(r7,15,2)", "at(r7,8,3)", "at(r7,7,4)", "at(r7,7,11)", "at(r7,8,12)", "at(r7,15,13)", "at(r8,16,1)", "at(r8,16,2)", "at(r8,16,3)", "at(r8,16,4)", "at(r8,16,5)", "at(r8,16,6)", "at(r8,16,7)", "at(r8,16,8)", "at(r8,16,9)", "at(r8,16,10)", "at(r8,16,11)", "at(r8,16,12)", "at(r8,16,13)"
          ],
          "Costs": [
            54
          ]
        },
        {
          "Value": [
            "at(r1,9,0)", "at(r2,10,0)", "at(r3,11,0)", "at(r4,12,0)", "at(r5,13,0)", "at(r6,14,0)", "at(r7,15,0)", "at(r8,16,0)", "assign(r5,j2,1)", "assign(r2,j3,1)", "assign(r6,j4,1)", "assign(r7,j5,1)", "assign(r3,j6,1)", "assign(r4,j7,1)", "assign(r5,j1,2)", "assign(r4,j8,2)", "at(r5,8,1)", "at(r4,1,2)", "at(r6,8,2)", "at(r4,2,3)", "at(r2,3,3)", "at(r2,4,4)", "at(r4,3,4)", "at(r4,2,5)", "at(r5,4,5)", "at(r2,3,5)", "at(r7,6,5)", "at(r4,1,6)", "at(r6,4,6)", "at(r7,5,6)", "at(r5,2,7)", "at(r7,4,7)", "at(r2,1,7)", "at(r6,3,7)", "at(r6,4,8)", "at(r7,5,8)", "at(r3,2,9)", "at(r4,1,9)", "at(r5,4,9)", "at(r7,6,9)", "at(r4,2,10)", "at(r3,4,11)", "at(r4,3,11)", "at(r4,4,12)", "at(r3,5,12)", "at(r5,8,13)", "at(r3,5,13)", "at(r4,4,13)", "at(r1,9,1)", "at(r1,9,2)", "at(r1,9,3)", "at(r1,9,4)", "at(r1,9,5)", "at(r1,9,6)", "at(r1,9,7)", "at(r1,9,8)", "at(r1,9,9)", "at(r1,9,10)", "at(r1,9,11)", "at(r1,9,12)", "at(r1,9,13)", "at(r2,1,1)", "at(r2,2,2)", "at(r2,2,6)", "at(r2,10,8)", "at(r2,10,9)", "at(r2,10,10)", "at(r2,10,11)", "at(r2,10,12)", "at(r2,10,13)", "at(r3,11,1)", "at(r3,11,2)", "at(r3,11,3)", "at(r3,11,4)", "at(r3,11,5)", "at(r3,11,6)", "at(r3,11,7)", "at(r3,1,8)", "at(r3,3,10)", "at(r4,12,1)", "at(r4,12,7)", "at(r4,12,8)", "at(r5,7,2)", "at(r5,6,3)", "at(r5,5,4)", "at(r5,3,6)", "at(r5,3,8)", "at(r5,5,10)", "at(r5,6,11)", "at(r5,7,12)", "at(r6,14,1)", "at(r6,7,3)", "at(r6,6,4)", "at(r6,5,5)", "at(r6,17,9)", "at(r6,17,10)", "at(r6,17,11)", "at(r6,17,12)", "at(r6,17,13)", "at(r7,15,1)", "at(r7,15,2)", "at(r7,8,3)", "at(r7,7,4)", "at(r7,7,10)", "at(r7,8,11)", "at(r7,8,12)", "at(r7,14,13)", "at(r8,16,1)", "at(r8,16,2)", "at(r8,16,3)", "at(r8,16,4)", "at(r8,16,5)", "at(r8,16,6)", "at(r8,16,7)", "at(r8,16,8)", "at(r8,16,9)", "at(r8,16,10)", "at(r8,16,11)", "at(r8,16,12)", "at(r8,16,13)"
          ],
          "Costs": [
            54
          ]
        },
        {
          "Value": [
            "at(r1,9,0)", "at(r2,10,0)", "at(r3,11,0)", "at(r4,12,0)", "at(r5,13,0)", "at(r6,14,0)", "at(r7,15,0)", "at(r8,16,0)", "assign(r5,j2,1)", "assign(r2,j3,1)", "assign(r6,j4,1)", "assign(r7,j5,1)", "assign(r3,j6,1)", "assign(r4,j7,1)", "assign(r5,j1,2)", "assign(r4,j8,2)", "at(r5,8,1)", "at(r4,1,2)", "at(r6,8,2)", "at(r4,2,3)", "at(r2,3,3)", "at(r2,4,4)", "at(r4,3,4)", "at(r4,2,5)", "at(r5,4,5)", "at(r2,3,5)", "at(r7,6,5)", "at(r4,1,6)", "at(r6,4,6)", "at(r7,5,6)", "at(r5,2,7)", "at(r7,4,7)", "at(r2,1,7)", "at(r6,3,7)", "at(r6,4,8)", "at(r7,5,8)", "at(r3,2,9)", "at(r4,1,9)", "at(r5,4,9)", "at(r7,6,9)", "at(r4,2,10)", "at(r7,6,10)", "at(r3,4,11)", "at(r4,3,11)", "at(r4,4,12)", "at(r3,5,12)", "at(r5,8,13)", "at(r3,5,13)", "at(r4,4,13)", "at(r1,9,1)", "at(r1,9,2)", "at(r1,9,3)", "at(r1,9,4)", "at(r1,9,5)", "at(r1,9,6)", "at(r1,9,7)", "at(r1,9,8)", "at(r1,9,9)", "at(r1,9,10)", "at(r1,9,11)", "at(r1,9,12)", "at(r1,9,13)", "at(r2,1,1)", "at(r2,2,2)", "at(r2,2,6)", "at(r2,10,8)", "at(r2,10,9)", "at(r2,10,10)", "at(r2,10,11)", "at(r2,10,12)", "at(r2,10,13)", "at(r3,11,1)", "at(r3,11,2)", "at(r3,11,3)", "at(r3,11,4)", "at(r3,11,5)", "at(r3,11,6)", "at(r3,11,7)", "at(r3,1,8)", "at(r3,3,10)", "at(r4,12,1)", "at(r4,12,7)", "at(r4,12,8)", "at(r5,7,2)", "at(r5,6,3)", "at(r5,5,4)", "at(r5,3,6)", "at(r5,3,8)", "at(r5,5,10)", "at(r5,6,11)", "at(r5,7,12)", "at(r6,14,1)", "at(r6,7,3)", "at(r6,6,4)", "at(r6,5,5)", "at(r6,17,9)", "at(r6,17,10)", "at(r6,17,11)", "at(r6,17,12)", "at(r6,17,13)", "at(r7,15,1)", "at(r7,15,2)", "at(r7,8,3)", "at(r7,7,4)", "at(r7,7,11)", "at(r7,8,12)", "at(r7,13,13)", "at(r8,16,1)", "at(r8,16,2)", "at(r8,16,3)", "at(r8,16,4)", "at(r8,16,5)", "at(r8,16,6)", "at(r8,16,7)", "at(r8,16,8)", "at(r8,16,9)", "at(r8,16,10)", "at(r8,16,11)", "at(r8,16,12)", "at(r8,16,13)"
          ],
          "Costs": [
            54
          ]
        },
        {
          "Value": [
            "at(r1,9,0)", "at(r2,10,0)", "at(r3,11,0)", "at(r4,12,0)", "at(r5,13,0)", "at(r6,14,0)", "at(r7,15,0)", "at(r8,16,0)", "assign(r5,j2,1)", "assign(r2,j3,1)", "assign(r6,j4,1)", "assign(r7,j5,1)", "assign(r3,j6,1)", "assign(r4,j7,1)", "assign(r5,j1,2)", "assign(r4,j8,2)", "at(r5,8,1)", "at(r4,1,2)", "at(r6,8,2)", "at(r4,2,3)", "at(r2,3,3)", "at(r2,4,4)", "at(r4,3,4)", "at(r4,2,5)", "at(r5,4,5)", "at(r2,3,5)", "at(r7,6,5)", "at(r4,1,6)", "at(r6,4,6)", "at(r7,5,6)", "at(r5,2,7)", "at(r7,4,7)", "at(r2,1,7)", "at(r6,3,7)", "at(r6,4,8)", "at(r7,5,8)", "at(r3,2,9)", "at(r4,1,9)", "at(r5,4,9)", "at(r7,6,9)", "at(r4,2,10)", "at(r3,4,11)", "at(r4,3,11)", "at(r4,4,12)", "at(r3,5,12)", "at(r5,8,13)", "at(r3,5,13)", "at(r4,4,13)", "at(r1,9,1)", "at(r1,9,2)", "at(r1,9,3)", "at(r1,9,4)", "at(r1,9,5)", "at(r1,9,6)", "at(r1,9,7)", "at(r1,9,8)", "at(r1,9,9)", "at(r1,9,10)", "at(r1,9,11)", "at(r1,9,12)", "at(r1,9,13)", "at(r2,1,1)", "at(r2,2,2)", "at(r2,2,6)", "at(r2,12,8)", "at(r2,12,9)", "at(r2,12,10)", "at(r2,12,11)", "at(r2,12,12)", "at(r2,12,13)", "at(r3,11,1)", "at(r3,11,2)", "at(r3,11,3)", "at(r3,11,4)", "at(r3,11,5)", "at(r3,11,6)", "at(r3,11,7)", "at(r3,1,8)", "at(r3,3,10)", "at(r4,12,1)", "at(r4,10,7)", "at(r4,10,8)", "at(r5,7,2)", "at(r5,6,3)", "at(r5,5,4)", "at(r5,3,6)", "at(r5,3,8)", "at(r5,5,10)", "at(r5,6,11)", "at(r5,7,12)", "at(r6,14,1)", "at(r6,7,3)", "at(r6,6,4)", "at(r6,5,5)", "at(r6,17,9)", "at(r6,17,10)", "at(r6,17,11)", "at(r6,17,12)", "at(r6,17,13)", "at(r7,15,1)", "at(r7,15,2)", "at(r7,8,3)", "at(r7,7,4)", "at(r7,7,10)", "at(r7,8,11)", "at(r7,15,12)", "at(r7,15,13)", "at(r8,16,1)", "at(r8,16,2)", "at(r8,16,3)", "at(r8,16,4)", "at(r8,16,5)", "at(r8,16,6)", "at(r8,16,7)", "at(r8,16,8)", "at(r8,16,9)", "at(r8,16,10)", "at(r8,16,11)", "at(r8,16,12)", "at(r8,16,13)"
          ],
          "Costs": [
            54
          ]
        },
        {
          "Value": [
            "at(r1,9,0)", "at(r2,10,0)", "at(r3,11,0)", "at(r4,12,0)", "at(r5,13,0)", "at(r6,14,0)", "at(r7,15,0)", "at(r8,16,0)", "assign(r5,j2,1)", "assign(r2,j3,1)", "assign(r6,j4,1)", "assign(r7,j5,1)", "assign(r3,j6,1)", "assign(r4,j7,1)", "assign(r5,j1,2)", "assign(r4,j8,2)", "at(r5,8,1)", "at(r4,1,2)", "at(r6,8,2)", "at(r4,2,3)", "at(r2,3,3)", "at(r2,4,4)", "at(r4,3,4)", "at(r4,2,5)", "at(r5,4,5)", "at(r2,3,5)", "at(r7,6,5)", "at(r4,1,6)", "at(r6,4,6)", "at(r7,5,6)", "at(r5,2,7)", "at(r7,4,7)", "at(r2,1,7)", "at(r6,3,7)", "at(r6,4,8)", "at(r7,5,8)", "at(r3,2,9)", "at(r4,1,9)", "at(r5,4,9)", "at(r7,6,9)", "at(r4,2,10)", "at(r3,4,11)", "at(r4,3,11)", "at(r4,4,12)", "at(r3,5,12)", "at(r5,8,13)", "at(r3,5,13)", "at(r4,4,13)", "at(r1,9,1)", "at(r1,9,2)", "at(r1,9,3)", "at(r1,9,4)", "at(r1,9,5)", "at(r1,9,6)", "at(r1,9,7)", "at(r1,9,8)", "at(r1,9,9)", "at(r1,9,10)", "at(r1,9,11)", "at(r1,9,12)", "at(r1,9,13)", "at(r2,1,1)", "at(r2,2,2)", "at(r2,2,6)", "at(r2,10,8)", "at(r2,10,9)", "at(r2,10,10)", "at(r2,10,11)", "at(r2,10,12)", "at(r2,10,13)", "at(r3,11,1)", "at(r3,11,2)", "at(r3,11,3)", "at(r3,11,4)", "at(r3,11,5)", "at(r3,11,6)", "at(r3,11,7)", "at(r3,1,8)", "at(r3,3,10)", "at(r4,12,1)", "at(r4,12,7)", "at(r4,12,8)", "at(r5,7,2)", "at(r5,6,3)", "at(r5,5,4)", "at(r5,3,6)", "at(r5,3,8)", "at(r5,5,10)", "at(r5,6,11)", "at(r5,7,12)", "at(r6,14,1)", "at(r6,7,3)", "at(r6,6,4)", "at(r6,5,5)", "at(r6,17,9)", "at(r6,17,10)", "at(r6,17,11)", "at(r6,17,12)", "at(r6,17,13)", "at(r7,15,1)", "at(r7,15,2)", "at(r7,8,3)", "at(r7,7,4)", "at(r7,7,10)", "at(r7,8,11)", "at(r7,15,12)", "at(r7,15,13)", "at(r8,16,1)", "at(r8,16,2)", "at(r8,16,3)", "at(r8,16,4)", "at(r8,16,5)", "at(r8,16,6)", "at(r8,16,7)", "at(r8,16,8)", "at(r8,16,9)", "at(r8,16,10)", "at(r8,16,11)", "at(r8,16,12)", "at(r8,16,13)"
          ],
          "Costs": [
            54
          ]
        },
        {
          "Value": [
            "at(r1,9,0)", "at(r2,10,0)", "at(r3,11,0)", "at(r4,12,0)", "at(r5,13,0)", "at(r6,14,0)", "at(r7,15,0)", "at(r8,16,0)", "assign(r5,j2,1)", "assign(r2,j3,1)", "assign(r6,j4,1)", "assign(r7,j5,1)", "assign(r3,j6,1)", "assign(r4,j7,1)", "assign(r5,j1,2)", "assign(r4,j8,2)", "at(r5,8,1)", "at(r4,1,2)", "at(r6,8,2)", "at(r4,2,3)", "at(r2,3,3)", "at(r2,4,4)", "at(r4,3,4)", "at(r4,2,5)", "at(r5,4,5)", "at(r2,3,5)", "at(r7,6,5)", "at(r4,1,6)", "at(r6,4,6)", "at(r7,5,6)", "at(r5,2,7)", "at(r7,4,7)", "at(r2,1,7)", "at(r6,3,7)", "at(r6,4,8)", "at(r7,5,8)", "at(r3,2,9)", "at(r4,1,9)", "at(r5,4,9)", "at(r7,6,9)", "at(r4,2,10)", "at(r7,6,10)", "at(r3,4,11)", "at(r4,3,11)", "at(r4,4,12)", "at(r3,5,12)", "at(r5,8,13)", "at(r3,5,13)", "at(r4,4,13)", "at(r1,9,1)", "at(r1,9,2)", "at(r1,9,3)", "at(r1,9,4)", "at(r1,9,5)", "at(r1,9,6)", "at(r1,9,7)", "at(r1,9,8)", "at(r1,9,9)", "at(r1,9,10)", "at(r1,9,11)", "at(r1,9,12)", "at(r1,9,13)", "at(r2,1,1)", "at(r2,2,2)", "at(r2,2,6)", "at(r2,12,8)", "at(r2,12,9)", "at(r2,12,10)", "at(r2,12,11)", "at(r2,12,12)", "at(r2,12,13)", "at(r3,11,1)", "at(r3,11,2)", "at(r3,11,3)", "at(r3,11,4)", "at(r3,11,5)", "at(r3,11,6)", "at(r3,11,7)", "at(r3,1,8)", "at(r3,3,10)", "at(r4,12,1)", "at(r4,10,7)", "at(r4,10,8)", "at(r5,7,2)", "at(r5,6,3)", "at(r5,5,4)", "at(r5,3,6)", "at(r5,3,8)", "at(r5,5,10)", "at(r5,6,11)", "at(r5,7,12)", "at(r6,14,1)", "at(r6,7,3)", "at(r6,6,4)", "at(r6,5,5)", "at(r6,17,9)", "at(r6,17,10)", "at(r6,17,11)", "at(r6,17,12)", "at(r6,17,13)", "at(r7,15,1)", "at(r7,15,2)", "at(r7,8,3)", "at(r7,7,4)", "at(r7,7,11)", "at(r7,8,12)", "at(r7,14,13)", "at(r8,16,1)", "at(r8,16,2)", "at(r8,16,3)", "at(r8,16,4)", "at(r8,16,5)", "at(r8,16,6)", "at(r8,16,7)", "at(r8,16,8)", "at(r8,16,9)", "at(r8,16,10)", "at(r8,16,11)", "at(r8,16,12)", "at(r8,16,13)"
          ],
          "Costs": [
            54
          ]
        },
        {
          "Value": [
            "at(r1,9,0)", "at(r2,10,0)", "at(r3,11,0)", "at(r4,12,0)", "at(r5,13,0)", "at(r6,14,0)", "at(r7,15,0)", "at(r8,16,0)", "assign(r5,j2,1)", "assign(r2,j3,1)", "assign(r6,j4,1)", "assign(r7,j5,1)", "assign(r3,j6,1)", "assign(r4,j7,1)", "assign(r5,j1,2)", "assign(r4,j8,2)", "at(r5,8,1)", "at(r4,1,2)", "at(r6,8,2)", "at(r4,2,3)", "at(r2,3,3)", "at(r2,4,4)", "at(r4,3,4)", "at(r4,2,5)", "at(r5,4,5)", "at(r2,3,5)", "at(r7,6,5)", "at(r4,1,6)", "at(r6,4,6)", "at(r7,5,6)", "at(r5,2,7)", "at(r7,4,7)", "at(r2,1,7)", "at(r6,3,7)", "at(r6,4,8)", "at(r7,5,8)", "at(r3,2,9)", "at(r4,1,9)", "at(r5,4,9)", "at(r7,6,9)", "at(r4,2,10)", "at(r7,6,10)", "at(r3,4,11)", "at(r4,3,11)", "at(r4,4,12)", "at(r3,5,12)", "at(r5,8,13)", "at(r3,5,13)", "at(r4,4,13)", "at(r1,9,1)", "at(r1,9,2)", "at(r1,9,3)", "at(r1,9,4)", "at(r1,9,5)", "at(r1,9,6)", "at(r1,9,7)", "at(r1,9,8)", "at(r1,9,9)", "at(r1,9,10)", "at(r1,9,11)", "at(r1,9,12)", "at(r1,9,13)", "at(r2,1,1)", "at(r2,2,2)", "at(r2,2,6)", "at(r2,12,8)", "at(r2,12,9)", "at(r2,12,10)", "at(r2,12,11)", "at(r2,12,12)", "at(r2,12,13)", "at(r3,11,1)", "at(r3,11,2)", "at(r3,11,3)", "at(r3,11,4)", "at(r3,11,5)", "at(r3,11,6)", "at(r3,11,7)", "at(r3,1,8)", "at(r3,3,10)", "at(r4,12,1)", "at(r4,10,7)", "at(r4,10,8)", "at(r5,7,2)", "at(r5,6,3)", "at(r5,5,4)", "at(r5,3,6)", "at(r5,3,8)", "at(r5,5,10)", "at(r5,6,11)", "at(r5,7,12)", "at(r6,14,1)", "at(r6,7,3)", "at(r6,6,4)", "at(r6,5,5)", "at(r6,17,9)", "at(r6,17,10)", "at(r6,17,11)", "at(r6,17,12)", "at(r6,17,13)", "at(r7,15,1)", "at(r7,15,2)", "at(r7,8,3)", "at(r7,7,4)", "at(r7,7,11)", "at(r7,8,12)", "at(r7,15,13)", "at(r8,16,1)", "at(r8,16,2)", "at(r8,16,3)", "at(r8,16,4)", "at(r8,16,5)", "at(r8,16,6)", "at(r8,16,7)", "at(r8,16,8)", "at(r8,16,9)", "at(r8,16,10)", "at(r8,16,11)", "at(r8,16,12)", "at(r8,16,13)"
          ],
          "Costs": [
            54
          ]
        },
        {
          "Value": [
            "at(r1,9,0)", "at(r2,10,0)", "at(r3,11,0)", "at(r4,12,0)", "at(r5,13,0)", "at(r6,14,0)", "at(r7,15,0)", "at(r8,16,0)", "assign(r5,j2,1)", "assign(r2,j3,1)", "assign(r6,j4,1)", "assign(r7,j5,1)", "assign(r3,j6,1)", "assign(r4,j7,1)", "assign(r5,j1,2)", "assign(r4,j8,2)", "at(r5,8,1)", "at(r4,1,2)", "at(r6,8,2)", "at(r4,2,3)", "at(r2,3,3)", "at(r2,4,4)", "at(r4,3,4)", "at(r4,2,5)", "at(r5,4,5)", "at(r2,3,5)", "at(r7,6,5)", "at(r4,1,6)", "at(r6,4,6)", "at(r7,5,6)", "at(r5,2,7)", "at(r7,4,7)", "at(r2,1,7)", "at(r6,3,7)", "at(r6,4,8)", "at(r7,5,8)", "at(r3,2,9)", "at(r4,1,9)", "at(r5,4,9)", "at(r7,6,9)", "at(r4,2,10)", "at(r3,4,11)", "at(r4,3,11)", "at(r4,4,12)", "at(r3,5,12)", "at(r5,8,13)", "at(r3,5,13)", "at(r4,4,13)", "at(r1,9,1)", "at(r1,9,2)", "at(r1,9,3)", "at(r1,9,4)", "at(r1,9,5)", "at(r1,9,6)", "at(r1,9,7)", "at(r1,9,8)", "at(r1,9,9)", "at(r1,9,10)", "at(r1,9,11)", "at(r1,9,12)", "at(r1,9,13)", "at(r2,1,1)", "at(r2,2,2)", "at(r2,2,6)", "at(r2,12,8)", "at(r2,12,9)", "at(r2,12,10)", "at(r2,12,11)", "at(r2,12,12)", "at(r2,12,13)", "at(r3,11,1)", "at(r3,11,2)", "at(r3,11,3)", "at(r3,11,4)", "at(r3,11,5)", "at(r3,11,6)", "at(r3,11,7)", "at(r3,1,8)", "at(r3,3,10)", "at(r4,12,1)", "at(r4,10,7)", "at(r4,10,8)", "at(r5,7,2)", "at(r5,6,3)", "at(r5,5,4)", "at(r5,3,6)", "at(r5,3,8)", "at(r5,5,10)", "at(r5,6,11)", "at(r5,7,12)", "at(r6,14,1)", "at(r6,7,3)", "at(r6,6,4)", "at(r6,5,5)", "at(r6,17,9)", "at(r6,17,10)", "at(r6,17,11)", "at(r6,17,12)", "at(r6,17,13)", "at(r7,15,1)", "at(r7,15,2)", "at(r7,8,3)", "at(r7,7,4)", "at(r7,7,10)", "at(r7,8,11)", "at(r7,14,12)", "at(r7,14,13)", "at(r8,16,1)", "at(r8,16,2)", "at(r8,16,3)", "at(r8,16,4)", "at(r8,16,5)", "at(r8,16,6)", "at(r8,16,7)", "at(r8,16,8)", "at(r8,16,9)", "at(r8,16,10)", "at(r8,16,11)", "at(r8,16,12)", "at(r8,16,13)"
          ],
          "Costs": [
            54
          ]
        },
        {
          "Value": [
            "at(r1,9,0)", "at(r2,10,0)", "at(r3,11,0)", "at(r4,12,0)", "at(r5,13,0)", "at(r6,14,0)", "at(r7,15,0)", "at(r8,16,0)", "assign(r5,j2,1)", "assign(r2,j3,1)", "assign(r6,j4,1)", "assign(r7,j5,1)", "assign(r3,j6,1)", "assign(r4,j7,1)", "assign(r5,j1,2)", "assign(r4,j8,2)", "at(r5,8,1)", "at(r4,1,2)", "at(r6,8,2)", "at(r4,2,3)", "at(r2,3,3)", "at(r2,4,4)", "at(r4,3,4)", "at(r4,2,5)", "at(r5,4,5)", "at(r2,3,5)", "at(r7,6,5)", "at(r4,1,6)", "at(r6,4,6)", "at(r7,5,6)", "at(r5,2,7)", "at(r7,4,7)", "at(r2,1,7)", "at(r6,3,7)", "at(r6,4,8)", "at(r7,5,8)", "at(r3,2,9)", "at(r4,1,9)", "at(r5,4,9)", "at(r7,6,9)", "at(r4,2,10)", "at(r3,4,11)", "at(r4,3,11)", "at(r4,4,12)", "at(r3,5,12)", "at(r5,8,13)", "at(r3,5,13)", "at(r4,4,13)", "at(r1,9,1)", "at(r1,9,2)", "at(r1,9,3)", "at(r1,9,4)", "at(r1,9,5)", "at(r1,9,6)", "at(r1,9,7)", "at(r1,9,8)", "at(r1,9,9)", "at(r1,9,10)", "at(r1,9,11)", "at(r1,9,12)", "at(r1,9,13)", "at(r2,1,1)", "at(r2,2,2)", "at(r2,2,6)", "at(r2,10,8)", "at(r2,10,9)", "at(r2,10,10)", "at(r2,10,11)", "at(r2,10,12)", "at(r2,10,13)", "at(r3,11,1)", "at(r3,11,2)", "at(r3,11,3)", "at(r3,11,4)", "at(r3,11,5)", "at(r3,11,6)", "at(r3,11,7)", "at(r3,1,8)", "at(r3,3,10)", "at(r4,12,1)", "at(r4,12,7)", "at(r4,12,8)", "at(r5,7,2)", "at(r5,6,3)", "at(r5,5,4)", "at(r5,3,6)", "at(r5,3,8)", "at(r5,5,10)", "at(r5,6,11)", "at(r5,7,12)", "at(r6,14,1)", "at(r6,7,3)", "at(r6,6,4)", "at(r6,5,5)", "at(r6,17,9)", "at(r6,17,10)", "at(r6,17,11)", "at(r6,17,12)", "at(r6,17,13)", "at(r7,15,1)", "at(r7,15,2)", "at(r7,8,3)", "at(r7,7,4)", "at(r7,7,10)", "at(r7,8,11)", "at(r7,14,12)", "at(r7,14,13)", "at(r8,16,1)", "at(r8,16,2)", "at(r8,16,3)", "at(r8,16,4)", "at(r8,16,5)", "at(r8,16,6)", "at(r8,16,7)", "at(r8,16,8)", "at(r8,16,9)", "at(r8,16,10)", "at(r8,16,11)", "at(r8,16,12)", "at(r8,16,13)"
          ],
          "Costs": [
            54
          ]
        },
        {
          "Value": [
            "at(r1,9,0)", "at(r2,10,0)", "at(r3,11,0)", "at(r4,12,0)", "at(r5,13,0)", "at(r6,14,0)", "at(r7,15,0)", "at(r8,16,0)", "assign(r5,j2,1)", "assign(r2,j3,1)", "assign(r6,j4,1)", "assign(r7,j5,1)", "assign(r3,j6,1)", "assign(r4,j7,1)", "assign(r5,j1,2)", "assign(r4,j8,2)", "at(r5,8,1)", "at(r4,1,2)", "at(r6,8,2)", "at(r4,2,3)", "at(r2,3,3)", "at(r2,4,4)", "at(r4,3,4)", "at(r4,2,5)", "at(r5,4,5)", "at(r2,3,5)", "at(r7,6,5)", "at(r4,1,6)", "at(r6,4,6)", "at(r7,5,6)", "at(r5,2,7)", "at(r7,4,7)", "at(r2,1,7)", "at(r6,3,7)", "at(r6,4,8)", "at(r7,5,8)", "at(r3,2,9)", "at(r4,1,9)", "at(r5,4,9)", "at(r7,6,9)", "at(r4,2,10)", "at(r7,6,10)", "at(r3,4,11)", "at(r4,3,11)", "at(r4,4,12)", "at(r3,5,12)", "at(r5,8,13)", "at(r3,5,13)", "at(r4,4,13)", "at(r1,9,1)", "at(r1,9,2)", "at(r1,9,3)", "at(r1,9,4)", "at(r1,9,5)", "at(r1,9,6)", "at(r1,9,7)", "at(r1,9,8)", "at(r1,9,9)", "at(r1,9,10)", "at(r1,9,11)", "at(r1,9,12)", "at(r1,9,13)", "at(r2,1,1)", "at(r2,2,2)", "at(r2,2,6)", "at(r2,12,8)", "at(r2,12,9)", "at(r2,12,10)", "at(r2,12,11)", "at(r2,12,12)", "at(r2,12,13)", "at(r3,11,1)", "at(r3,11,2)", "at(r3,11,3)", "at(r3,11,4)", "at(r3,11,5)", "at(r3,11,6)", "at(r3,11,7)", "at(r3,1,8)", "at(r3,3,10)", "at(r4,12,1)", "at(r4,10,7)", "at(r4,10,8)", "at(r5,7,2)", "at(r5,6,3)", "at(r5,5,4)", "at(r5,3,6)", "at(r5,3,8)", "at(r5,5,10)", "at(r5,6,11)", "at(r5,7,12)", "at(r6,14,1)", "at(r6,7,3)", "at(r6,6,4)", "at(r6,5,5)", "at(r6,17,9)", "at(r6,17,10)", "at(r6,17,11)", "at(r6,17,12)", "at(r6,17,13)", "at(r7,15,1)", "at(r7,15,2)", "at(r7,8,3)", "at(r7,7,4)", "at(r7,7,11)", "at(r7,8,12)", "at(r7,13,13)", "at(r8,16,1)", "at(r8,16,2)", "at(r8,16,3)", "at(r8,16,4)", "at(r8,16,5)", "at(r8,16,6)", "at(r8,16,7)", "at(r8,16,8)", "at(r8,16,9)", "at(r8,16,10)", "at(r8,16,11)", "at(r8,16,12)", "at(r8,16,13)"
          ],
          "Costs": [
            54
          ]
        },
        {
          "Value": [
            "at(r1,9,0)", "at(r2,10,0)", "at(r3,11,0)", "at(r4,12,0)", "at(r5,13,0)", "at(r6,14,0)", "at(r7,15,0)", "at(r8,16,0)", "assign(r5,j2,1)", "assign(r2,j3,1)", "assign(r6,j4,1)", "assign(r7,j5,1)", "assign(r3,j6,1)", "assign(r4,j7,1)", "assign(r5,j1,2)", "assign(r4,j8,2)", "at(r5,8,1)", "at(r4,1,2)", "at(r6,8,2)", "at(r4,2,3)", "at(r2,3,3)", "at(r2,4,4)", "at(r4,3,4)", "at(r4,2,5)", "at(r5,4,5)", "at(r2,3,5)", "at(r7,6,5)", "at(r4,1,6)", "at(r6,4,6)", "at(r7,5,6)", "at(r5,2,7)", "at(r7,4,7)", "at(r2,1,7)", "at(r6,3,7)", "at(r6,4,8)", "at(r7,5,8)", "at(r3,2,9)", "at(r4,1,9)", "at(r5,4,9)", "at(r7,6,9)", "at(r4,2,10)", "at(r3,4,11)", "at(r4,3,11)", "at(r4,4,12)", "at(r3,5,12)", "at(r5,8,13)", "at(r3,5,13)", "at(r4,4,13)", "at(r1,9,1)", "at(r1,9,2)", "at(r1,9,3)", "at(r1,9,4)", "at(r1,9,5)", "at(r1,9,6)", "at(r1,9,7)", "at(r1,9,8)", "at(r1,9,9)", "at(r1,9,10)", "at(r1,9,11)", "at(r1,9,12)", "at(r1,9,13)", "at(r2,1,1)", "at(r2,2,2)", "at(r2,2,6)", "at(r2,12,8)", "at(r2,12,9)", "at(r2,12,10)", "at(r2,12,11)", "at(r2,12,12)", "at(r2,12,13)", "at(r3,11,1)", "at(r3,11,2)", "at(r3,11,3)", "at(r3,11,4)", "at(r3,11,5)", "at(r3,11,6)", "at(r3,11,7)", "at(r3,1,8)", "at(r3,3,10)", "at(r4,12,1)", "at(r4,10,7)", "at(r4,10,8)", "at(r5,7,2)", "at(r5,6,3)", "at(r5,5,4)", "at(r5,3,6)", "at(r5,3,8)", "at(r5,5,10)", "at(r5,6,11)", "at(r5,7,12)", "at(r6,14,1)", "at(r6,7,3)", "at(r6,6,4)", "at(r6,5,5)", "at(r6,17,9)", "at(r6,17,10)", "at(r6,17,11)", "at(r6,17,12)", "at(r6,17,13)", "at(r7,15,1)", "at(r7,15,2)", "at(r7,8,3)", "at(r7,7,4)", "at(r7,7,10)", "at(r7,8,11)", "at(r7,13,12)", "at(r7,13,13)", "at(r8,16,1)", "at(r8,16,2)", "at(r8,16,3)", "at(r8,16,4)", "at(r8,16,5)", "at(r8,16,6)", "at(r8,16,7)", "at(r8,16,8)", "at(r8,16,9)", "at(r8,16,10)", "at(r8,16,11)", "at(r8,16,12)", "at(r8,16,13)"
          ],
          "Costs": [
            54
          ]
        },
        {
          "Value": [
            "at(r1,9,0)", "at(r2,10,0)", "at(r3,11,0)", "at(r4,12,0)", "at(r5,13,0)", "at(r6,14,0)", "at(r7,15,0)", "at(r8,16,0)", "assign(r5,j2,1)", "assign(r2,j3,1)", "assign(r6,j4,1)", "assign(r7,j5,1)", "assign(r3,j6,1)", "assign(r4,j7,1)", "assign(r5,j1,2)", "assign(r4,j8,2)", "at(r5,8,1)", "at(r4,1,2)", "at(r6,8,2)", "at(r4,2,3)", "at(r2,3,3)", "at(r2,4,4)", "at(r4,3,4)", "at(r4,2,5)", "at(r5,4,5)", "at(r2,3,5)", "at(r7,6,5)", "at(r4,1,6)", "at(r6,4,6)", "at(r7,5,6)", "at(r5,2,7)", "at(r7,4,7)", "at(r2,1,7)", "at(r6,3,7)", "at(r6,4,8)", "at(r7,5,8)", "at(r3,2,9)", "at(r4,1,9)", "at(r5,4,9)", "at(r7,6,9)", "at(r4,2,10)", "at(r3,4,11)", "at(r4,3,11)", "at(r4,4,12)", "at(r3,5,12)", "at(r5,8,13)", "at(r3,5,13)", "at(r4,4,13)", "at(r1,9,1)", "at(r1,9,2)", "at(r1,9,3)", "at(r1,9,4)", "at(r1,9,5)", "at(r1,9,6)", "at(r1,9,7)", "at(r1,9,8)", "at(r1,9,9)", "at(r1,9,10)", "at(r1,9,11)", "at(r1,9,12)", "at(r1,9,13)", "at(r2,1,1)", "at(r2,2,2)", "at(r2,2,6)", "at(r2,10,8)", "at(r2,10,9)", "at(r2,10,10)", "at(r2,10,11)", "at(r2,10,12)", "at(r2,10,13)", "at(r3,11,1)", "at(r3,11,2)", "at(r3,11,3)", "at(r3,11,4)", "at(r3,11,5)", "at(r3,11,6)", "at(r3,11,7)", "at(r3,1,8)", "at(r3,3,10)", "at(r4,12,1)", "at(r4,12,7)", "at(r4,12,8)", "at(r5,7,2)", "at(r5,6,3)", "at(r5,5,4)", "at(r5,3,6)", "at(r5,3,8)", "at(r5,5,10)", "at(r5,6,11)", "at(r5,7,12)", "at(r6,14,1)", "at(r6,7,3)", "at(r6,6,4)", "at(r6,5,5)", "at(r6,17,9)", "at(r6,17,10)", "at(r6,17,11)", "at(r6,17,12)", "at(r6,17,13)", "at(r7,15,1)", "at(r7,15,2)", "at(r7,8,3)", "at(r7,7,4)", "at(r7,7,10)", "at(r7,8,11)", "at(r7,13,12)", "at(r7,13,13)", "at(r8,16,1)", "at(r8,16,2)", "at(r8,16,3)", "at(r8,16,4)", "at(r8,16,5)", "at(r8,16,6)", "at(r8,16,7)", "at(r8,16,8)", "at(r8,16,9)", "at(r8,16,10)", "at(r8,16,11)", "at(r8,16,12)", "at(r8,16,13)"
          ],
          "Costs": [
            54
          ]
        },
        {
          "Value": [
            "at(r1,9,0)", "at(r2,10,0)", "at(r3,11,0)", "at(r4,12,0)", "at(r5,13,0)", "at(r6,14,0)", "at(r7,15,0)", "at(r8,16,0)", "assign(r5,j2,1)", "assign(r2,j3,1)", "assign(r6,j4,1)", "assign(r7,j5,1)", "assign(r3,j6,1)", "assign(r4,j7,1)", "assign(r5,j1,2)", "assign(r4,j8,2)", "at(r5,8,1)", "at(r4,1,2)", "at(r6,8,2)", "at(r4,2,3)", "at(r2,3,3)", "at(r2,4,4)", "at(r4,3,4)", "at(r4,2,5)", "at(r5,4,5)", "at(r2,3,5)", "at(r7,6,5)", "at(r4,1,6)", "at(r6,4,6)", "at(r7,5,6)", "at(r5,2,7)", "at(r7,4,7)", "at(r2,1,7)", "at(r6,3,7)", "at(r6,4,8)", "at(r7,5,8)", "at(r3,2,9)", "at(r4,1,9)", "at(r5,4,9)", "at(r7,5,9)", "at(r4,2,10)", "at(r7,6,10)", "at(r3,4,11)", "at(r4,3,11)", "at(r4,4,12)", "at(r3,5,12)", "at(r5,8,13)", "at(r3,5,13)", "at(r4,4,13)", "at(r1,9,1)", "at(r1,9,2)", "at(r1,9,3)", "at(r1,9,4)", "at(r1,9,5)", "at(r1,9,6)", "at(r1,9,7)", "at(r1,9,8)", "at(r1,9,9)", "at(r1,9,10)", "at(r1,9,11)", "at(r1,9,12)", "at(r1,9,13)", "at(r2,1,1)", "at(r2,2,2)", "at(r2,2,6)", "at(r2,10,8)", "at(r2,10,9)", "at(r2,10,10)", "at(r2,10,11)", "at(r2,10,12)", "at(r2,10,13)", "at(r3,11,1)", "at(r3,11,2)", "at(r3,11,3)", "at(r3,11,4)", "at(r3,11,5)", "at(r3,11,6)", "at(r3,11,7)", "at(r3,1,8)", "at(r3,3,10)", "at(r4,12,1)", "at(r4,12,7)", "at(r4,12,8)", "at(r5,7,2)", "at(r5,6,3)", "at(r5,5,4)", "at(r5,3,6)", "at(r5,3,8)", "at(r5,5,10)", "at(r5,6,11)", "at(r5,7,12)", "at(r6,14,1)", "at(r6,7,3)", "at(r6,6,4)", "at(r6,5,5)", "at(r6,17,9)", "at(r6,17,10)", "at(r6,17,11)", "at(r6,17,12)", "at(r6,17,13)", "at(r7,15,1)", "at(r7,15,2)", "at(r7,8,3)", "at(r7,7,4)", "at(r7,7,11)", "at(r7,8,12)", "at(r7,14,13)", "at(r8,16,1)", "at(r8,16,2)", "at(r8,16,3)", "at(r8,16,4)", "at(r8,16,5)", "at(r8,16,6)", "at(r8,16,7)", "at(r8,16,8)", "at(r8,16,9)", "at(r8,16,10)", "at(r8,16,11)", "at(r8,16,12)", "at(r8,16,13)"
          ],
          "Costs": [
            54
          ]
        },
        {
          "Value": [
            "at(r1,9,0)", "at(r2,10,0)", "at(r3,11,0)", "at(r4,12,0)", "at(r5,13,0)", "at(r6,14,0)", "at(r7,15,0)", "at(r8,16,0)", "assign(r5,j2,1)", "assign(r2,j3,1)", "assign(r6,j4,1)", "assign(r7,j5,1)", "assign(r3,j6,1)", "assign(r4,j7,1)", "assign(r5,j1,2)", "assign(r4,j8,2)", "at(r5,8,1)", "at(r4,1,2)", "at(r6,8,2)", "at(r4,2,3)", "at(r2,3,3)", "at(r2,4,4)", "at(r4,3,4)", "at(r4,2,5)", "at(r5,4,5)", "at(r2,3,5)", "at(r7,6,5)", "at(r4,1,6)", "at(r6,4,6)", "at(r7,5,6)", "at(r5,2,7)", "at(r7,4,7)", "at(r2,1,7)", "at(r6,3,7)", "at(r6,4,8)", "at(r7,5,8)", "at(r3,2,9)", "at(r4,1,9)", "at(r5,4,9)", "at(r7,5,9)", "at(r4,2,10)", "at(r7,6,10)", "at(r3,4,11)", "at(r4,3,11)", "at(r4,4,12)", "at(r3,5,12)", "at(r5,8,13)", "at(r3,5,13)", "at(r4,4,13)", "at(r1,9,1)", "at(r1,9,2)", "at(r1,9,3)", "at(r1,9,4)", "at(r1,9,5)", "at(r1,9,6)", "at(r1,9,7)", "at(r1,9,8)", "at(r1,9,9)", "at(r1,9,10)", "at(r1,9,11)", "at(r1,9,12)", "at(r1,9,13)", "at(r2,1,1)", "at(r2,2,2)", "at(r2,2,6)", "at(r2,10,8)", "at(r2,10,9)", "at(r2,10,10)", "at(r2,10,11)", "at(r2,10,12)", "at(r2,10,13)", "at(r3,11,1)", "at(r3,11,2)", "at(r3,11,3)", "at(r3,11,4)", "at(r3,11,5)", "at(r3,11,6)", "at(r3,11,7)", "at(r3,1,8)", "at(r3,3,10)", "at(r4,12,1)", "at(r4,12,7)", "at(r4,12,8)", "at(r5,7,2)", "at(r5,6,3)", "at(r5,5,4)", "at(r5,3,6)", "at(r5,3,8)", "at(r5,5,10)", "at(r5,6,11)", "at(r5,7,12)", "at(r6,14,1)", "at(r6,7,3)", "at(r6,6,4)", "at(r6,5,5)", "at(r6,17,9)", "at(r6,17,10)", "at(r6,17,11)", "at(r6,17,12)", "at(r6,17,13)", "at(r7,15,1)", "at(r7,15,2)", "at(r7,8,3)", "at(r7,7,4)", "at(r7,7,11)", "at(r7,8,12)", "at(r7,15,13)", "at(r8,16,1)", "at(r8,16,2)", "at(r8,16,3)", "at(r8,16,4)", "at(r8,16,5)", "at(r8,16,6)", "at(r8,16,7)", "at(r8,16,8)", "at(r8,16,9)", "at(r8,16,10)", "at(r8,16,11)", "at(r8,16,12)", "at(r8,16,13)"
          ],
          "Costs": [
            54
          ]
        },
        {
          "Value": [
            "at(r1,9,0)", "at(r2,10,0)", "at(r3,11,0)", "at(r4,12,0)", "at(r5,13,0)", "at(r6,14,0)", "at(r7,15,0)", "at(r8,16,0)", "assign(r5,j2,1)", "assign(r2,j3,1)", "assign(r6,j4,1)", "assign(r7,j5,1)", "assign(r3,j6,1)", "assign(r4,j7,1)", "assign(r5,j1,2)", "assign(r4,j8,2)", "at(r5,8,1)", "at(r4,1,2)", "at(r6,8,2)", "at(r4,2,3)", "at(r2,3,3)", "at(r2,4,4)", "at(r4,3,4)", "at(r4,2,5)", "at(r5,4,5)", "at(r2,3,5)", "at(r7,6,5)", "at(r4,1,6)", "at(r6,4,6)", "at(r7,5,6)", "at(r5,2,7)", "at(r7,4,7)", "at(r2,1,7)", "at(r6,3,7)", "at(r6,4,8)", "at(r7,5,8)", "at(r3,2,9)", "at(r4,1,9)", "at(r5,4,9)", "at(r7,5,9)", "at(r4,2,10)", "at(r7,6,10)", "at(r3,4,11)", "at(r4,3,11)", "at(r4,4,12)", "at(r3,5,12)", "at(r5,8,13)", "at(r3,5,13)", "at(r4,4,13)", "at(r1,9,1)", "at(r1,9,2)", "at(r1,9,3)", "at(r1,9,4)", "at(r1,9,5)", "at(r1,9,6)", "at(r1,9,7)", "at(r1,9,8)", "at(r1,9,9)", "at(r1,9,10)", "at(r1,9,11)", "at(r1,9,12)", "at(r1,9,13)", "at(r2,1,1)", "at(r2,2,2)", "at(r2,2,6)", "at(r2,10,8)", "at(r2,10,9)", "at(r2,10,10)", "at(r2,10,11)", "at(r2,10,12)", "at(r2,10,13)", "at(r3,11,1)", "at(r3,11,2)", "at(r3,11,3)", "at(r3,11,4)", "at(r3,11,5)", "at(r3,11,6)", "at(r3,11,7)", "at(r3,1,8)", "at(r3,3,10)", "at(r4,12,1)", "at(r4,12,7)", "at(r4,12,8)", "at(r5,7,2)", "at(r5,6,3)", "at(r5,5,4)", "at(r5,3,6)", "at(r5,3,8)", "at(r5,5,10)", "at(r5,6,11)", "at(r5,7,12)", "at(r6,14,1)", "at(r6,7,3)", "at(r6,6,4)", "at(r6,5,5)", "at(r6,17,9)", "at(r6,17,10)", "at(r6,17,11)", "at(r6,17,12)", "at(r6,17,13)", "at(r7,15,1)", "at(r7,15,2)", "at(r7,8,3)", "at(r7,7,4)", "at(r7,7,11)", "at(r7,8,12)", "at(r7,13,13)", "at(r8,16,1)", "at(r8,16,2)", "at(r8,16,3)", "at(r8,16,4)", "at(r8,16,5)", "at(r8,16,6)", "at(r8,16,7)", "at(r8,16,8)", "at(r8,16,9)", "at(r8,16,10)", "at(r8,16,11)", "at(r8,16,12)", "at(r8,16,13)"
          ],
          "Costs": [
            54
          ]
        },
        {
          "Value": [
            "at(r1,9,0)", "at(r2,10,0)", "at(r3,11,0)", "at(r4,12,0)", "at(r5,13,0)", "at(r6,14,0)", "at(r7,15,0)", "at(r8,16,0)", "assign(r5,j2,1)", "assign(r2,j3,1)", "assign(r6,j4,1)", "assign(r7,j5,1)", "assign(r3,j6,1)", "assign(r4,j7,1)", "assign(r5,j1,2)", "assign(r4,j8,2)", "at(r5,8,1)", "at(r4,1,2)", "at(r6,8,2)", "at(r4,2,3)", "at(r2,3,3)", "at(r2,4,4)", "at(r4,3,4)", "at(r4,2,5)", "at(r5,4,5)", "at(r2,3,5)", "at(r7,6,5)", "at(r4,1,6)", "at(r6,4,6)", "at(r7,5,6)", "at(r5,2,7)", "at(r7,4,7)", "at(r2,1,7)", "at(r6,3,7)", "at(r6,4,8)", "at(r7,5,8)", "at(r3,2,9)", "at(r4,1,9)", "at(r5,4,9)", "at(r7,5,9)", "at(r4,2,10)", "at(r7,6,10)", "at(r3,4,11)", "at(r4,3,11)", "at(r4,4,12)", "at(r3,5,12)", "at(r5,8,13)", "at(r3,5,13)", "at(r4,4,13)", "at(r1,9,1)", "at(r1,9,2)", "at(r1,9,3)", "at(r1,9,4)", "at(r1,9,5)", "at(r1,9,6)", "at(r1,9,7)", "at(r1,9,8)", "at(r1,9,9)", "at(r1,9,10)", "at(r1,9,11)", "at(r1,9,12)", "at(r1,9,13)", "at(r2,1,1)", "at(r2,2,2)", "at(r2,2,6)", "at(r2,12,8)", "at(r2,12,9)", "at(r2,12,10)", "at(r2,12,11)", "at(r2,12,12)", "at(r2,12,13)", "at(r3,11,1)", "at(r3,11,2)", "at(r3,11,3)", "at(r3,11,4)", "at(r3,11,5)", "at(r3,11,6)", "at(r3,11,7)", "at(r3,1,8)", "at(r3,3,10)", "at(r4,12,1)", "at(r4,10,7)", "at(r4,10,8)", "at(r5,7,2)", "at(r5,6,3)", "at(r5,5,4)", "at(r5,3,6)", "at(r5,3,8)", "at(r5,5,10)", "at(r5,6,11)", "at(r5,7,12)", "at(r6,14,1)", "at(r6,7,3)", "at(r6,6,4)", "at(r6,5,5)", "at(r6,17,9)", "at(r6,17,10)", "at(r6,17,11)", "at(r6,17,12)", "at(r6,17,13)", "at(r7,15,1)", "at(r7,15,2)", "at(r7,8,3)", "at(r7,7,4)", "at(r7,7,11)", "at(r7,8,12)", "at(r7,14,13)", "at(r8,16,1)", "at(r8,16,2)", "at(r8,16,3)", "at(r8,16,4)", "at(r8,16,5)", "at(r8,16,6)", "at(r8,16,7)", "at(r8,16,8)", "at(r8,16,9)", "at(r8,16,10)", "at(r8,16,11)", "at(r8,16,12)", "at(r8,16,13)"
          ],
          "Costs": [
            54
          ]
        },
        {
          "Value": [
            "at(r1,9,0)", "at(r2,10,0)", "at(r3,11,0)", "at(r4,12,0)", "at(r5,13,0)", "at(r6,14,0)", "at(r7,15,0)", "at(r8,16,0)", "assign(r5,j2,1)", "assign(r2,j3,1)", "assign(r6,j4,1)", "assign(r7,j5,1)", "assign(r3,j6,1)", "assign(r4,j7,1)", "assign(r5,j1,2)", "assign(r4,j8,2)", "at(r5,8,1)", "at(r4,1,2)", "at(r6,8,2)", "at(r4,2,3)", "at(r2,3,3)", "at(r2,4,4)", "at(r4,3,4)", "at(r4,2,5)", "at(r5,4,5)", "at(r2,3,5)", "at(r7,6,5)", "at(r4,1,6)", "at(r6,4,6)", "at(r7,5,6)", "at(r5,2,7)", "at(r7,4,7)", "at(r2,1,7)", "at(r6,3,7)", "at(r6,4,8)", "at(r7,5,8)", "at(r3,2,9)", "at(r4,1,9)", "at(r5,4,9)", "at(r7,6,9)", "at(r4,2,10)", "at(r3,4,11)", "at(r4,3,11)", "at(r4,4,12)", "at(r3,5,12)", "at(r5,8,13)", "at(r3,5,13)", "at(r4,4,13)", "at(r1,9,1)", "at(r1,9,2)", "at(r1,9,3)", "at(r1,9,4)", "at(r1,9,5)", "at(r1,9,6)", "at(r1,9,7)", "at(r1,9,8)", "at(r1,9,9)", "at(r1,9,10)", "at(r1,9,11)", "at(r1,9,12)", "at(r1,9,13)", "at(r2,1,1)", "at(r2,2,2)", "at(r2,2,6)", "at(r2,10,8)", "at(r2,10,9)", "at(r2,10,10)", "at(r2,10,11)", "at(r2,10,12)", "at(r2,10,13)", "at(r3,11,1)", "at(r3,11,2)", "at(r3,11,3)", "at(r3,11,4)", "at(r3,11,5)", "at(r3,11,6)", "at(r3,11,7)", "at(r3,1,8)", "at(r3,3,10)", "at(r4,12,1)", "at(r4,12,7)", "at(r4,12,8)", "at(r5,7,2)", "at(r5,6,3)", "at(r5,5,4)", "at(r5,3,6)", "at(r5,3,8)", "at(r5,5,10)", "at(r5,6,11)", "at(r5,7,12)", "at(r6,14,1)", "at(r6,7,3)", "at(r6,6,4)", "at(r6,5,5)", "at(r6,17,9)", "at(r6,17,10)", "at(r6,17,11)", "at(r6,17,12)", "at(r6,17,13)", "at(r7,15,1)", "at(r7,15,2)", "at(r7,8,3)", "at(r7,7,4)", "at(r7,7,10)", "at(r7,7,11)", "at(r7,8,12)", "at(r7,14,13)", "at(r8,16,1)", "at(r8,16,2)", "at(r8,16,3)", "at(r8,16,4)", "at(r8,16,5)", "at(r8,16,6)", "at(r8,16,7)", "at(r8,16,8)", "at(r8,16,9)", "at(r8,16,10)", "at(r8,16,11)", "at(r8,16,12)", "at(r8,16,13)"
          ],
          "Costs": [
            54
          ]
        },
        {
          "Value": [
            "at(r1,9,0)", "at(r2,10,0)", "at(r3,11,0)", "at(r4,12,0)", "at(r5,13,0)", "at(r6,14,0)", "at(r7,15,0)", "at(r8,16,0)", "assign(r5,j2,1)", "assign(r2,j3,1)", "assign(r6,j4,1)", "assign(r7,j5,1)", "assign(r3,j6,1)", "assign(r4,j7,1)", "assign(r5,j1,2)", "assign(r4,j8,2)", "at(r5,8,1)", "at(r4,1,2)", "at(r6,8,2)", "at(r4,2,3)", "at(r2,3,3)", "at(r2,4,4)", "at(r4,3,4)", "at(r4,2,5)", "at(r5,4,5)", "at(r2,3,5)", "at(r7,6,5)", "at(r4,1,6)", "at(r6,4,6)", "at(r7,5,6)", "at(r5,2,7)", "at(r7,4,7)", "at(r2,1,7)", "at(r6,3,7)", "at(r6,4,8)", "at(r7,5,8)", "at(r3,2,9)", "at(r4,1,9)", "at(r5,4,9)", "at(r7,6,9)", "at(r4,2,10)", "at(r3,4,11)", "at(r4,3,11)", "at(r4,4,12)", "at(r3,5,12)", "at(r5,8,13)", "at(r3,5,13)", "at(r4,4,13)", "at(r1,9,1)", "at(r1,9,2)", "at(r1,9,3)", "at(r1,9,4)", "at(r1,9,5)", "at(r1,9,6)", "at(r1,9,7)", "at(r1,9,8)", "at(r1,9,9)", "at(r1,9,10)", "at(r1,9,11)", "at(r1,9,12)", "at(r1,9,13)", "at(r2,1,1)", "at(r2,2,2)", "at(r2,2,6)", "at(r2,10,8)", "at(r2,10,9)", "at(r2,10,10)", "at(r2,10,11)", "at(r2,10,12)", "at(r2,10,13)", "at(r3,11,1)", "at(r3,11,2)", "at(r3,11,3)", "at(r3,11,4)", "at(r3,11,5)", "at(r3,11,6)", "at(r3,11,7)", "at(r3,1,8)", "at(r3,3,10)", "at(r4,12,1)", "at(r4,12,7)", "at(r4,12,8)", "at(r5,7,2)", "at(r5,6,3)", "at(r5,5,4)", "at(r5,3,6)", "at(r5,3,8)", "at(r5,5,10)", "at(r5,6,11)", "at(r5,7,12)", "at(r6,14,1)", "at(r6,7,3)", "at(r6,6,4)", "at(r6,5,5)", "at(r6,17,9)", "at(r6,17,10)", "at(r6,17,11)", "at(r6,17,12)", "at(r6,17,13)", "at(r7,15,1)", "at(r7,15,2)", "at(r7,8,3)", "at(r7,7,4)", "at(r7,7,10)", "at(r7,7,11)", "at(r7,8,12)", "at(r7,15,13)", "at(r8,16,1)", "at(r8,16,2)", "at(r8,16,3)", "at(r8,16,4)", "at(r8,16,5)", "at(r8,16,6)", "at(r8,16,7)", "at(r8,16,8)", "at(r8,16,9)", "at(r8,16,10)", "at(r8,16,11)", "at(r8,16,12)", "at(r8,16,13)"
          ],
          "Costs": [
            54
          ]
        },
        {
          "Value": [
            "at(r1,9,0)", "at(r2,10,0)", "at(r3,11,0)", "at(r4,12,0)", "at(r5,13,0)", "at(r6,14,0)", "at(r7,15,0)", "at(r8,16,0)", "assign(r5,j2,1)", "assign(r2,j3,1)", "assign(r6,j4,1)", "assign(r7,j5,1)", "assign(r3,j6,1)", "assign(r4,j7,1)", "assign(r5,j1,2)", "assign(r4,j8,2)", "at(r5,8,1)", "at(r4,1,2)", "at(r6,8,2)", "at(r4,2,3)", "at(r2,3,3)", "at(r2,4,4)", "at(r4,3,4)", "at(r4,2,5)", "at(r5,4,5)", "at(r2,3,5)", "at(r7,6,5)", "at(r4,1,6)", "at(r6,4,6)", "at(r7,5,6)", "at(r5,2,7)", "at(r7,4,7)", "at(r2,1,7)", "at(r6,3,7)", "at(r6,4,8)", "at(r7,5,8)", "at(r3,2,9)", "at(r4,1,9)", "at(r5,4,9)", "at(r7,6,9)", "at(r4,2,10)", "at(r3,4,11)", "at(r4,3,11)", "at(r4,4,12)", "at(r3,5,12)", "at(r5,8,13)", "at(r3,5,13)", "at(r4,4,13)", "at(r1,9,1)", "at(r1,9,2)", "at(r1,9,3)", "at(r1,9,4)", "at(r1,9,5)", "at(r1,9,6)", "at(r1,9,7)", "at(r1,9,8)", "at(r1,9,9)", "at(r1,9,10)", "at(r1,9,11)", "at(r1,9,12)", "at(r1,9,13)", "at(r2,1,1)", "at(r2,2,2)", "at(r2,2,6)", "at(r2,10,8)", "at(r2,10,9)", "at(r2,10,10)", "at(r2,10,11)", "at(r2,10,12)", "at(r2,10,13)", "at(r3,11,1)", "at(r3,11,2)", "at(r3,11,3)", "at(r3,11,4)", "at(r3,11,5)", "at(r3,11,6)", "at(r3,11,7)", "at(r3,1,8)", "at(r3,3,10)", "at(r4,12,1)", "at(r4,12,7)", "at(r4,12,8)", "at(r5,7,2)", "at(r5,6,3)", "at(r5,5,4)", "at(r5,3,6)", "at(r5,3,8)", "at(r5,5,10)", "at(r5,6,11)", "at(r5,7,12)", "at(r6,14,1)", "at(r6,7,3)", "at(r6,6,4)", "at(r6,5,5)", "at(r6,17,9)", "at(r6,17,10)", "at(r6,17,11)", "at(r6,17,12)", "at(r6,17,13)", "at(r7,15,1)", "at(r7,15,2)", "at(r7,8,3)", "at(r7,7,4)", "at(r7,7,10)", "at(r7,7,11)", "at(r7,8,12)", "at(r7,13,13)", "at(r8,16,1)", "at(r8,16,2)", "at(r8,16,3)", "at(r8,16,4)", "at(r8,16,5)", "at(r8,16,6)", "at(r8,16,7)", "at(r8,16,8)", "at(r8,16,9)", "at(r8,16,10)", "at(r8,16,11)", "at(r8,16,12)", "at(r8,16,13)"
          ],
          "Costs": [
            54
          ]
        },
        {
          "Value": [
            "at(r1,9,0)", "at(r2,10,0)", "at(r3,11,0)", "at(r4,12,0)", "at(r5,13,0)", "at(r6,14,0)", "at(r7,15,0)", "at(r8,16,0)", "assign(r5,j2,1)", "assign(r2,j3,1)", "assign(r6,j4,1)", "assign(r7,j5,1)", "assign(r3,j6,1)", "assign(r4,j7,1)", "assign(r5,j1,2)", "assign(r4,j8,2)", "at(r5,8,1)", "at(r4,1,2)", "at(r6,8,2)", "at(r4,2,3)", "at(r2,3,3)", "at(r2,4,4)", "at(r4,3,4)", "at(r4,2,5)", "at(r5,4,5)", "at(r2,3,5)", "at(r7,6,5)", "at(r4,1,6)", "at(r6,4,6)", "at(r7,5,6)", "at(r5,2,7)", "at(r7,4,7)", "at(r2,1,7)", "at(r6,3,7)", "at(r6,4,8)", "at(r7,5,8)", "at(r3,2,9)", "at(r4,1,9)", "at(r5,4,9)", "at(r7,5,9)", "at(r4,2,10)", "at(r7,6,10)", "at(r3,4,11)", "at(r4,3,11)", "at(r4,4,12)", "at(r3,5,12)", "at(r5,8,13)", "at(r3,5,13)", "at(r4,4,13)", "at(r1,9,1)", "at(r1,9,2)", "at(r1,9,3)", "at(r1,9,4)", "at(r1,9,5)", "at(r1,9,6)", "at(r1,9,7)", "at(r1,9,8)", "at(r1,9,9)", "at(r1,9,10)", "at(r1,9,11)", "at(r1,9,12)", "at(r1,9,13)", "at(r2,1,1)", "at(r2,2,2)", "at(r2,2,6)", "at(r2,12,8)", "at(r2,12,9)", "at(r2,12,10)", "at(r2,12,11)", "at(r2,12,12)", "at(r2,12,13)", "at(r3,11,1)", "at(r3,11,2)", "at(r3,11,3)", "at(r3,11,4)", "at(r3,11,5)", "at(r3,11,6)", "at(r3,11,7)", "at(r3,1,8)", "at(r3,3,10)", "at(r4,12,1)", "at(r4,10,7)", "at(r4,10,8)", "at(r5,7,2)", "at(r5,6,3)", "at(r5,5,4)", "at(r5,3,6)", "at(r5,3,8)", "at(r5,5,10)", "at(r5,6,11)", "at(r5,7,12)", "at(r6,14,1)", "at(r6,7,3)", "at(r6,6,4)", "at(r6,5,5)", "at(r6,17,9)", "at(r6,17,10)", "at(r6,17,11)", "at(r6,17,12)", "at(r6,17,13)", "at(r7,15,1)", "at(r7,15,2)", "at(r7,8,3)", "at(r7,7,4)", "at(r7,7,11)", "at(r7,8,12)", "at(r7,13,13)", "at(r8,16,1)", "at(r8,16,2)", "at(r8,16,3)", "at(r8,16,4)", "at(r8,16,5)", "at(r8,16,6)", "at(r8,16,7)", "at(r8,16,8)", "at(r8,16,9)", "at(r8,16,10)", "at(r8,16,11)", "at(r8,16,12)", "at(r8,16,13)"
          ],
          "Costs": [
            54
          ]
        },
        {
          "Value": [
            "at(r1,9,0)", "at(r2,10,0)", "at(r3,11,0)", "at(r4,12,0)", "at(r5,13,0)", "at(r6,14,0)", "at(r7,15,0)", "at(r8,16,0)", "assign(r5,j2,1)", "assign(r2,j3,1)", "assign(r6,j4,1)", "assign(r7,j5,1)", "assign(r3,j6,1)", "assign(r4,j7,1)", "assign(r5,j1,2)", "assign(r4,j8,2)", "at(r5,8,1)", "at(r4,1,2)", "at(r6,8,2)", "at(r4,2,3)", "at(r2,3,3)", "at(r2,4,4)", "at(r4,3,4)", "at(r4,2,5)", "at(r5,4,5)", "at(r2,3,5)", "at(r7,6,5)", "at(r4,1,6)", "at(r6,4,6)", "at(r7,5,6)", "at(r5,2,7)", "at(r7,4,7)", "at(r2,1,7)", "at(r6,3,7)", "at(r6,4,8)", "at(r7,5,8)", "at(r3,2,9)", "at(r4,1,9)", "at(r5,4,9)", "at(r7,5,9)", "at(r4,2,10)", "at(r7,6,10)", "at(r3,4,11)", "at(r4,3,11)", "at(r4,4,12)", "at(r3,5,12)", "at(r5,8,13)", "at(r3,5,13)", "at(r4,4,13)", "at(r1,9,1)", "at(r1,9,2)", "at(r1,9,3)", "at(r1,9,4)", "at(r1,9,5)", "at(r1,9,6)", "at(r1,9,7)", "at(r1,9,8)", "at(r1,9,9)", "at(r1,9,10)", "at(r1,9,11)", "at(r1,9,12)", "at(r1,9,13)", "at(r2,1,1)", "at(r2,2,2)", "at(r2,2,6)", "at(r2,12,8)", "at(r2,12,9)", "at(r2,12,10)", "at(r2,12,11)", "at(r2,12,12)", "at(r2,12,13)", "at(r3,11,1)", "at(r3,11,2)", "at(r3,11,3)", "at(r3,11,4)", "at(r3,11,5)", "at(r3,11,6)", "at(r3,11,7)", "at(r3,1,8)", "at(r3,3,10)", "at(r4,12,1)", "at(r4,10,7)", "at(r4,10,8)", "at(r5,7,2)", "at(r5,6,3)", "at(r5,5,4)", "at(r5,3,6)", "at(r5,3,8)", "at(r5,5,10)", "at(r5,6,11)", "at(r5,7,12)", "at(r6,14,1)", "at(r6,7,3)", "at(r6,6,4)", "at(r6,5,5)", "at(r6,17,9)", "at(r6,17,10)", "at(r6,17,11)", "at(r6,17,12)", "at(r6,17,13)", "at(r7,15,1)", "at(r7,15,2)", "at(r7,8,3)", "at(r7,7,4)", "at(r7,7,11)", "at(r7,8,12)", "at(r7,15,13)", "at(r8,16,1)", "at(r8,16,2)", "at(r8,16,3)", "at(r8,16,4)", "at(r8,16,5)", "at(r8,16,6)", "at(r8,16,7)", "at(r8,16,8)", "at(r8,16,9)", "at(r8,16,10)", "at(r8,16,11)", "at(r8,16,12)", "at(r8,16,13)"
          ],
          "Costs": [
            54
          ]
        },
        {
          "Value": [
            "at(r1,9,0)", "at(r2,10,0)", "at(r3,11,0)", "at(r4,12,0)", "at(r5,13,0)", "at(r6,14,0)", "at(r7,15,0)", "at(r8,16,0)", "assign(r5,j2,1)", "assign(r2,j3,1)", "assign(r6,j4,1)", "assign(r7,j5,1)", "assign(r3,j6,1)", "assign(r4,j7,1)", "assign(r5,j1,2)", "assign(r4,j8,2)", "at(r5,8,1)", "at(r4,1,2)", "at(r6,8,2)", "at(r4,2,3)", "at(r2,3,3)", "at(r2,4,4)", "at(r4,3,4)", "at(r4,2,5)", "at(r5,4,5)", "at(r2,3,5)", "at(r7,6,5)", "at(r4,1,6)", "at(r6,4,6)", "at(r7,5,6)", "at(r5,2,7)", "at(r7,4,7)", "at(r2,1,7)", "at(r6,3,7)", "at(r6,4,8)", "at(r7,5,8)", "at(r3,2,9)", "at(r4,1,9)", "at(r5,4,9)", "at(r7,6,9)", "at(r4,2,10)", "at(r3,4,11)", "at(r4,3,11)", "at(r4,4,12)", "at(r3,5,12)", "at(r5,8,13)", "at(r3,5,13)", "at(r4,4,13)", "at(r1,9,1)", "at(r1,9,2)", "at(r1,9,3)", "at(r1,9,4)", "at(r1,9,5)", "at(r1,9,6)", "at(r1,9,7)", "at(r1,9,8)", "at(r1,9,9)", "at(r1,9,10)", "at(r1,9,11)", "at(r1,9,12)", "at(r1,9,13)", "at(r2,1,1)", "at(r2,2,2)", "at(r2,2,6)", "at(r2,12,8)", "at(r2,12,9)", "at(r2,12,10)", "at(r2,12,11)", "at(r2,12,12)", "at(r2,12,13)", "at(r3,11,1)", "at(r3,11,2)", "at(r3,11,3)", "at(r3,11,4)", "at(r3,11,5)", "at(r3,11,6)", "at(r3,11,7)", "at(r3,1,8)", "at(r3,3,10)", "at(r4,12,1)", "at(r4,10,7)", "at(r4,10,8)", "at(r5,7,2)", "at(r5,6,3)", "at(r5,5,4)", "at(r5,3,6)", "at(r5,3,8)", "at(r5,5,10)", "at(r5,6,11)", "at(r5,7,12)", "at(r6,14,1)", "at(r6,7,3)", "at(r6,6,4)", "at(r6,5,5)", "at(r6,17,9)", "at(r6,17,10)", "at(r6,17,11)", "at(r6,17,12)", "at(r6,17,13)", "at(r7,15,1)", "at(r7,15,2)", "at(r7,8,3)", "at(r7,7,4)", "at(r7,7,10)", "at(r7,7,11)", "at(r7,8,12)", "at(r7,14,13)", "at(r8,16,1)", "at(r8,16,2)", "at(r8,16,3)", "at(r8,16,4)", "at(r8,16,5)", "at(r8,16,6)", "at(r8,16,7)", "at(r8,16,8)", "at(r8,16,9)", "at(r8,16,10)", "at(r8,16,11)", "at(r8,16,12)", "at(r8,16,13)"
          ],
          "Costs": [
            54
          ]
        },
        {
          "Value": [
            "at(r1,9,0)", "at(r2,10,0)", "at(r3,11,0)", "at(r4,12,0)", "at(r5,13,0)", "at(r6,14,0)", "at(r7,15,0)", "at(r8,16,0)", "assign(r5,j2,1)", "assign(r2,j3,1)", "assign(r6,j4,1)", "assign(r7,j5,1)", "assign(r3,j6,1)", "assign(r4,j7,1)", "assign(r5,j1,2)", "assign(r4,j8,2)", "at(r5,8,1)", "at(r4,1,2)", "at(r6,8,2)", "at(r4,2,3)", "at(r2,3,3)", "at(r2,4,4)", "at(r4,3,4)", "at(r4,2,5)", "at(r5,4,5)", "at(r2,3,5)", "at(r7,6,5)", "at(r4,1,6)", "at(r6,4,6)", "at(r7,5,6)", "at(r5,2,7)", "at(r7,4,7)", "at(r2,1,7)", "at(r6,3,7)", "at(r6,4,8)", "at(r7,5,8)", "at(r3,2,9)", "at(r4,1,9)", "at(r5,4,9)", "at(r7,6,9)", "at(r4,2,10)", "at(r3,4,11)", "at(r4,3,11)", "at(r4,4,12)", "at(r3,5,12)", "at(r5,8,13)", "at(r3,5,13)", "at(r4,4,13)", "at(r1,9,1)", "at(r1,9,2)", "at(r1,9,3)", "at(r1,9,4)", "at(r1,9,5)", "at(r1,9,6)", "at(r1,9,7)", "at(r1,9,8)", "at(r1,9,9)", "at(r1,9,10)", "at(r1,9,11)", "at(r1,9,12)", "at(r1,9,13)", "at(r2,1,1)", "at(r2,2,2)", "at(r2,2,6)", "at(r2,12,8)", "at(r2,12,9)", "at(r2,12,10)", "at(r2,12,11)", "at(r2,12,12)", "at(r2,12,13)", "at(r3,11,1)", "at(r3,11,2)", "at(r3,11,3)", "at(r3,11,4)", "at(r3,11,5)", "at(r3,11,6)", "at(r3,11,7)", "at(r3,1,8)", "at(r3,3,10)", "at(r4,12,1)", "at(r4,10,7)", "at(r4,10,8)", "at(r5,7,2)", "at(r5,6,3)", "at(r5,5,4)", "at(r5,3,6)", "at(r5,3,8)", "at(r5,5,10)", "at(r5,6,11)", "at(r5,7,12)", "at(r6,14,1)", "at(r6,7,3)", "at(r6,6,4)", "at(r6,5,5)", "at(r6,17,9)", "at(r6,17,10)", "at(r6,17,11)", "at(r6,17,12)", "at(r6,17,13)", "at(r7,15,1)", "at(r7,15,2)", "at(r7,8,3)", "at(r7,7,4)", "at(r7,7,10)", "at(r7,7,11)", "at(r7,8,12)", "at(r7,15,13)", "at(r8,16,1)", "at(r8,16,2)", "at(r8,16,3)", "at(r8,16,4)", "at(r8,16,5)", "at(r8,16,6)", "at(r8,16,7)", "at(r8,16,8)", "at(r8,16,9)", "at(r8,16,10)", "at(r8,16,11)", "at(r8,16,12)", "at(r8,16,13)"
          ],
          "Costs": [
            54
          ]
        },
        {
          "Value": [
            "at(r1,9,0)", "at(r2,10,0)", "at(r3,11,0)", "at(r4,12,0)", "at(r5,13,0)", "at(r6,14,0)", "at(r7,15,0)", "at(r8,16,0)", "assign(r5,j2,1)", "assign(r2,j3,1)", "assign(r6,j4,1)", "assign(r7,j5,1)", "assign(r3,j6,1)", "assign(r4,j7,1)", "assign(r5,j1,2)", "assign(r4,j8,2)", "at(r5,8,1)", "at(r4,1,2)", "at(r6,8,2)", "at(r4,2,3)", "at(r2,3,3)", "at(r2,4,4)", "at(r4,3,4)", "at(r4,2,5)", "at(r5,4,5)", "at(r2,3,5)", "at(r7,6,5)", "at(r4,1,6)", "at(r6,4,6)", "at(r7,5,6)", "at(r5,2,7)", "at(r7,4,7)", "at(r2,1,7)", "at(r6,3,7)", "at(r6,4,8)", "at(r7,5,8)", "at(r3,2,9)", "at(r4,1,9)", "at(r5,4,9)", "at(r7,6,9)", "at(r4,2,10)", "at(r3,4,11)", "at(r4,3,11)", "at(r4,4,12)", "at(r3,5,12)", "at(r5,8,13)", "at(r3,5,13)", "at(r4,4,13)", "at(r1,9,1)", "at(r1,9,2)", "at(r1,9,3)", "at(r1,9,4)", "at(r1,9,5)", "at(r1,9,6)", "at(r1,9,7)", "at(r1,9,8)", "at(r1,9,9)", "at(r1,9,10)", "at(r1,9,11)", "at(r1,9,12)", "at(r1,9,13)", "at(r2,1,1)", "at(r2,2,2)", "at(r2,2,6)", "at(r2,12,8)", "at(r2,12,9)", "at(r2,12,10)", "at(r2,12,11)", "at(r2,12,12)", "at(r2,12,13)", "at(r3,11,1)", "at(r3,11,2)", "at(r3,11,3)", "at(r3,11,4)", "at(r3,11,5)", "at(r3,11,6)", "at(r3,11,7)", "at(r3,1,8)", "at(r3,3,10)", "at(r4,12,1)", "at(r4,10,7)", "at(r4,10,8)", "at(r5,7,2)", "at(r5,6,3)", "at(r5,5,4)", "at(r5,3,6)", "at(r5,3,8)", "at(r5,5,10)", "at(r5,6,11)", "at(r5,7,12)", "at(r6,14,1)", "at(r6,7,3)", "at(r6,6,4)", "at(r6,5,5)", "at(r6,17,9)", "at(r6,17,10)", "at(r6,17,11)", "at(r6,17,12)", "at(r6,17,13)", "at(r7,15,1)", "at(r7,15,2)", "at(r7,8,3)", "at(r7,7,4)", "at(r7,7,10)", "at(r7,7,11)", "at(r7,8,12)", "at(r7,13,13)", "at(r8,16,1)", "at(r8,16,2)", "at(r8,16,3)", "at(r8,16,4)", "at(r8,16,5)", "at(r8,16,6)", "at(r8,16,7)", "at(r8,16,8)", "at(r8,16,9)", "at(r8,16,10)", "at(r8,16,11)", "at(r8,16,12)", "at(r8,16,13)"
          ],
          "Costs": [
            54
          ]
        }
      ]
    }
  ],
  "Result": "OPTIMUM FOUND",
  "Models": {
    "Number": 33,
    "More": "no",
    "Optimum": "yes",
    "Optimal": 30,
    "Costs": [
      54
    ]
  },
  "Calls": 1,
  "Time": {
    "Total": 0.031,
    "Solve": 0.006,
    "Model": 0.003,
    "Unsat": 0.000,
    "CPU": 0.044
  },
  "Threads": 4,
  "Winner": 2
}
