{
  "Solver": "clingo version 5.6.2",
  "Input": [
    "myrobots.lp","instances/grid-05.lp"
  ],
  "Call": [
    {
      "Witnesses": [
        {
          "Value": [
            "at(r1,(1,1),0)", "at(r2,(1,4),0)", "at(r3,(1,7),0)", "at(r4,(4,1),0)", "at(r5,(4,7),0)", "at(r6,(7,1),0)", "at(r7,(7,4),0)", "at(r8,(7,7),0)", "assign(r1,j1,1)", "assign(r2,j2,1)", "assign(r3,j3,1)", "assign(r4,j9,1)", "assign(r5,j5,1)", "assign(r6,j6,1)", "assign(r7,j7,1)", "assign(r8,j8,1)", "assign(r4,j4,2)", "at(r2,(1,7),3)", "at(r3,(4,7),3)", "at(r1,(1,4),3)", "at(r4,(4,4),3)", "at(r8,(7,4),3)", "at(r6,(4,1),3)", "at(r7,(7,1),3)", "at(r5,(7,7),3)", "at(r4,(2,4),5)", "at(r8,(7,1),6)", "at(r7,(4,1),6)", "at(r6,(1,1),6)", "at(r5,(7,4),6)", "at(r4,(1,4),6)", "at(r3,(7,7),6)", "at(r2,(4,7),6)", "at(r1,(1,7),6)", "at(r4,(1,7),9)", "at(r1,(4,7),9)", "at(r2,(7,7),9)", "at(r8,(4,1),9)", "at(r5,(7,1),9)", "at(r3,(7,4),9)", "at(r6,(1,4),9)", "at(r5,(4,1),12)", "at(r8,(1,1),12)", "at(r1,(7,7),12)", "at(r4,(4,7),12)", "at(r6,(1,7),12)", "at(r7,(1,4),12)", "at(r2,(7,4),12)", "at(r3,(7,1),12)", "at(r4,(7,7),15)", "at(r2,(4,4),15)", "at(r5,(1,1),15)", "at(r3,(4,1),15)", "at(r1,(7,4),15)", "at(r8,(1,4),15)", "at(r6,(4,7),15)", "at(r7,(1,7),15)", "at(r8,(1,7),18)", "at(r7,(4,7),18)", "at(r6,(7,7),18)", "at(r5,(1,4),18)", "at(r4,(7,4),18)", "at(r3,(1,1),18)", "at(r2,(4,1),18)", "at(r1,(7,1),18)", "at(r1,(1,2),1)", "at(r1,(1,3),2)", "at(r1,(1,5),4)", "at(r1,(1,6),5)", "at(r1,(2,7),7)", "at(r1,(3,7),8)", "at(r1,(5,7),10)", "at(r1,(6,7),11)", "at(r1,(7,6),13)", "at(r1,(7,5),14)", "at(r1,(7,3),16)", "at(r1,(7,2),17)", "at(r2,(1,5),1)", "at(r2,(1,6),2)", "at(r2,(2,7),4)", "at(r2,(3,7),5)", "at(r2,(5,7),7)", "at(r2,(6,7),8)", "at(r2,(7,6),10)", "at(r2,(7,5),11)", "at(r2,(6,4),13)", "at(r2,(5,4),14)", "at(r2,(4,3),16)", "at(r2,(4,2),17)", "at(r3,(2,7),1)", "at(r3,(3,7),2)", "at(r3,(5,7),4)", "at(r3,(6,7),5)", "at(r3,(7,6),7)", "at(r3,(7,5),8)", "at(r3,(7,3),10)", "at(r3,(7,2),11)", "at(r3,(6,1),13)", "at(r3,(5,1),14)", "at(r3,(3,1),16)", "at(r3,(2,1),17)", "at(r4,(4,2),1)", "at(r4,(4,3),2)", "at(r4,(3,4),4)", "at(r4,(1,5),7)", "at(r4,(1,6),8)", "at(r4,(2,7),10)", "at(r4,(3,7),11)", "at(r4,(5,7),13)", "at(r4,(6,7),14)", "at(r4,(7,6),16)", "at(r4,(7,5),17)", "at(r5,(5,7),1)", "at(r5,(6,7),2)", "at(r5,(7,6),4)", "at(r5,(7,5),5)", "at(r5,(7,3),7)", "at(r5,(7,2),8)", "at(r5,(6,1),10)", "at(r5,(5,1),11)", "at(r5,(3,1),13)", "at(r5,(2,1),14)", "at(r5,(1,2),16)", "at(r5,(1,3),17)", "at(r6,(5,1),2)", "at(r6,(6,1),1)", "at(r6,(3,1),4)", "at(r6,(2,1),5)", "at(r6,(1,2),7)", "at(r6,(1,3),8)", "at(r6,(1,5),10)", "at(r6,(1,6),11)", "at(r6,(2,7),13)", "at(r6,(3,7),14)", "at(r6,(5,7),16)", "at(r6,(6,7),17)", "at(r7,(7,2),2)", "at(r7,(7,3),1)", "at(r7,(6,1),4)", "at(r7,(5,1),5)", "at(r7,(4,2),7)", "at(r7,(4,3),8)", "at(r7,(4,4),9)", "at(r7,(3,4),10)", "at(r7,(2,4),11)", "at(r7,(1,5),13)", "at(r7,(1,6),14)", "at(r7,(2,7),16)", "at(r7,(3,7),17)", "at(r8,(7,5),2)", "at(r8,(7,6),1)", "at(r8,(7,3),4)", "at(r8,(7,2),5)", "at(r8,(6,1),7)", "at(r8,(5,1),8)", "at(r8,(3,1),10)", "at(r8,(2,1),11)", "at(r8,(1,2),13)", "at(r8,(1,3),14)", "at(r8,(1,5),16)", "at(r8,(1,6),17)"
          ],
          "Costs": [
            144
          ]
        },
        {
          "Value": [
            "at(r1,(1,1),0)", "at(r2,(1,4),0)", "at(r3,(1,7),0)", "at(r4,(4,1),0)", "at(r5,(4,7),0)", "at(r6,(7,1),0)", "at(r7,(7,4),0)", "at(r8,(7,7),0)", "assign(r1,j1,1)", "assign(r2,j2,1)", "assign(r3,j3,1)", "assign(r4,j9,1)", "assign(r5,j5,1)", "assign(r6,j6,1)", "assign(r7,j7,1)", "assign(r8,j8,1)", "assign(r4,j4,2)", "at(r2,(1,7),3)", "at(r3,(4,7),3)", "at(r1,(1,4),3)", "at(r4,(4,4),3)", "at(r8,(7,4),3)", "at(r6,(4,1),3)", "at(r7,(7,1),3)", "at(r5,(7,7),3)", "at(r4,(2,4),5)", "at(r8,(7,1),6)", "at(r7,(4,1),6)", "at(r6,(1,1),6)", "at(r5,(7,4),6)", "at(r4,(1,4),6)", "at(r3,(7,7),6)", "at(r2,(4,7),6)", "at(r1,(1,7),6)", "at(r4,(1,7),9)", "at(r1,(4,7),9)", "at(r2,(7,7),9)", "at(r8,(4,1),9)", "at(r5,(7,1),9)", "at(r3,(7,4),9)", "at(r6,(1,4),9)", "at(r5,(4,1),12)", "at(r8,(1,1),12)", "at(r1,(7,7),12)", "at(r4,(4,7),12)", "at(r6,(1,7),12)", "at(r7,(1,4),12)", "at(r2,(7,4),12)", "at(r3,(7,1),12)", "at(r4,(7,7),15)", "at(r5,(1,1),15)", "at(r2,(7,1),15)", "at(r3,(4,1),15)", "at(r1,(7,4),15)", "at(r8,(1,4),15)", "at(r6,(4,7),15)", "at(r7,(1,7),15)", "at(r8,(1,7),18)", "at(r7,(4,7),18)", "at(r6,(7,7),18)", "at(r5,(1,4),18)", "at(r4,(7,4),18)", "at(r3,(1,1),18)", "at(r2,(4,1),18)", "at(r1,(7,1),18)", "at(r1,(1,2),1)", "at(r1,(1,3),2)", "at(r1,(1,5),4)", "at(r1,(1,6),5)", "at(r1,(2,7),7)", "at(r1,(3,7),8)", "at(r1,(5,7),10)", "at(r1,(6,7),11)", "at(r1,(7,6),13)", "at(r1,(7,5),14)", "at(r1,(7,3),16)", "at(r1,(7,2),17)", "at(r2,(1,5),1)", "at(r2,(1,6),2)", "at(r2,(2,7),4)", "at(r2,(3,7),5)", "at(r2,(5,7),7)", "at(r2,(6,7),8)", "at(r2,(7,6),10)", "at(r2,(7,5),11)", "at(r2,(7,3),13)", "at(r2,(7,2),14)", "at(r2,(6,1),16)", "at(r2,(5,1),17)", "at(r3,(2,7),1)", "at(r3,(3,7),2)", "at(r3,(5,7),4)", "at(r3,(6,7),5)", "at(r3,(7,6),7)", "at(r3,(7,5),8)", "at(r3,(7,3),10)", "at(r3,(7,2),11)", "at(r3,(6,1),13)", "at(r3,(5,1),14)", "at(r3,(3,1),16)", "at(r3,(2,1),17)", "at(r4,(4,2),1)", "at(r4,(4,3),2)", "at(r4,(3,4),4)", "at(r4,(1,5),7)", "at(r4,(1,6),8)", "at(r4,(2,7),10)", "at(r4,(3,7),11)", "at(r4,(5,7),13)", "at(r4,(6,7),14)", "at(r4,(7,6),16)", "at(r4,(7,5),17)", "at(r5,(5,7),1)", "at(r5,(6,7),2)", "at(r5,(7,6),4)", "at(r5,(7,5),5)", "at(r5,(7,3),7)", "at(r5,(7,2),8)", "at(r5,(6,1),10)", "at(r5,(5,1),11)", "at(r5,(3,1),13)", "at(r5,(2,1),14)", "at(r5,(1,2),16)", "at(r5,(1,3),17)", "at(r6,(5,1),2)", "at(r6,(6,1),1)", "at(r6,(3,1),4)", "at(r6,(2,1),5)", "at(r6,(1,2),7)", "at(r6,(1,3),8)", "at(r6,(1,5),10)", "at(r6,(1,6),11)", "at(r6,(2,7),13)", "at(r6,(3,7),14)", "at(r6,(5,7),16)", "at(r6,(6,7),17)", "at(r7,(7,2),2)", "at(r7,(7,3),1)", "at(r7,(6,1),4)", "at(r7,(5,1),5)", "at(r7,(4,2),7)", "at(r7,(4,3),8)", "at(r7,(4,4),9)", "at(r7,(3,4),10)", "at(r7,(2,4),11)", "at(r7,(1,5),13)", "at(r7,(1,6),14)", "at(r7,(2,7),16)", "at(r7,(3,7),17)", "at(r8,(7,5),2)", "at(r8,(7,6),1)", "at(r8,(7,3),4)", "at(r8,(7,2),5)", "at(r8,(6,1),7)", "at(r8,(5,1),8)", "at(r8,(3,1),10)", "at(r8,(2,1),11)", "at(r8,(1,2),13)", "at(r8,(1,3),14)", "at(r8,(1,5),16)", "at(r8,(1,6),17)"
          ],
          "Costs": [
            144
          ]
        },
        {
          "Value": [
            "at(r1,(1,1),0)", "at(r2,(1,4),0)", "at(r3,(1,7),0)", "at(r4,(4,1),0)", "at(r5,(4,7),0)", "at(r6,(7,1),0)", "at(r7,(7,4),0)", "at(r8,(7,7),0)", "assign(r1,j1,1)", "assign(r2,j2,1)", "assign(r3,j3,1)", "assign(r4,j9,1)", "assign(r5,j5,1)", "assign(r6,j6,1)", "assign(r7,j7,1)", "assign(r8,j8,1)", "assign(r4,j4,2)", "at(r2,(1,7),3)", "at(r3,(4,7),3)", "at(r1,(1,4),3)", "at(r4,(4,4),3)", "at(r8,(7,4),3)", "at(r6,(4,1),3)", "at(r7,(7,1),3)", "at(r5,(7,7),3)", "at(r4,(2,4),5)", "at(r8,(7,1),6)", "at(r7,(4,1),6)", "at(r6,(1,1),6)", "at(r5,(7,4),6)", "at(r4,(1,4),6)", "at(r3,(7,7),6)", "at(r2,(4,7),6)", "at(r1,(1,7),6)", "at(r4,(1,7),9)", "at(r1,(4,7),9)", "at(r2,(7,7),9)", "at(r8,(4,1),9)", "at(r5,(7,1),9)", "at(r3,(7,4),9)", "at(r6,(1,4),9)", "at(r5,(4,1),12)", "at(r8,(1,1),12)", "at(r1,(7,7),12)", "at(r4,(4,7),12)", "at(r6,(1,7),12)", "at(r7,(1,4),12)", "at(r2,(7,4),12)", "at(r3,(7,1),12)", "at(r4,(4,4),15)", "at(r5,(1,1),15)", "at(r2,(7,1),15)", "at(r3,(4,1),15)", "at(r1,(7,4),15)", "at(r8,(1,4),15)", "at(r6,(4,7),15)", "at(r7,(1,7),15)", "at(r8,(1,7),18)", "at(r7,(4,7),18)", "at(r6,(7,7),18)", "at(r5,(1,4),18)", "at(r4,(7,4),18)", "at(r3,(1,1),18)", "at(r2,(4,1),18)", "at(r1,(7,1),18)", "at(r1,(1,2),1)", "at(r1,(1,3),2)", "at(r1,(1,5),4)", "at(r1,(1,6),5)", "at(r1,(2,7),7)", "at(r1,(3,7),8)", "at(r1,(5,7),10)", "at(r1,(6,7),11)", "at(r1,(7,6),13)", "at(r1,(7,5),14)", "at(r1,(7,3),16)", "at(r1,(7,2),17)", "at(r2,(1,5),1)", "at(r2,(1,6),2)", "at(r2,(2,7),4)", "at(r2,(3,7),5)", "at(r2,(5,7),7)", "at(r2,(6,7),8)", "at(r2,(7,6),10)", "at(r2,(7,5),11)", "at(r2,(7,3),13)", "at(r2,(7,2),14)", "at(r2,(6,1),16)", "at(r2,(5,1),17)", "at(r3,(2,7),1)", "at(r3,(3,7),2)", "at(r3,(5,7),4)", "at(r3,(6,7),5)", "at(r3,(7,6),7)", "at(r3,(7,5),8)", "at(r3,(7,3),10)", "at(r3,(7,2),11)", "at(r3,(6,1),13)", "at(r3,(5,1),14)", "at(r3,(3,1),16)", "at(r3,(2,1),17)", "at(r4,(4,2),1)", "at(r4,(4,3),2)", "at(r4,(3,4),4)", "at(r4,(1,5),7)", "at(r4,(1,6),8)", "at(r4,(2,7),10)", "at(r4,(3,7),11)", "at(r4,(4,6),13)", "at(r4,(4,5),14)", "at(r4,(5,4),16)", "at(r4,(6,4),17)", "at(r5,(5,7),1)", "at(r5,(6,7),2)", "at(r5,(7,6),4)", "at(r5,(7,5),5)", "at(r5,(7,3),7)", "at(r5,(7,2),8)", "at(r5,(6,1),10)", "at(r5,(5,1),11)", "at(r5,(3,1),13)", "at(r5,(2,1),14)", "at(r5,(1,2),16)", "at(r5,(1,3),17)", "at(r6,(5,1),2)", "at(r6,(6,1),1)", "at(r6,(3,1),4)", "at(r6,(2,1),5)", "at(r6,(1,2),7)", "at(r6,(1,3),8)", "at(r6,(1,5),10)", "at(r6,(1,6),11)", "at(r6,(2,7),13)", "at(r6,(3,7),14)", "at(r6,(5,7),16)", "at(r6,(6,7),17)", "at(r7,(7,2),2)", "at(r7,(7,3),1)", "at(r7,(6,1),4)", "at(r7,(5,1),5)", "at(r7,(4,2),7)", "at(r7,(4,3),8)", "at(r7,(4,4),9)", "at(r7,(3,4),10)", "at(r7,(2,4),11)", "at(r7,(1,5),13)", "at(r7,(1,6),14)", "at(r7,(2,7),16)", "at(r7,(3,7),17)", "at(r8,(7,5),2)", "at(r8,(7,6),1)", "at(r8,(7,3),4)", "at(r8,(7,2),5)", "at(r8,(6,1),7)", "at(r8,(5,1),8)", "at(r8,(3,1),10)", "at(r8,(2,1),11)", "at(r8,(1,2),13)", "at(r8,(1,3),14)", "at(r8,(1,5),16)", "at(r8,(1,6),17)"
          ],
          "Costs": [
            144
          ]
        },
        {
          "Value": [
            "at(r1,(1,1),0)", "at(r2,(1,4),0)", "at(r3,(1,7),0)", "at(r4,(4,1),0)", "at(r5,(4,7),0)", "at(r6,(7,1),0)", "at(r7,(7,4),0)", "at(r8,(7,7),0)", "assign(r1,j1,1)", "assign(r2,j2,1)", "assign(r3,j3,1)", "assign(r4,j9,1)", "assign(r5,j5,1)", "assign(r6,j6,1)", "assign(r7,j7,1)", "assign(r8,j8,1)", "assign(r4,j4,2)", "at(r2,(1,7),3)", "at(r3,(4,7),3)", "at(r1,(1,4),3)", "at(r4,(4,4),3)", "at(r8,(7,4),3)", "at(r6,(4,1),3)", "at(r7,(7,1),3)", "at(r5,(7,7),3)", "at(r4,(2,4),5)", "at(r8,(7,1),6)", "at(r7,(4,1),6)", "at(r6,(1,1),6)", "at(r5,(7,4),6)", "at(r4,(1,4),6)", "at(r3,(7,7),6)", "at(r2,(4,7),6)", "at(r1,(1,7),6)", "at(r4,(1,7),9)", "at(r1,(4,7),9)", "at(r2,(7,7),9)", "at(r8,(4,1),9)", "at(r5,(7,1),9)", "at(r3,(7,4),9)", "at(r6,(1,4),9)", "at(r5,(4,1),12)", "at(r8,(1,1),12)", "at(r1,(7,7),12)", "at(r4,(4,7),12)", "at(r6,(1,7),12)", "at(r7,(1,4),12)", "at(r2,(7,4),12)", "at(r3,(7,1),12)", "at(r4,(7,7),15)", "at(r2,(7,1),15)", "at(r3,(4,1),15)", "at(r1,(7,4),15)", "at(r8,(1,4),15)", "at(r6,(4,7),15)", "at(r7,(1,7),15)", "at(r8,(1,7),18)", "at(r7,(4,7),18)", "at(r6,(7,7),18)", "at(r5,(1,4),18)", "at(r4,(7,4),18)", "at(r3,(1,1),18)", "at(r2,(4,1),18)", "at(r1,(7,1),18)", "at(r1,(1,2),1)", "at(r1,(1,3),2)", "at(r1,(1,5),4)", "at(r1,(1,6),5)", "at(r1,(2,7),7)", "at(r1,(3,7),8)", "at(r1,(5,7),10)", "at(r1,(6,7),11)", "at(r1,(7,6),13)", "at(r1,(7,5),14)", "at(r1,(7,3),16)", "at(r1,(7,2),17)", "at(r2,(1,5),1)", "at(r2,(1,6),2)", "at(r2,(2,7),4)", "at(r2,(3,7),5)", "at(r2,(5,7),7)", "at(r2,(6,7),8)", "at(r2,(7,6),10)", "at(r2,(7,5),11)", "at(r2,(7,3),13)", "at(r2,(7,2),14)", "at(r2,(6,1),16)", "at(r2,(5,1),17)", "at(r3,(2,7),1)", "at(r3,(3,7),2)", "at(r3,(5,7),4)", "at(r3,(6,7),5)", "at(r3,(7,6),7)", "at(r3,(7,5),8)", "at(r3,(7,3),10)", "at(r3,(7,2),11)", "at(r3,(6,1),13)", "at(r3,(5,1),14)", "at(r3,(3,1),16)", "at(r3,(2,1),17)", "at(r4,(4,2),1)", "at(r4,(4,3),2)", "at(r4,(3,4),4)", "at(r4,(1,5),7)", "at(r4,(1,6),8)", "at(r4,(2,7),10)", "at(r4,(3,7),11)", "at(r4,(5,7),13)", "at(r4,(6,7),14)", "at(r4,(7,6),16)", "at(r4,(7,5),17)", "at(r5,(5,7),1)", "at(r5,(6,7),2)", "at(r5,(7,6),4)", "at(r5,(7,5),5)", "at(r5,(7,3),7)", "at(r5,(7,2),8)", "at(r5,(6,1),10)", "at(r5,(5,1),11)", "at(r5,(4,2),13)", "at(r5,(4,3),14)", "at(r5,(4,4),15)", "at(r5,(3,4),16)", "at(r5,(2,4),17)", "at(r6,(5,1),2)", "at(r6,(6,1),1)", "at(r6,(3,1),4)", "at(r6,(2,1),5)", "at(r6,(1,2),7)", "at(r6,(1,3),8)", "at(r6,(1,5),10)", "at(r6,(1,6),11)", "at(r6,(2,7),13)", "at(r6,(3,7),14)", "at(r6,(5,7),16)", "at(r6,(6,7),17)", "at(r7,(7,2),2)", "at(r7,(7,3),1)", "at(r7,(6,1),4)", "at(r7,(5,1),5)", "at(r7,(4,2),7)", "at(r7,(4,3),8)", "at(r7,(4,4),9)", "at(r7,(3,4),10)", "at(r7,(2,4),11)", "at(r7,(1,5),13)", "at(r7,(1,6),14)", "at(r7,(2,7),16)", "at(r7,(3,7),17)", "at(r8,(7,5),2)", "at(r8,(7,6),1)", "at(r8,(7,3),4)", "at(r8,(7,2),5)", "at(r8,(6,1),7)", "at(r8,(5,1),8)", "at(r8,(3,1),10)", "at(r8,(2,1),11)", "at(r8,(1,2),13)", "at(r8,(1,3),14)", "at(r8,(1,5),16)", "at(r8,(1,6),17)"
          ],
          "Costs": [
            144
          ]
        },
        {
          "Value": [
            "at(r1,(1,1),0)", "at(r2,(1,4),0)", "at(r3,(1,7),0)", "at(r4,(4,1),0)", "at(r5,(4,7),0)", "at(r6,(7,1),0)", "at(r7,(7,4),0)", "at(r8,(7,7),0)", "assign(r1,j1,1)", "assign(r2,j2,1)", "assign(r3,j3,1)", "assign(r4,j9,1)", "assign(r5,j5,1)", "assign(r6,j6,1)", "assign(r7,j7,1)", "assign(r8,j8,1)", "assign(r4,j4,2)", "at(r2,(1,7),3)", "at(r3,(4,7),3)", "at(r1,(1,4),3)", "at(r4,(4,4),3)", "at(r8,(7,4),3)", "at(r6,(4,1),3)", "at(r7,(7,1),3)", "at(r5,(7,7),3)", "at(r4,(2,4),5)", "at(r8,(7,1),6)", "at(r7,(4,1),6)", "at(r6,(1,1),6)", "at(r5,(7,4),6)", "at(r4,(1,4),6)", "at(r3,(7,7),6)", "at(r2,(4,7),6)", "at(r1,(1,7),6)", "at(r4,(1,7),9)", "at(r1,(4,7),9)", "at(r2,(7,7),9)", "at(r8,(4,1),9)", "at(r5,(7,1),9)", "at(r3,(7,4),9)", "at(r6,(1,4),9)", "at(r5,(4,1),12)", "at(r8,(1,1),12)", "at(r1,(7,7),12)", "at(r4,(4,7),12)", "at(r6,(1,7),12)", "at(r7,(1,4),12)", "at(r2,(7,4),12)", "at(r3,(7,1),12)", "at(r4,(7,7),15)", "at(r5,(1,1),15)", "at(r2,(7,1),15)", "at(r3,(4,1),15)", "at(r1,(7,4),15)", "at(r8,(1,4),15)", "at(r6,(4,7),15)", "at(r8,(1,7),18)", "at(r7,(4,7),18)", "at(r6,(7,7),18)", "at(r5,(1,4),18)", "at(r4,(7,4),18)", "at(r3,(1,1),18)", "at(r2,(4,1),18)", "at(r1,(7,1),18)", "at(r1,(1,2),1)", "at(r1,(1,3),2)", "at(r1,(1,5),4)", "at(r1,(1,6),5)", "at(r1,(2,7),7)", "at(r1,(3,7),8)", "at(r1,(5,7),10)", "at(r1,(6,7),11)", "at(r1,(7,6),13)", "at(r1,(7,5),14)", "at(r1,(7,3),16)", "at(r1,(7,2),17)", "at(r2,(1,5),1)", "at(r2,(1,6),2)", "at(r2,(2,7),4)", "at(r2,(3,7),5)", "at(r2,(5,7),7)", "at(r2,(6,7),8)", "at(r2,(7,6),10)", "at(r2,(7,5),11)", "at(r2,(7,3),13)", "at(r2,(7,2),14)", "at(r2,(6,1),16)", "at(r2,(5,1),17)", "at(r3,(2,7),1)", "at(r3,(3,7),2)", "at(r3,(5,7),4)", "at(r3,(6,7),5)", "at(r3,(7,6),7)", "at(r3,(7,5),8)", "at(r3,(7,3),10)", "at(r3,(7,2),11)", "at(r3,(6,1),13)", "at(r3,(5,1),14)", "at(r3,(3,1),16)", "at(r3,(2,1),17)", "at(r4,(4,2),1)", "at(r4,(4,3),2)", "at(r4,(3,4),4)", "at(r4,(1,5),7)", "at(r4,(1,6),8)", "at(r4,(2,7),10)", "at(r4,(3,7),11)", "at(r4,(5,7),13)", "at(r4,(6,7),14)", "at(r4,(7,6),16)", "at(r4,(7,5),17)", "at(r5,(5,7),1)", "at(r5,(6,7),2)", "at(r5,(7,6),4)", "at(r5,(7,5),5)", "at(r5,(7,3),7)", "at(r5,(7,2),8)", "at(r5,(6,1),10)", "at(r5,(5,1),11)", "at(r5,(3,1),13)", "at(r5,(2,1),14)", "at(r5,(1,2),16)", "at(r5,(1,3),17)", "at(r6,(5,1),2)", "at(r6,(6,1),1)", "at(r6,(3,1),4)", "at(r6,(2,1),5)", "at(r6,(1,2),7)", "at(r6,(1,3),8)", "at(r6,(1,5),10)", "at(r6,(1,6),11)", "at(r6,(2,7),13)", "at(r6,(3,7),14)", "at(r6,(5,7),16)", "at(r6,(6,7),17)", "at(r7,(7,2),2)", "at(r7,(7,3),1)", "at(r7,(6,1),4)", "at(r7,(5,1),5)", "at(r7,(4,2),7)", "at(r7,(4,3),8)", "at(r7,(4,4),9)", "at(r7,(3,4),10)", "at(r7,(2,4),11)", "at(r7,(2,4),13)", "at(r7,(3,4),14)", "at(r7,(4,4),15)", "at(r7,(4,5),16)", "at(r7,(4,6),17)", "at(r8,(7,5),2)", "at(r8,(7,6),1)", "at(r8,(7,3),4)", "at(r8,(7,2),5)", "at(r8,(6,1),7)", "at(r8,(5,1),8)", "at(r8,(3,1),10)", "at(r8,(2,1),11)", "at(r8,(1,2),13)", "at(r8,(1,3),14)", "at(r8,(1,5),16)", "at(r8,(1,6),17)"
          ],
          "Costs": [
            144
          ]
        },
        {
          "Value": [
            "at(r1,(1,1),0)", "at(r2,(1,4),0)", "at(r3,(1,7),0)", "at(r4,(4,1),0)", "at(r5,(4,7),0)", "at(r6,(7,1),0)", "at(r7,(7,4),0)", "at(r8,(7,7),0)", "assign(r1,j1,1)", "assign(r2,j2,1)", "assign(r3,j3,1)", "assign(r4,j9,1)", "assign(r5,j5,1)", "assign(r6,j6,1)", "assign(r7,j7,1)", "assign(r8,j8,1)", "assign(r4,j4,2)", "at(r2,(1,7),3)", "at(r3,(4,7),3)", "at(r1,(1,4),3)", "at(r4,(4,4),3)", "at(r8,(7,4),3)", "at(r6,(4,1),3)", "at(r7,(7,1),3)", "at(r5,(7,7),3)", "at(r4,(2,4),5)", "at(r8,(7,1),6)", "at(r7,(4,1),6)", "at(r6,(1,1),6)", "at(r5,(7,4),6)", "at(r4,(1,4),6)", "at(r3,(7,7),6)", "at(r2,(4,7),6)", "at(r1,(1,7),6)", "at(r4,(1,7),9)", "at(r1,(4,7),9)", "at(r2,(7,7),9)", "at(r7,(1,1),9)", "at(r8,(4,1),9)", "at(r3,(7,4),9)", "at(r6,(1,4),9)", "at(r5,(4,1),12)", "at(r8,(1,1),12)", "at(r1,(7,7),12)", "at(r4,(4,7),12)", "at(r6,(1,7),12)", "at(r7,(1,4),12)", "at(r2,(7,4),12)", "at(r3,(7,1),12)", "at(r4,(7,7),15)", "at(r5,(1,1),15)", "at(r2,(7,1),15)", "at(r3,(4,1),15)", "at(r1,(7,4),15)", "at(r8,(1,4),15)", "at(r6,(4,7),15)", "at(r7,(1,7),15)", "at(r8,(1,7),18)", "at(r7,(4,7),18)", "at(r6,(7,7),18)", "at(r5,(1,4),18)", "at(r4,(7,4),18)", "at(r3,(1,1),18)", "at(r2,(4,1),18)", "at(r1,(7,1),18)", "at(r1,(1,2),1)", "at(r1,(1,3),2)", "at(r1,(1,5),4)", "at(r1,(1,6),5)", "at(r1,(2,7),7)", "at(r1,(3,7),8)", "at(r1,(5,7),10)", "at(r1,(6,7),11)", "at(r1,(7,6),13)", "at(r1,(7,5),14)", "at(r1,(7,3),16)", "at(r1,(7,2),17)", "at(r2,(1,5),1)", "at(r2,(1,6),2)", "at(r2,(2,7),4)", "at(r2,(3,7),5)", "at(r2,(5,7),7)", "at(r2,(6,7),8)", "at(r2,(7,6),10)", "at(r2,(7,5),11)", "at(r2,(7,3),13)", "at(r2,(7,2),14)", "at(r2,(6,1),16)", "at(r2,(5,1),17)", "at(r3,(2,7),1)", "at(r3,(3,7),2)", "at(r3,(5,7),4)", "at(r3,(6,7),5)", "at(r3,(7,6),7)", "at(r3,(7,5),8)", "at(r3,(7,3),10)", "at(r3,(7,2),11)", "at(r3,(6,1),13)", "at(r3,(5,1),14)", "at(r3,(3,1),16)", "at(r3,(2,1),17)", "at(r4,(4,2),1)", "at(r4,(4,3),2)", "at(r4,(3,4),4)", "at(r4,(1,5),7)", "at(r4,(1,6),8)", "at(r4,(2,7),10)", "at(r4,(3,7),11)", "at(r4,(5,7),13)", "at(r4,(6,7),14)", "at(r4,(7,6),16)", "at(r4,(7,5),17)", "at(r5,(5,7),1)", "at(r5,(6,7),2)", "at(r5,(7,6),4)", "at(r5,(7,5),5)", "at(r5,(6,4),7)", "at(r5,(5,4),8)", "at(r5,(4,4),9)", "at(r5,(4,3),10)", "at(r5,(4,2),11)", "at(r5,(3,1),13)", "at(r5,(2,1),14)", "at(r5,(1,2),16)", "at(r5,(1,3),17)", "at(r6,(5,1),2)", "at(r6,(6,1),1)", "at(r6,(3,1),4)", "at(r6,(2,1),5)", "at(r6,(1,2),7)", "at(r6,(1,3),8)", "at(r6,(1,5),10)", "at(r6,(1,6),11)", "at(r6,(2,7),13)", "at(r6,(3,7),14)", "at(r6,(5,7),16)", "at(r6,(6,7),17)", "at(r7,(7,2),2)", "at(r7,(7,3),1)", "at(r7,(6,1),4)", "at(r7,(5,1),5)", "at(r7,(3,1),7)", "at(r7,(2,1),8)", "at(r7,(1,2),10)", "at(r7,(1,3),11)", "at(r7,(1,5),13)", "at(r7,(1,6),14)", "at(r7,(2,7),16)", "at(r7,(3,7),17)", "at(r8,(7,5),2)", "at(r8,(7,6),1)", "at(r8,(7,3),4)", "at(r8,(7,2),5)", "at(r8,(6,1),7)", "at(r8,(5,1),8)", "at(r8,(3,1),10)", "at(r8,(2,1),11)", "at(r8,(1,2),13)", "at(r8,(1,3),14)", "at(r8,(1,5),16)", "at(r8,(1,6),17)"
          ],
          "Costs": [
            144
          ]
        },
        {
          "Value": [
            "at(r1,(1,1),0)", "at(r2,(1,4),0)", "at(r3,(1,7),0)", "at(r4,(4,1),0)", "at(r5,(4,7),0)", "at(r6,(7,1),0)", "at(r7,(7,4),0)", "at(r8,(7,7),0)", "assign(r1,j1,1)", "assign(r2,j2,1)", "assign(r3,j3,1)", "assign(r4,j9,1)", "assign(r5,j5,1)", "assign(r6,j6,1)", "assign(r7,j7,1)", "assign(r8,j8,1)", "assign(r4,j4,2)", "at(r2,(1,7),3)", "at(r3,(4,7),3)", "at(r1,(1,4),3)", "at(r4,(4,4),3)", "at(r8,(7,4),3)", "at(r6,(4,1),3)", "at(r7,(7,1),3)", "at(r5,(7,7),3)", "at(r4,(2,4),5)", "at(r8,(7,1),6)", "at(r7,(4,1),6)", "at(r6,(1,1),6)", "at(r5,(7,4),6)", "at(r4,(1,4),6)", "at(r3,(7,7),6)", "at(r2,(4,7),6)", "at(r1,(1,7),6)", "at(r4,(1,7),9)", "at(r1,(4,7),9)", "at(r2,(7,7),9)", "at(r7,(1,1),9)", "at(r8,(4,1),9)", "at(r3,(7,4),9)", "at(r6,(1,4),9)", "at(r5,(4,1),12)", "at(r8,(1,1),12)", "at(r1,(7,7),12)", "at(r4,(4,7),12)", "at(r6,(1,7),12)", "at(r7,(1,4),12)", "at(r2,(7,4),12)", "at(r3,(7,1),12)", "at(r4,(7,7),15)", "at(r5,(1,1),15)", "at(r2,(7,1),15)", "at(r3,(4,1),15)", "at(r1,(7,4),15)", "at(r8,(1,4),15)", "at(r6,(4,7),15)", "at(r8,(1,7),18)", "at(r7,(4,7),18)", "at(r6,(7,7),18)", "at(r5,(1,4),18)", "at(r4,(7,4),18)", "at(r3,(1,1),18)", "at(r2,(4,1),18)", "at(r1,(7,1),18)", "at(r1,(1,2),1)", "at(r1,(1,3),2)", "at(r1,(1,5),4)", "at(r1,(1,6),5)", "at(r1,(2,7),7)", "at(r1,(3,7),8)", "at(r1,(5,7),10)", "at(r1,(6,7),11)", "at(r1,(7,6),13)", "at(r1,(7,5),14)", "at(r1,(7,3),16)", "at(r1,(7,2),17)", "at(r2,(1,5),1)", "at(r2,(1,6),2)", "at(r2,(2,7),4)", "at(r2,(3,7),5)", "at(r2,(5,7),7)", "at(r2,(6,7),8)", "at(r2,(7,6),10)", "at(r2,(7,5),11)", "at(r2,(7,3),13)", "at(r2,(7,2),14)", "at(r2,(6,1),16)", "at(r2,(5,1),17)", "at(r3,(2,7),1)", "at(r3,(3,7),2)", "at(r3,(5,7),4)", "at(r3,(6,7),5)", "at(r3,(7,6),7)", "at(r3,(7,5),8)", "at(r3,(7,3),10)", "at(r3,(7,2),11)", "at(r3,(6,1),13)", "at(r3,(5,1),14)", "at(r3,(3,1),16)", "at(r3,(2,1),17)", "at(r4,(4,2),1)", "at(r4,(4,3),2)", "at(r4,(3,4),4)", "at(r4,(1,5),7)", "at(r4,(1,6),8)", "at(r4,(2,7),10)", "at(r4,(3,7),11)", "at(r4,(5,7),13)", "at(r4,(6,7),14)", "at(r4,(7,6),16)", "at(r4,(7,5),17)", "at(r5,(5,7),1)", "at(r5,(6,7),2)", "at(r5,(7,6),4)", "at(r5,(7,5),5)", "at(r5,(6,4),7)", "at(r5,(5,4),8)", "at(r5,(4,4),9)", "at(r5,(4,3),10)", "at(r5,(4,2),11)", "at(r5,(3,1),13)", "at(r5,(2,1),14)", "at(r5,(1,2),16)", "at(r5,(1,3),17)", "at(r6,(5,1),2)", "at(r6,(6,1),1)", "at(r6,(3,1),4)", "at(r6,(2,1),5)", "at(r6,(1,2),7)", "at(r6,(1,3),8)", "at(r6,(1,5),10)", "at(r6,(1,6),11)", "at(r6,(2,7),13)", "at(r6,(3,7),14)", "at(r6,(5,7),16)", "at(r6,(6,7),17)", "at(r7,(7,2),2)", "at(r7,(7,3),1)", "at(r7,(6,1),4)", "at(r7,(5,1),5)", "at(r7,(3,1),7)", "at(r7,(2,1),8)", "at(r7,(1,2),10)", "at(r7,(1,3),11)", "at(r7,(2,4),13)", "at(r7,(3,4),14)", "at(r7,(4,4),15)", "at(r7,(4,5),16)", "at(r7,(4,6),17)", "at(r8,(7,5),2)", "at(r8,(7,6),1)", "at(r8,(7,3),4)", "at(r8,(7,2),5)", "at(r8,(6,1),7)", "at(r8,(5,1),8)", "at(r8,(3,1),10)", "at(r8,(2,1),11)", "at(r8,(1,2),13)", "at(r8,(1,3),14)", "at(r8,(1,5),16)", "at(r8,(1,6),17)"
          ],
          "Costs": [
            144
          ]
        },
        {
          "Value": [
            "at(r1,(1,1),0)", "at(r2,(1,4),0)", "at(r3,(1,7),0)", "at(r4,(4,1),0)", "at(r5,(4,7),0)", "at(r6,(7,1),0)", "at(r7,(7,4),0)", "at(r8,(7,7),0)", "assign(r1,j1,1)", "assign(r2,j2,1)", "assign(r3,j3,1)", "assign(r4,j9,1)", "assign(r5,j5,1)", "assign(r6,j6,1)", "assign(r7,j7,1)", "assign(r8,j8,1)", "assign(r4,j4,2)", "at(r2,(1,7),3)", "at(r3,(4,7),3)", "at(r1,(1,4),3)", "at(r4,(4,4),3)", "at(r8,(7,4),3)", "at(r6,(4,1),3)", "at(r7,(7,1),3)", "at(r5,(7,7),3)", "at(r4,(2,4),5)", "at(r8,(7,1),6)", "at(r7,(4,1),6)", "at(r6,(1,1),6)", "at(r5,(7,4),6)", "at(r4,(1,4),6)", "at(r3,(7,7),6)", "at(r2,(4,7),6)", "at(r1,(1,7),6)", "at(r4,(1,7),9)", "at(r1,(4,7),9)", "at(r2,(7,7),9)", "at(r7,(1,1),9)", "at(r8,(4,1),9)", "at(r3,(7,4),9)", "at(r6,(1,4),9)", "at(r5,(4,1),12)", "at(r8,(1,1),12)", "at(r1,(7,7),12)", "at(r4,(4,7),12)", "at(r6,(1,7),12)", "at(r7,(1,4),12)", "at(r2,(7,4),12)", "at(r3,(7,1),12)", "at(r4,(7,7),15)", "at(r2,(4,4),15)", "at(r5,(1,1),15)", "at(r3,(4,1),15)", "at(r1,(7,4),15)", "at(r8,(1,4),15)", "at(r6,(4,7),15)", "at(r7,(1,7),15)", "at(r8,(1,7),18)", "at(r7,(4,7),18)", "at(r6,(7,7),18)", "at(r5,(1,4),18)", "at(r4,(7,4),18)", "at(r3,(1,1),18)", "at(r2,(4,1),18)", "at(r1,(7,1),18)", "at(r1,(1,2),1)", "at(r1,(1,3),2)", "at(r1,(1,5),4)", "at(r1,(1,6),5)", "at(r1,(2,7),7)", "at(r1,(3,7),8)", "at(r1,(5,7),10)", "at(r1,(6,7),11)", "at(r1,(7,6),13)", "at(r1,(7,5),14)", "at(r1,(7,3),16)", "at(r1,(7,2),17)", "at(r2,(1,5),1)", "at(r2,(1,6),2)", "at(r2,(2,7),4)", "at(r2,(3,7),5)", "at(r2,(5,7),7)", "at(r2,(6,7),8)", "at(r2,(7,6),10)", "at(r2,(7,5),11)", "at(r2,(6,4),13)", "at(r2,(5,4),14)", "at(r2,(4,3),16)", "at(r2,(4,2),17)", "at(r3,(2,7),1)", "at(r3,(3,7),2)", "at(r3,(5,7),4)", "at(r3,(6,7),5)", "at(r3,(7,6),7)", "at(r3,(7,5),8)", "at(r3,(7,3),10)", "at(r3,(7,2),11)", "at(r3,(6,1),13)", "at(r3,(5,1),14)", "at(r3,(3,1),16)", "at(r3,(2,1),17)", "at(r4,(4,2),1)", "at(r4,(4,3),2)", "at(r4,(3,4),4)", "at(r4,(1,5),7)", "at(r4,(1,6),8)", "at(r4,(2,7),10)", "at(r4,(3,7),11)", "at(r4,(5,7),13)", "at(r4,(6,7),14)", "at(r4,(7,6),16)", "at(r4,(7,5),17)", "at(r5,(5,7),1)", "at(r5,(6,7),2)", "at(r5,(7,6),4)", "at(r5,(7,5),5)", "at(r5,(6,4),7)", "at(r5,(5,4),8)", "at(r5,(4,4),9)", "at(r5,(4,3),10)", "at(r5,(4,2),11)", "at(r5,(3,1),13)", "at(r5,(2,1),14)", "at(r5,(1,2),16)", "at(r5,(1,3),17)", "at(r6,(5,1),2)", "at(r6,(6,1),1)", "at(r6,(3,1),4)", "at(r6,(2,1),5)", "at(r6,(1,2),7)", "at(r6,(1,3),8)", "at(r6,(1,5),10)", "at(r6,(1,6),11)", "at(r6,(2,7),13)", "at(r6,(3,7),14)", "at(r6,(5,7),16)", "at(r6,(6,7),17)", "at(r7,(7,2),2)", "at(r7,(7,3),1)", "at(r7,(6,1),4)", "at(r7,(5,1),5)", "at(r7,(3,1),7)", "at(r7,(2,1),8)", "at(r7,(1,2),10)", "at(r7,(1,3),11)", "at(r7,(1,5),13)", "at(r7,(1,6),14)", "at(r7,(2,7),16)", "at(r7,(3,7),17)", "at(r8,(7,5),2)", "at(r8,(7,6),1)", "at(r8,(7,3),4)", "at(r8,(7,2),5)", "at(r8,(6,1),7)", "at(r8,(5,1),8)", "at(r8,(3,1),10)", "at(r8,(2,1),11)", "at(r8,(1,2),13)", "at(r8,(1,3),14)", "at(r8,(1,5),16)", "at(r8,(1,6),17)"
          ],
          "Costs": [
            144
          ]
        },
        {
          "Value": [
            "at(r1,(1,1),0)", "at(r2,(1,4),0)", "at(r3,(1,7),0)", "at(r4,(4,1),0)", "at(r5,(4,7),0)", "at(r6,(7,1),0)", "at(r7,(7,4),0)", "at(r8,(7,7),0)", "assign(r1,j1,1)", "assign(r2,j2,1)", "assign(r3,j3,1)", "assign(r4,j9,1)", "assign(r5,j5,1)", "assign(r6,j6,1)", "assign(r7,j7,1)", "assign(r8,j8,1)", "assign(r4,j4,2)", "at(r2,(1,7),3)", "at(r3,(4,7),3)", "at(r1,(1,4),3)", "at(r4,(4,4),3)", "at(r8,(7,4),3)", "at(r6,(4,1),3)", "at(r7,(7,1),3)", "at(r5,(7,7),3)", "at(r4,(2,4),5)", "at(r8,(7,1),6)", "at(r7,(4,1),6)", "at(r6,(1,1),6)", "at(r5,(7,4),6)", "at(r4,(1,4),6)", "at(r3,(7,7),6)", "at(r2,(4,7),6)", "at(r1,(1,7),6)", "at(r4,(1,7),9)", "at(r1,(4,7),9)", "at(r2,(7,7),9)", "at(r7,(1,1),9)", "at(r8,(4,1),9)", "at(r3,(7,4),9)", "at(r6,(1,4),9)", "at(r5,(4,1),12)", "at(r8,(1,1),12)", "at(r1,(7,7),12)", "at(r4,(4,7),12)", "at(r6,(1,7),12)", "at(r7,(1,4),12)", "at(r2,(7,4),12)", "at(r3,(7,1),12)", "at(r4,(7,7),15)", "at(r2,(7,1),15)", "at(r3,(4,1),15)", "at(r1,(7,4),15)", "at(r8,(1,4),15)", "at(r6,(4,7),15)", "at(r7,(1,7),15)", "at(r8,(1,7),18)", "at(r7,(4,7),18)", "at(r6,(7,7),18)", "at(r5,(1,4),18)", "at(r4,(7,4),18)", "at(r3,(1,1),18)", "at(r2,(4,1),18)", "at(r1,(7,1),18)", "at(r1,(1,2),1)", "at(r1,(1,3),2)", "at(r1,(1,5),4)", "at(r1,(1,6),5)", "at(r1,(2,7),7)", "at(r1,(3,7),8)", "at(r1,(5,7),10)", "at(r1,(6,7),11)", "at(r1,(7,6),13)", "at(r1,(7,5),14)", "at(r1,(7,3),16)", "at(r1,(7,2),17)", "at(r2,(1,5),1)", "at(r2,(1,6),2)", "at(r2,(2,7),4)", "at(r2,(3,7),5)", "at(r2,(5,7),7)", "at(r2,(6,7),8)", "at(r2,(7,6),10)", "at(r2,(7,5),11)", "at(r2,(7,3),13)", "at(r2,(7,2),14)", "at(r2,(6,1),16)", "at(r2,(5,1),17)", "at(r3,(2,7),1)", "at(r3,(3,7),2)", "at(r3,(5,7),4)", "at(r3,(6,7),5)", "at(r3,(7,6),7)", "at(r3,(7,5),8)", "at(r3,(7,3),10)", "at(r3,(7,2),11)", "at(r3,(6,1),13)", "at(r3,(5,1),14)", "at(r3,(3,1),16)", "at(r3,(2,1),17)", "at(r4,(4,2),1)", "at(r4,(4,3),2)", "at(r4,(3,4),4)", "at(r4,(1,5),7)", "at(r4,(1,6),8)", "at(r4,(2,7),10)", "at(r4,(3,7),11)", "at(r4,(5,7),13)", "at(r4,(6,7),14)", "at(r4,(7,6),16)", "at(r4,(7,5),17)", "at(r5,(5,7),1)", "at(r5,(6,7),2)", "at(r5,(7,6),4)", "at(r5,(7,5),5)", "at(r5,(6,4),7)", "at(r5,(5,4),8)", "at(r5,(4,4),9)", "at(r5,(4,3),10)", "at(r5,(4,2),11)", "at(r5,(4,2),13)", "at(r5,(4,3),14)", "at(r5,(4,4),15)", "at(r5,(3,4),16)", "at(r5,(2,4),17)", "at(r6,(5,1),2)", "at(r6,(6,1),1)", "at(r6,(3,1),4)", "at(r6,(2,1),5)", "at(r6,(1,2),7)", "at(r6,(1,3),8)", "at(r6,(1,5),10)", "at(r6,(1,6),11)", "at(r6,(2,7),13)", "at(r6,(3,7),14)", "at(r6,(5,7),16)", "at(r6,(6,7),17)", "at(r7,(7,2),2)", "at(r7,(7,3),1)", "at(r7,(6,1),4)", "at(r7,(5,1),5)", "at(r7,(3,1),7)", "at(r7,(2,1),8)", "at(r7,(1,2),10)", "at(r7,(1,3),11)", "at(r7,(1,5),13)", "at(r7,(1,6),14)", "at(r7,(2,7),16)", "at(r7,(3,7),17)", "at(r8,(7,5),2)", "at(r8,(7,6),1)", "at(r8,(7,3),4)", "at(r8,(7,2),5)", "at(r8,(6,1),7)", "at(r8,(5,1),8)", "at(r8,(3,1),10)", "at(r8,(2,1),11)", "at(r8,(1,2),13)", "at(r8,(1,3),14)", "at(r8,(1,5),16)", "at(r8,(1,6),17)"
          ],
          "Costs": [
            144
          ]
        },
        {
          "Value": [
            "at(r1,(1,1),0)", "at(r2,(1,4),0)", "at(r3,(1,7),0)", "at(r4,(4,1),0)", "at(r5,(4,7),0)", "at(r6,(7,1),0)", "at(r7,(7,4),0)", "at(r8,(7,7),0)", "assign(r1,j1,1)", "assign(r2,j2,1)", "assign(r3,j3,1)", "assign(r4,j9,1)", "assign(r5,j5,1)", "assign(r6,j6,1)", "assign(r7,j7,1)", "assign(r8,j8,1)", "assign(r4,j4,2)", "at(r2,(1,7),3)", "at(r3,(4,7),3)", "at(r1,(1,4),3)", "at(r4,(4,4),3)", "at(r8,(7,4),3)", "at(r6,(4,1),3)", "at(r7,(7,1),3)", "at(r5,(7,7),3)", "at(r4,(2,4),5)", "at(r8,(7,1),6)", "at(r7,(4,1),6)", "at(r6,(1,1),6)", "at(r5,(7,4),6)", "at(r4,(1,4),6)", "at(r3,(7,7),6)", "at(r2,(4,7),6)", "at(r1,(1,7),6)", "at(r4,(1,7),9)", "at(r1,(4,7),9)", "at(r2,(7,7),9)", "at(r7,(1,1),9)", "at(r8,(4,1),9)", "at(r5,(7,1),9)", "at(r3,(7,4),9)", "at(r6,(1,4),9)", "at(r5,(4,1),12)", "at(r8,(1,1),12)", "at(r1,(7,7),12)", "at(r4,(4,7),12)", "at(r6,(1,7),12)", "at(r7,(1,4),12)", "at(r2,(7,4),12)", "at(r3,(7,1),12)", "at(r4,(7,7),15)", "at(r5,(1,1),15)", "at(r2,(7,1),15)", "at(r3,(4,1),15)", "at(r1,(7,4),15)", "at(r8,(1,4),15)", "at(r6,(4,7),15)", "at(r7,(1,7),15)", "at(r8,(1,7),18)", "at(r7,(4,7),18)", "at(r6,(7,7),18)", "at(r5,(1,4),18)", "at(r4,(7,4),18)", "at(r3,(1,1),18)", "at(r2,(4,1),18)", "at(r1,(7,1),18)", "at(r1,(1,2),1)", "at(r1,(1,3),2)", "at(r1,(1,5),4)", "at(r1,(1,6),5)", "at(r1,(2,7),7)", "at(r1,(3,7),8)", "at(r1,(5,7),10)", "at(r1,(6,7),11)", "at(r1,(7,6),13)", "at(r1,(7,5),14)", "at(r1,(7,3),16)", "at(r1,(7,2),17)", "at(r2,(1,5),1)", "at(r2,(1,6),2)", "at(r2,(2,7),4)", "at(r2,(3,7),5)", "at(r2,(5,7),7)", "at(r2,(6,7),8)", "at(r2,(7,6),10)", "at(r2,(7,5),11)", "at(r2,(7,3),13)", "at(r2,(7,2),14)", "at(r2,(6,1),16)", "at(r2,(5,1),17)", "at(r3,(2,7),1)", "at(r3,(3,7),2)", "at(r3,(5,7),4)", "at(r3,(6,7),5)", "at(r3,(7,6),7)", "at(r3,(7,5),8)", "at(r3,(7,3),10)", "at(r3,(7,2),11)", "at(r3,(6,1),13)", "at(r3,(5,1),14)", "at(r3,(3,1),16)", "at(r3,(2,1),17)", "at(r4,(4,2),1)", "at(r4,(4,3),2)", "at(r4,(3,4),4)", "at(r4,(1,5),7)", "at(r4,(1,6),8)", "at(r4,(2,7),10)", "at(r4,(3,7),11)", "at(r4,(5,7),13)", "at(r4,(6,7),14)", "at(r4,(7,6),16)", "at(r4,(7,5),17)", "at(r5,(5,7),1)", "at(r5,(6,7),2)", "at(r5,(7,6),4)", "at(r5,(7,5),5)", "at(r5,(7,3),7)", "at(r5,(7,2),8)", "at(r5,(6,1),10)", "at(r5,(5,1),11)", "at(r5,(3,1),13)", "at(r5,(2,1),14)", "at(r5,(1,2),16)", "at(r5,(1,3),17)", "at(r6,(5,1),2)", "at(r6,(6,1),1)", "at(r6,(3,1),4)", "at(r6,(2,1),5)", "at(r6,(1,2),7)", "at(r6,(1,3),8)", "at(r6,(1,5),10)", "at(r6,(1,6),11)", "at(r6,(2,7),13)", "at(r6,(3,7),14)", "at(r6,(5,7),16)", "at(r6,(6,7),17)", "at(r7,(7,2),2)", "at(r7,(7,3),1)", "at(r7,(6,1),4)", "at(r7,(5,1),5)", "at(r7,(3,1),7)", "at(r7,(2,1),8)", "at(r7,(1,2),10)", "at(r7,(1,3),11)", "at(r7,(1,5),13)", "at(r7,(1,6),14)", "at(r7,(2,7),16)", "at(r7,(3,7),17)", "at(r8,(7,5),2)", "at(r8,(7,6),1)", "at(r8,(7,3),4)", "at(r8,(7,2),5)", "at(r8,(6,1),7)", "at(r8,(5,1),8)", "at(r8,(3,1),10)", "at(r8,(2,1),11)", "at(r8,(1,2),13)", "at(r8,(1,3),14)", "at(r8,(1,5),16)", "at(r8,(1,6),17)"
          ],
          "Costs": [
            144
          ]
        },
        {
          "Value": [
            "at(r1,(1,1),0)", "at(r2,(1,4),0)", "at(r3,(1,7),0)", "at(r4,(4,1),0)", "at(r5,(4,7),0)", "at(r6,(7,1),0)", "at(r7,(7,4),0)", "at(r8,(7,7),0)", "assign(r1,j1,1)", "assign(r2,j2,1)", "assign(r3,j3,1)", "assign(r4,j9,1)", "assign(r5,j5,1)", "assign(r6,j6,1)", "assign(r7,j7,1)", "assign(r8,j8,1)", "assign(r4,j4,2)", "at(r2,(1,7),3)", "at(r3,(4,7),3)", "at(r1,(1,4),3)", "at(r4,(4,4),3)", "at(r8,(7,4),3)", "at(r6,(4,1),3)", "at(r7,(7,1),3)", "at(r5,(7,7),3)", "at(r4,(2,4),5)", "at(r8,(7,1),6)", "at(r7,(4,1),6)", "at(r6,(1,1),6)", "at(r5,(7,4),6)", "at(r4,(1,4),6)", "at(r3,(7,7),6)", "at(r2,(4,7),6)", "at(r1,(1,7),6)", "at(r4,(1,7),9)", "at(r1,(4,7),9)", "at(r2,(4,4),9)", "at(r7,(1,1),9)", "at(r8,(4,1),9)", "at(r5,(7,1),9)", "at(r3,(7,4),9)", "at(r6,(1,4),9)", "at(r5,(4,1),12)", "at(r8,(1,1),12)", "at(r1,(7,7),12)", "at(r4,(4,7),12)", "at(r6,(1,7),12)", "at(r7,(1,4),12)", "at(r2,(7,4),12)", "at(r3,(7,1),12)", "at(r4,(7,7),15)", "at(r5,(1,1),15)", "at(r2,(7,1),15)", "at(r3,(4,1),15)", "at(r1,(7,4),15)", "at(r8,(1,4),15)", "at(r6,(4,7),15)", "at(r7,(1,7),15)", "at(r8,(1,7),18)", "at(r7,(4,7),18)", "at(r6,(7,7),18)", "at(r5,(1,4),18)", "at(r4,(7,4),18)", "at(r3,(1,1),18)", "at(r2,(4,1),18)", "at(r1,(7,1),18)", "at(r1,(1,2),1)", "at(r1,(1,3),2)", "at(r1,(1,5),4)", "at(r1,(1,6),5)", "at(r1,(2,7),7)", "at(r1,(3,7),8)", "at(r1,(5,7),10)", "at(r1,(6,7),11)", "at(r1,(7,6),13)", "at(r1,(7,5),14)", "at(r1,(7,3),16)", "at(r1,(7,2),17)", "at(r2,(1,5),1)", "at(r2,(1,6),2)", "at(r2,(2,7),4)", "at(r2,(3,7),5)", "at(r2,(4,6),7)", "at(r2,(4,5),8)", "at(r2,(5,4),10)", "at(r2,(6,4),11)", "at(r2,(7,3),13)", "at(r2,(7,2),14)", "at(r2,(6,1),16)", "at(r2,(5,1),17)", "at(r3,(2,7),1)", "at(r3,(3,7),2)", "at(r3,(5,7),4)", "at(r3,(6,7),5)", "at(r3,(7,6),7)", "at(r3,(7,5),8)", "at(r3,(7,3),10)", "at(r3,(7,2),11)", "at(r3,(6,1),13)", "at(r3,(5,1),14)", "at(r3,(3,1),16)", "at(r3,(2,1),17)", "at(r4,(4,2),1)", "at(r4,(4,3),2)", "at(r4,(3,4),4)", "at(r4,(1,5),7)", "at(r4,(1,6),8)", "at(r4,(2,7),10)", "at(r4,(3,7),11)", "at(r4,(5,7),13)", "at(r4,(6,7),14)", "at(r4,(7,6),16)", "at(r4,(7,5),17)", "at(r5,(5,7),1)", "at(r5,(6,7),2)", "at(r5,(7,6),4)", "at(r5,(7,5),5)", "at(r5,(7,3),7)", "at(r5,(7,2),8)", "at(r5,(6,1),10)", "at(r5,(5,1),11)", "at(r5,(3,1),13)", "at(r5,(2,1),14)", "at(r5,(1,2),16)", "at(r5,(1,3),17)", "at(r6,(5,1),2)", "at(r6,(6,1),1)", "at(r6,(3,1),4)", "at(r6,(2,1),5)", "at(r6,(1,2),7)", "at(r6,(1,3),8)", "at(r6,(1,5),10)", "at(r6,(1,6),11)", "at(r6,(2,7),13)", "at(r6,(3,7),14)", "at(r6,(5,7),16)", "at(r6,(6,7),17)", "at(r7,(7,2),2)", "at(r7,(7,3),1)", "at(r7,(6,1),4)", "at(r7,(5,1),5)", "at(r7,(3,1),7)", "at(r7,(2,1),8)", "at(r7,(1,2),10)", "at(r7,(1,3),11)", "at(r7,(1,5),13)", "at(r7,(1,6),14)", "at(r7,(2,7),16)", "at(r7,(3,7),17)", "at(r8,(7,5),2)", "at(r8,(7,6),1)", "at(r8,(7,3),4)", "at(r8,(7,2),5)", "at(r8,(6,1),7)", "at(r8,(5,1),8)", "at(r8,(3,1),10)", "at(r8,(2,1),11)", "at(r8,(1,2),13)", "at(r8,(1,3),14)", "at(r8,(1,5),16)", "at(r8,(1,6),17)"
          ],
          "Costs": [
            144
          ]
        },
        {
          "Value": [
            "at(r1,(1,1),0)", "at(r2,(1,4),0)", "at(r3,(1,7),0)", "at(r4,(4,1),0)", "at(r5,(4,7),0)", "at(r6,(7,1),0)", "at(r7,(7,4),0)", "at(r8,(7,7),0)", "assign(r1,j1,1)", "assign(r2,j2,1)", "assign(r3,j3,1)", "assign(r4,j9,1)", "assign(r5,j5,1)", "assign(r6,j6,1)", "assign(r7,j7,1)", "assign(r8,j8,1)", "assign(r4,j4,2)", "at(r2,(1,7),3)", "at(r3,(4,7),3)", "at(r1,(1,4),3)", "at(r4,(4,4),3)", "at(r8,(7,4),3)", "at(r6,(4,1),3)", "at(r7,(7,1),3)", "at(r5,(7,7),3)", "at(r4,(2,4),5)", "at(r8,(7,1),6)", "at(r7,(4,1),6)", "at(r6,(1,1),6)", "at(r5,(7,4),6)", "at(r4,(1,4),6)", "at(r3,(7,7),6)", "at(r2,(4,7),6)", "at(r1,(1,7),6)", "at(r4,(1,7),9)", "at(r1,(4,7),9)", "at(r2,(4,4),9)", "at(r7,(1,1),9)", "at(r8,(4,1),9)", "at(r5,(7,1),9)", "at(r3,(7,4),9)", "at(r6,(1,4),9)", "at(r5,(4,1),12)", "at(r8,(1,1),12)", "at(r1,(7,7),12)", "at(r4,(4,7),12)", "at(r6,(1,7),12)", "at(r7,(1,4),12)", "at(r2,(7,4),12)", "at(r3,(7,1),12)", "at(r4,(7,7),15)", "at(r2,(7,1),15)", "at(r3,(4,1),15)", "at(r1,(7,4),15)", "at(r8,(1,4),15)", "at(r6,(4,7),15)", "at(r7,(1,7),15)", "at(r8,(1,7),18)", "at(r7,(4,7),18)", "at(r6,(7,7),18)", "at(r5,(1,4),18)", "at(r4,(7,4),18)", "at(r3,(1,1),18)", "at(r2,(4,1),18)", "at(r1,(7,1),18)", "at(r1,(1,2),1)", "at(r1,(1,3),2)", "at(r1,(1,5),4)", "at(r1,(1,6),5)", "at(r1,(2,7),7)", "at(r1,(3,7),8)", "at(r1,(5,7),10)", "at(r1,(6,7),11)", "at(r1,(7,6),13)", "at(r1,(7,5),14)", "at(r1,(7,3),16)", "at(r1,(7,2),17)", "at(r2,(1,5),1)", "at(r2,(1,6),2)", "at(r2,(2,7),4)", "at(r2,(3,7),5)", "at(r2,(4,6),7)", "at(r2,(4,5),8)", "at(r2,(5,4),10)", "at(r2,(6,4),11)", "at(r2,(7,3),13)", "at(r2,(7,2),14)", "at(r2,(6,1),16)", "at(r2,(5,1),17)", "at(r3,(2,7),1)", "at(r3,(3,7),2)", "at(r3,(5,7),4)", "at(r3,(6,7),5)", "at(r3,(7,6),7)", "at(r3,(7,5),8)", "at(r3,(7,3),10)", "at(r3,(7,2),11)", "at(r3,(6,1),13)", "at(r3,(5,1),14)", "at(r3,(3,1),16)", "at(r3,(2,1),17)", "at(r4,(4,2),1)", "at(r4,(4,3),2)", "at(r4,(3,4),4)", "at(r4,(1,5),7)", "at(r4,(1,6),8)", "at(r4,(2,7),10)", "at(r4,(3,7),11)", "at(r4,(5,7),13)", "at(r4,(6,7),14)", "at(r4,(7,6),16)", "at(r4,(7,5),17)", "at(r5,(5,7),1)", "at(r5,(6,7),2)", "at(r5,(7,6),4)", "at(r5,(7,5),5)", "at(r5,(7,3),7)", "at(r5,(7,2),8)", "at(r5,(6,1),10)", "at(r5,(5,1),11)", "at(r5,(4,2),13)", "at(r5,(4,3),14)", "at(r5,(4,4),15)", "at(r5,(3,4),16)", "at(r5,(2,4),17)", "at(r6,(5,1),2)", "at(r6,(6,1),1)", "at(r6,(3,1),4)", "at(r6,(2,1),5)", "at(r6,(1,2),7)", "at(r6,(1,3),8)", "at(r6,(1,5),10)", "at(r6,(1,6),11)", "at(r6,(2,7),13)", "at(r6,(3,7),14)", "at(r6,(5,7),16)", "at(r6,(6,7),17)", "at(r7,(7,2),2)", "at(r7,(7,3),1)", "at(r7,(6,1),4)", "at(r7,(5,1),5)", "at(r7,(3,1),7)", "at(r7,(2,1),8)", "at(r7,(1,2),10)", "at(r7,(1,3),11)", "at(r7,(1,5),13)", "at(r7,(1,6),14)", "at(r7,(2,7),16)", "at(r7,(3,7),17)", "at(r8,(7,5),2)", "at(r8,(7,6),1)", "at(r8,(7,3),4)", "at(r8,(7,2),5)", "at(r8,(6,1),7)", "at(r8,(5,1),8)", "at(r8,(3,1),10)", "at(r8,(2,1),11)", "at(r8,(1,2),13)", "at(r8,(1,3),14)", "at(r8,(1,5),16)", "at(r8,(1,6),17)"
          ],
          "Costs": [
            144
          ]
        },
        {
          "Value": [
            "at(r1,(1,1),0)", "at(r2,(1,4),0)", "at(r3,(1,7),0)", "at(r4,(4,1),0)", "at(r5,(4,7),0)", "at(r6,(7,1),0)", "at(r7,(7,4),0)", "at(r8,(7,7),0)", "assign(r1,j1,1)", "assign(r2,j2,1)", "assign(r3,j3,1)", "assign(r4,j9,1)", "assign(r5,j5,1)", "assign(r6,j6,1)", "assign(r7,j7,1)", "assign(r8,j8,1)", "assign(r4,j4,2)", "at(r2,(1,7),3)", "at(r3,(4,7),3)", "at(r1,(1,4),3)", "at(r4,(4,4),3)", "at(r8,(7,4),3)", "at(r6,(4,1),3)", "at(r7,(7,1),3)", "at(r5,(7,7),3)", "at(r4,(2,4),5)", "at(r8,(7,1),6)", "at(r7,(4,1),6)", "at(r6,(1,1),6)", "at(r5,(7,4),6)", "at(r4,(1,4),6)", "at(r3,(7,7),6)", "at(r2,(4,7),6)", "at(r1,(1,7),6)", "at(r4,(1,7),9)", "at(r1,(4,7),9)", "at(r2,(7,7),9)", "at(r7,(1,1),9)", "at(r8,(4,1),9)", "at(r5,(7,1),9)", "at(r3,(7,4),9)", "at(r6,(1,4),9)", "at(r5,(4,1),12)", "at(r8,(1,1),12)", "at(r1,(7,7),12)", "at(r4,(4,7),12)", "at(r6,(1,7),12)", "at(r7,(1,4),12)", "at(r2,(7,4),12)", "at(r3,(7,1),12)", "at(r4,(7,7),15)", "at(r2,(4,4),15)", "at(r5,(1,1),15)", "at(r3,(4,1),15)", "at(r1,(7,4),15)", "at(r8,(1,4),15)", "at(r6,(4,7),15)", "at(r7,(1,7),15)", "at(r8,(1,7),18)", "at(r7,(4,7),18)", "at(r6,(7,7),18)", "at(r5,(1,4),18)", "at(r4,(7,4),18)", "at(r3,(1,1),18)", "at(r2,(4,1),18)", "at(r1,(7,1),18)", "at(r1,(1,2),1)", "at(r1,(1,3),2)", "at(r1,(1,5),4)", "at(r1,(1,6),5)", "at(r1,(2,7),7)", "at(r1,(3,7),8)", "at(r1,(5,7),10)", "at(r1,(6,7),11)", "at(r1,(7,6),13)", "at(r1,(7,5),14)", "at(r1,(7,3),16)", "at(r1,(7,2),17)", "at(r2,(1,5),1)", "at(r2,(1,6),2)", "at(r2,(2,7),4)", "at(r2,(3,7),5)", "at(r2,(5,7),7)", "at(r2,(6,7),8)", "at(r2,(7,6),10)", "at(r2,(7,5),11)", "at(r2,(6,4),13)", "at(r2,(5,4),14)", "at(r2,(4,3),16)", "at(r2,(4,2),17)", "at(r3,(2,7),1)", "at(r3,(3,7),2)", "at(r3,(5,7),4)", "at(r3,(6,7),5)", "at(r3,(7,6),7)", "at(r3,(7,5),8)", "at(r3,(7,3),10)", "at(r3,(7,2),11)", "at(r3,(6,1),13)", "at(r3,(5,1),14)", "at(r3,(3,1),16)", "at(r3,(2,1),17)", "at(r4,(4,2),1)", "at(r4,(4,3),2)", "at(r4,(3,4),4)", "at(r4,(1,5),7)", "at(r4,(1,6),8)", "at(r4,(2,7),10)", "at(r4,(3,7),11)", "at(r4,(5,7),13)", "at(r4,(6,7),14)", "at(r4,(7,6),16)", "at(r4,(7,5),17)", "at(r5,(5,7),1)", "at(r5,(6,7),2)", "at(r5,(7,6),4)", "at(r5,(7,5),5)", "at(r5,(7,3),7)", "at(r5,(7,2),8)", "at(r5,(6,1),10)", "at(r5,(5,1),11)", "at(r5,(3,1),13)", "at(r5,(2,1),14)", "at(r5,(1,2),16)", "at(r5,(1,3),17)", "at(r6,(5,1),2)", "at(r6,(6,1),1)", "at(r6,(3,1),4)", "at(r6,(2,1),5)", "at(r6,(1,2),7)", "at(r6,(1,3),8)", "at(r6,(1,5),10)", "at(r6,(1,6),11)", "at(r6,(2,7),13)", "at(r6,(3,7),14)", "at(r6,(5,7),16)", "at(r6,(6,7),17)", "at(r7,(7,2),2)", "at(r7,(7,3),1)", "at(r7,(6,1),4)", "at(r7,(5,1),5)", "at(r7,(3,1),7)", "at(r7,(2,1),8)", "at(r7,(1,2),10)", "at(r7,(1,3),11)", "at(r7,(1,5),13)", "at(r7,(1,6),14)", "at(r7,(2,7),16)", "at(r7,(3,7),17)", "at(r8,(7,5),2)", "at(r8,(7,6),1)", "at(r8,(7,3),4)", "at(r8,(7,2),5)", "at(r8,(6,1),7)", "at(r8,(5,1),8)", "at(r8,(3,1),10)", "at(r8,(2,1),11)", "at(r8,(1,2),13)", "at(r8,(1,3),14)", "at(r8,(1,5),16)", "at(r8,(1,6),17)"
          ],
          "Costs": [
            144
          ]
        },
        {
          "Value": [
            "at(r1,(1,1),0)", "at(r2,(1,4),0)", "at(r3,(1,7),0)", "at(r4,(4,1),0)", "at(r5,(4,7),0)", "at(r6,(7,1),0)", "at(r7,(7,4),0)", "at(r8,(7,7),0)", "assign(r1,j1,1)", "assign(r2,j2,1)", "assign(r3,j3,1)", "assign(r4,j9,1)", "assign(r5,j5,1)", "assign(r6,j6,1)", "assign(r7,j7,1)", "assign(r8,j8,1)", "assign(r4,j4,2)", "at(r2,(1,7),3)", "at(r3,(4,7),3)", "at(r1,(1,4),3)", "at(r4,(4,4),3)", "at(r8,(7,4),3)", "at(r6,(4,1),3)", "at(r7,(7,1),3)", "at(r5,(7,7),3)", "at(r4,(2,4),5)", "at(r8,(7,1),6)", "at(r7,(4,1),6)", "at(r6,(1,1),6)", "at(r5,(7,4),6)", "at(r4,(1,4),6)", "at(r3,(7,7),6)", "at(r2,(4,7),6)", "at(r1,(1,7),6)", "at(r4,(2,4),7)", "at(r1,(4,7),9)", "at(r2,(7,7),9)", "at(r4,(4,4),9)", "at(r7,(1,1),9)", "at(r8,(4,1),9)", "at(r5,(7,1),9)", "at(r3,(7,4),9)", "at(r6,(1,4),9)", "at(r5,(4,1),12)", "at(r8,(1,1),12)", "at(r1,(7,7),12)", "at(r4,(4,7),12)", "at(r6,(1,7),12)", "at(r7,(1,4),12)", "at(r2,(7,4),12)", "at(r3,(7,1),12)", "at(r4,(7,7),15)", "at(r2,(7,1),15)", "at(r3,(4,1),15)", "at(r1,(7,4),15)", "at(r8,(1,4),15)", "at(r6,(4,7),15)", "at(r7,(1,7),15)", "at(r8,(1,7),18)", "at(r7,(4,7),18)", "at(r6,(7,7),18)", "at(r5,(1,4),18)", "at(r4,(7,4),18)", "at(r3,(1,1),18)", "at(r2,(4,1),18)", "at(r1,(7,1),18)", "at(r1,(1,2),1)", "at(r1,(1,3),2)", "at(r1,(1,5),4)", "at(r1,(1,6),5)", "at(r1,(2,7),7)", "at(r1,(3,7),8)", "at(r1,(5,7),10)", "at(r1,(6,7),11)", "at(r1,(7,6),13)", "at(r1,(7,5),14)", "at(r1,(7,3),16)", "at(r1,(7,2),17)", "at(r2,(1,5),1)", "at(r2,(1,6),2)", "at(r2,(2,7),4)", "at(r2,(3,7),5)", "at(r2,(5,7),7)", "at(r2,(6,7),8)", "at(r2,(7,6),10)", "at(r2,(7,5),11)", "at(r2,(7,3),13)", "at(r2,(7,2),14)", "at(r2,(6,1),16)", "at(r2,(5,1),17)", "at(r3,(2,7),1)", "at(r3,(3,7),2)", "at(r3,(5,7),4)", "at(r3,(6,7),5)", "at(r3,(7,6),7)", "at(r3,(7,5),8)", "at(r3,(7,3),10)", "at(r3,(7,2),11)", "at(r3,(6,1),13)", "at(r3,(5,1),14)", "at(r3,(3,1),16)", "at(r3,(2,1),17)", "at(r4,(4,2),1)", "at(r4,(4,3),2)", "at(r4,(3,4),4)", "at(r4,(3,4),8)", "at(r4,(4,5),10)", "at(r4,(4,6),11)", "at(r4,(5,7),13)", "at(r4,(6,7),14)", "at(r4,(7,6),16)", "at(r4,(7,5),17)", "at(r5,(5,7),1)", "at(r5,(6,7),2)", "at(r5,(7,6),4)", "at(r5,(7,5),5)", "at(r5,(7,3),7)", "at(r5,(7,2),8)", "at(r5,(6,1),10)", "at(r5,(5,1),11)", "at(r5,(4,2),13)", "at(r5,(4,3),14)", "at(r5,(4,4),15)", "at(r5,(3,4),16)", "at(r5,(2,4),17)", "at(r6,(5,1),2)", "at(r6,(6,1),1)", "at(r6,(3,1),4)", "at(r6,(2,1),5)", "at(r6,(1,2),7)", "at(r6,(1,3),8)", "at(r6,(1,5),10)", "at(r6,(1,6),11)", "at(r6,(2,7),13)", "at(r6,(3,7),14)", "at(r6,(5,7),16)", "at(r6,(6,7),17)", "at(r7,(7,2),2)", "at(r7,(7,3),1)", "at(r7,(6,1),4)", "at(r7,(5,1),5)", "at(r7,(3,1),7)", "at(r7,(2,1),8)", "at(r7,(1,2),10)", "at(r7,(1,3),11)", "at(r7,(1,5),13)", "at(r7,(1,6),14)", "at(r7,(2,7),16)", "at(r7,(3,7),17)", "at(r8,(7,5),2)", "at(r8,(7,6),1)", "at(r8,(7,3),4)", "at(r8,(7,2),5)", "at(r8,(6,1),7)", "at(r8,(5,1),8)", "at(r8,(3,1),10)", "at(r8,(2,1),11)", "at(r8,(1,2),13)", "at(r8,(1,3),14)", "at(r8,(1,5),16)", "at(r8,(1,6),17)"
          ],
          "Costs": [
            144
          ]
        },
        {
          "Value": [
            "at(r1,(1,1),0)", "at(r2,(1,4),0)", "at(r3,(1,7),0)", "at(r4,(4,1),0)", "at(r5,(4,7),0)", "at(r6,(7,1),0)", "at(r7,(7,4),0)", "at(r8,(7,7),0)", "assign(r1,j1,1)", "assign(r2,j2,1)", "assign(r3,j3,1)", "assign(r4,j9,1)", "assign(r5,j5,1)", "assign(r6,j6,1)", "assign(r7,j7,1)", "assign(r8,j8,1)", "assign(r4,j4,2)", "at(r2,(1,7),3)", "at(r3,(4,7),3)", "at(r1,(1,4),3)", "at(r4,(4,4),3)", "at(r8,(7,4),3)", "at(r6,(4,1),3)", "at(r7,(7,1),3)", "at(r5,(7,7),3)", "at(r4,(2,4),5)", "at(r8,(7,1),6)", "at(r7,(4,1),6)", "at(r6,(1,1),6)", "at(r5,(7,4),6)", "at(r4,(1,4),6)", "at(r3,(7,7),6)", "at(r2,(4,7),6)", "at(r1,(1,7),6)", "at(r4,(1,7),9)", "at(r1,(4,7),9)", "at(r2,(4,4),9)", "at(r7,(1,1),9)", "at(r8,(4,1),9)", "at(r5,(7,1),9)", "at(r3,(7,4),9)", "at(r6,(1,4),9)", "at(r5,(4,1),12)", "at(r8,(1,1),12)", "at(r1,(7,7),12)", "at(r4,(4,7),12)", "at(r6,(1,7),12)", "at(r7,(1,4),12)", "at(r2,(7,4),12)", "at(r3,(7,1),12)", "at(r4,(7,7),15)", "at(r2,(4,4),15)", "at(r5,(1,1),15)", "at(r3,(4,1),15)", "at(r1,(7,4),15)", "at(r8,(1,4),15)", "at(r6,(4,7),15)", "at(r7,(1,7),15)", "at(r8,(1,7),18)", "at(r7,(4,7),18)", "at(r6,(7,7),18)", "at(r5,(1,4),18)", "at(r4,(7,4),18)", "at(r3,(1,1),18)", "at(r2,(4,1),18)", "at(r1,(7,1),18)", "at(r1,(1,2),1)", "at(r1,(1,3),2)", "at(r1,(1,5),4)", "at(r1,(1,6),5)", "at(r1,(2,7),7)", "at(r1,(3,7),8)", "at(r1,(5,7),10)", "at(r1,(6,7),11)", "at(r1,(7,6),13)", "at(r1,(7,5),14)", "at(r1,(7,3),16)", "at(r1,(7,2),17)", "at(r2,(1,5),1)", "at(r2,(1,6),2)", "at(r2,(2,7),4)", "at(r2,(3,7),5)", "at(r2,(4,6),7)", "at(r2,(4,5),8)", "at(r2,(5,4),10)", "at(r2,(6,4),11)", "at(r2,(6,4),13)", "at(r2,(5,4),14)", "at(r2,(4,3),16)", "at(r2,(4,2),17)", "at(r3,(2,7),1)", "at(r3,(3,7),2)", "at(r3,(5,7),4)", "at(r3,(6,7),5)", "at(r3,(7,6),7)", "at(r3,(7,5),8)", "at(r3,(7,3),10)", "at(r3,(7,2),11)", "at(r3,(6,1),13)", "at(r3,(5,1),14)", "at(r3,(3,1),16)", "at(r3,(2,1),17)", "at(r4,(4,2),1)", "at(r4,(4,3),2)", "at(r4,(3,4),4)", "at(r4,(1,5),7)", "at(r4,(1,6),8)", "at(r4,(2,7),10)", "at(r4,(3,7),11)", "at(r4,(5,7),13)", "at(r4,(6,7),14)", "at(r4,(7,6),16)", "at(r4,(7,5),17)", "at(r5,(5,7),1)", "at(r5,(6,7),2)", "at(r5,(7,6),4)", "at(r5,(7,5),5)", "at(r5,(7,3),7)", "at(r5,(7,2),8)", "at(r5,(6,1),10)", "at(r5,(5,1),11)", "at(r5,(3,1),13)", "at(r5,(2,1),14)", "at(r5,(1,2),16)", "at(r5,(1,3),17)", "at(r6,(5,1),2)", "at(r6,(6,1),1)", "at(r6,(3,1),4)", "at(r6,(2,1),5)", "at(r6,(1,2),7)", "at(r6,(1,3),8)", "at(r6,(1,5),10)", "at(r6,(1,6),11)", "at(r6,(2,7),13)", "at(r6,(3,7),14)", "at(r6,(5,7),16)", "at(r6,(6,7),17)", "at(r7,(7,2),2)", "at(r7,(7,3),1)", "at(r7,(6,1),4)", "at(r7,(5,1),5)", "at(r7,(3,1),7)", "at(r7,(2,1),8)", "at(r7,(1,2),10)", "at(r7,(1,3),11)", "at(r7,(1,5),13)", "at(r7,(1,6),14)", "at(r7,(2,7),16)", "at(r7,(3,7),17)", "at(r8,(7,5),2)", "at(r8,(7,6),1)", "at(r8,(7,3),4)", "at(r8,(7,2),5)", "at(r8,(6,1),7)", "at(r8,(5,1),8)", "at(r8,(3,1),10)", "at(r8,(2,1),11)", "at(r8,(1,2),13)", "at(r8,(1,3),14)", "at(r8,(1,5),16)", "at(r8,(1,6),17)"
          ],
          "Costs": [
            144
          ]
        },
        {
          "Value": [
            "at(r1,(1,1),0)", "at(r2,(1,4),0)", "at(r3,(1,7),0)", "at(r4,(4,1),0)", "at(r5,(4,7),0)", "at(r6,(7,1),0)", "at(r7,(7,4),0)", "at(r8,(7,7),0)", "assign(r1,j1,1)", "assign(r2,j2,1)", "assign(r3,j3,1)", "assign(r4,j9,1)", "assign(r5,j5,1)", "assign(r6,j6,1)", "assign(r7,j7,1)", "assign(r8,j8,1)", "assign(r4,j4,2)", "at(r2,(1,7),3)", "at(r3,(4,7),3)", "at(r1,(1,4),3)", "at(r4,(4,4),3)", "at(r8,(7,4),3)", "at(r6,(4,1),3)", "at(r7,(7,1),3)", "at(r5,(7,7),3)", "at(r4,(2,4),5)", "at(r8,(7,1),6)", "at(r7,(4,1),6)", "at(r6,(1,1),6)", "at(r5,(7,4),6)", "at(r4,(1,4),6)", "at(r3,(7,7),6)", "at(r2,(4,7),6)", "at(r1,(1,7),6)", "at(r4,(1,7),9)", "at(r1,(4,7),9)", "at(r2,(7,7),9)", "at(r7,(1,1),9)", "at(r8,(4,1),9)", "at(r5,(7,1),9)", "at(r3,(7,4),9)", "at(r6,(1,4),9)", "at(r5,(4,1),12)", "at(r8,(1,1),12)", "at(r1,(7,7),12)", "at(r4,(4,7),12)", "at(r6,(1,7),12)", "at(r7,(1,4),12)", "at(r2,(7,4),12)", "at(r3,(7,1),12)", "at(r4,(7,7),15)", "at(r2,(7,1),15)", "at(r3,(4,1),15)", "at(r1,(7,4),15)", "at(r8,(1,4),15)", "at(r6,(4,7),15)", "at(r7,(1,7),15)", "at(r8,(1,7),18)", "at(r7,(4,7),18)", "at(r6,(7,7),18)", "at(r5,(1,4),18)", "at(r4,(7,4),18)", "at(r3,(1,1),18)", "at(r2,(4,1),18)", "at(r1,(7,1),18)", "at(r1,(1,2),1)", "at(r1,(1,3),2)", "at(r1,(1,5),4)", "at(r1,(1,6),5)", "at(r1,(2,7),7)", "at(r1,(3,7),8)", "at(r1,(5,7),10)", "at(r1,(6,7),11)", "at(r1,(7,6),13)", "at(r1,(7,5),14)", "at(r1,(7,3),16)", "at(r1,(7,2),17)", "at(r2,(1,5),1)", "at(r2,(1,6),2)", "at(r2,(2,7),4)", "at(r2,(3,7),5)", "at(r2,(5,7),7)", "at(r2,(6,7),8)", "at(r2,(7,6),10)", "at(r2,(7,5),11)", "at(r2,(7,3),13)", "at(r2,(7,2),14)", "at(r2,(6,1),16)", "at(r2,(5,1),17)", "at(r3,(2,7),1)", "at(r3,(3,7),2)", "at(r3,(5,7),4)", "at(r3,(6,7),5)", "at(r3,(7,6),7)", "at(r3,(7,5),8)", "at(r3,(7,3),10)", "at(r3,(7,2),11)", "at(r3,(6,1),13)", "at(r3,(5,1),14)", "at(r3,(3,1),16)", "at(r3,(2,1),17)", "at(r4,(4,2),1)", "at(r4,(4,3),2)", "at(r4,(3,4),4)", "at(r4,(1,5),7)", "at(r4,(1,6),8)", "at(r4,(2,7),10)", "at(r4,(3,7),11)", "at(r4,(5,7),13)", "at(r4,(6,7),14)", "at(r4,(7,6),16)", "at(r4,(7,5),17)", "at(r5,(5,7),1)", "at(r5,(6,7),2)", "at(r5,(7,6),4)", "at(r5,(7,5),5)", "at(r5,(7,3),7)", "at(r5,(7,2),8)", "at(r5,(6,1),10)", "at(r5,(5,1),11)", "at(r5,(4,2),13)", "at(r5,(4,3),14)", "at(r5,(4,4),15)", "at(r5,(3,4),16)", "at(r5,(2,4),17)", "at(r6,(5,1),2)", "at(r6,(6,1),1)", "at(r6,(3,1),4)", "at(r6,(2,1),5)", "at(r6,(1,2),7)", "at(r6,(1,3),8)", "at(r6,(1,5),10)", "at(r6,(1,6),11)", "at(r6,(2,7),13)", "at(r6,(3,7),14)", "at(r6,(5,7),16)", "at(r6,(6,7),17)", "at(r7,(7,2),2)", "at(r7,(7,3),1)", "at(r7,(6,1),4)", "at(r7,(5,1),5)", "at(r7,(3,1),7)", "at(r7,(2,1),8)", "at(r7,(1,2),10)", "at(r7,(1,3),11)", "at(r7,(1,5),13)", "at(r7,(1,6),14)", "at(r7,(2,7),16)", "at(r7,(3,7),17)", "at(r8,(7,5),2)", "at(r8,(7,6),1)", "at(r8,(7,3),4)", "at(r8,(7,2),5)", "at(r8,(6,1),7)", "at(r8,(5,1),8)", "at(r8,(3,1),10)", "at(r8,(2,1),11)", "at(r8,(1,2),13)", "at(r8,(1,3),14)", "at(r8,(1,5),16)", "at(r8,(1,6),17)"
          ],
          "Costs": [
            144
          ]
        },
        {
          "Value": [
            "at(r1,(1,1),0)", "at(r2,(1,4),0)", "at(r3,(1,7),0)", "at(r4,(4,1),0)", "at(r5,(4,7),0)", "at(r6,(7,1),0)", "at(r7,(7,4),0)", "at(r8,(7,7),0)", "assign(r1,j1,1)", "assign(r2,j2,1)", "assign(r3,j3,1)", "assign(r4,j9,1)", "assign(r5,j5,1)", "assign(r6,j6,1)", "assign(r7,j7,1)", "assign(r8,j8,1)", "assign(r4,j4,2)", "at(r2,(1,7),3)", "at(r3,(4,7),3)", "at(r1,(1,4),3)", "at(r4,(4,4),3)", "at(r8,(7,4),3)", "at(r6,(4,1),3)", "at(r7,(7,1),3)", "at(r5,(7,7),3)", "at(r4,(2,4),5)", "at(r8,(7,1),6)", "at(r7,(4,1),6)", "at(r6,(1,1),6)", "at(r5,(7,4),6)", "at(r4,(1,4),6)", "at(r3,(7,7),6)", "at(r2,(4,7),6)", "at(r1,(1,7),6)", "at(r4,(2,4),7)", "at(r1,(4,7),9)", "at(r2,(7,7),9)", "at(r4,(4,4),9)", "at(r7,(1,1),9)", "at(r8,(4,1),9)", "at(r5,(7,1),9)", "at(r3,(7,4),9)", "at(r6,(1,4),9)", "at(r5,(4,1),12)", "at(r8,(1,1),12)", "at(r1,(7,7),12)", "at(r4,(4,7),12)", "at(r6,(1,7),12)", "at(r7,(1,4),12)", "at(r2,(7,4),12)", "at(r3,(7,1),12)", "at(r4,(7,7),15)", "at(r5,(1,1),15)", "at(r2,(7,1),15)", "at(r3,(4,1),15)", "at(r1,(7,4),15)", "at(r8,(1,4),15)", "at(r6,(4,7),15)", "at(r7,(1,7),15)", "at(r8,(1,7),18)", "at(r7,(4,7),18)", "at(r6,(7,7),18)", "at(r5,(1,4),18)", "at(r4,(7,4),18)", "at(r3,(1,1),18)", "at(r2,(4,1),18)", "at(r1,(7,1),18)", "at(r1,(1,2),1)", "at(r1,(1,3),2)", "at(r1,(1,5),4)", "at(r1,(1,6),5)", "at(r1,(2,7),7)", "at(r1,(3,7),8)", "at(r1,(5,7),10)", "at(r1,(6,7),11)", "at(r1,(7,6),13)", "at(r1,(7,5),14)", "at(r1,(7,3),16)", "at(r1,(7,2),17)", "at(r2,(1,5),1)", "at(r2,(1,6),2)", "at(r2,(2,7),4)", "at(r2,(3,7),5)", "at(r2,(5,7),7)", "at(r2,(6,7),8)", "at(r2,(7,6),10)", "at(r2,(7,5),11)", "at(r2,(7,3),13)", "at(r2,(7,2),14)", "at(r2,(6,1),16)", "at(r2,(5,1),17)", "at(r3,(2,7),1)", "at(r3,(3,7),2)", "at(r3,(5,7),4)", "at(r3,(6,7),5)", "at(r3,(7,6),7)", "at(r3,(7,5),8)", "at(r3,(7,3),10)", "at(r3,(7,2),11)", "at(r3,(6,1),13)", "at(r3,(5,1),14)", "at(r3,(3,1),16)", "at(r3,(2,1),17)", "at(r4,(4,2),1)", "at(r4,(4,3),2)", "at(r4,(3,4),4)", "at(r4,(3,4),8)", "at(r4,(4,5),10)", "at(r4,(4,6),11)", "at(r4,(5,7),13)", "at(r4,(6,7),14)", "at(r4,(7,6),16)", "at(r4,(7,5),17)", "at(r5,(5,7),1)", "at(r5,(6,7),2)", "at(r5,(7,6),4)", "at(r5,(7,5),5)", "at(r5,(7,3),7)", "at(r5,(7,2),8)", "at(r5,(6,1),10)", "at(r5,(5,1),11)", "at(r5,(3,1),13)", "at(r5,(2,1),14)", "at(r5,(1,2),16)", "at(r5,(1,3),17)", "at(r6,(5,1),2)", "at(r6,(6,1),1)", "at(r6,(3,1),4)", "at(r6,(2,1),5)", "at(r6,(1,2),7)", "at(r6,(1,3),8)", "at(r6,(1,5),10)", "at(r6,(1,6),11)", "at(r6,(2,7),13)", "at(r6,(3,7),14)", "at(r6,(5,7),16)", "at(r6,(6,7),17)", "at(r7,(7,2),2)", "at(r7,(7,3),1)", "at(r7,(6,1),4)", "at(r7,(5,1),5)", "at(r7,(3,1),7)", "at(r7,(2,1),8)", "at(r7,(1,2),10)", "at(r7,(1,3),11)", "at(r7,(1,5),13)", "at(r7,(1,6),14)", "at(r7,(2,7),16)", "at(r7,(3,7),17)", "at(r8,(7,5),2)", "at(r8,(7,6),1)", "at(r8,(7,3),4)", "at(r8,(7,2),5)", "at(r8,(6,1),7)", "at(r8,(5,1),8)", "at(r8,(3,1),10)", "at(r8,(2,1),11)", "at(r8,(1,2),13)", "at(r8,(1,3),14)", "at(r8,(1,5),16)", "at(r8,(1,6),17)"
          ],
          "Costs": [
            144
          ]
        },
        {
          "Value": [
            "at(r1,(1,1),0)", "at(r2,(1,4),0)", "at(r3,(1,7),0)", "at(r4,(4,1),0)", "at(r5,(4,7),0)", "at(r6,(7,1),0)", "at(r7,(7,4),0)", "at(r8,(7,7),0)", "assign(r1,j1,1)", "assign(r2,j2,1)", "assign(r3,j3,1)", "assign(r4,j9,1)", "assign(r5,j5,1)", "assign(r6,j6,1)", "assign(r7,j7,1)", "assign(r8,j8,1)", "assign(r4,j4,2)", "at(r2,(1,7),3)", "at(r3,(4,7),3)", "at(r1,(1,4),3)", "at(r4,(4,4),3)", "at(r8,(7,4),3)", "at(r6,(4,1),3)", "at(r7,(7,1),3)", "at(r5,(7,7),3)", "at(r4,(2,4),5)", "at(r8,(7,1),6)", "at(r7,(4,1),6)", "at(r6,(1,1),6)", "at(r5,(7,4),6)", "at(r4,(1,4),6)", "at(r3,(7,7),6)", "at(r2,(4,7),6)", "at(r1,(1,7),6)", "at(r4,(2,4),7)", "at(r1,(4,7),9)", "at(r2,(7,7),9)", "at(r4,(4,4),9)", "at(r7,(1,1),9)", "at(r8,(4,1),9)", "at(r5,(7,1),9)", "at(r3,(7,4),9)", "at(r6,(1,4),9)", "at(r5,(4,1),12)", "at(r8,(1,1),12)", "at(r1,(7,7),12)", "at(r4,(4,7),12)", "at(r6,(1,7),12)", "at(r7,(1,4),12)", "at(r2,(7,4),12)", "at(r3,(7,1),12)", "at(r4,(7,7),15)", "at(r2,(4,4),15)", "at(r5,(1,1),15)", "at(r3,(4,1),15)", "at(r1,(7,4),15)", "at(r8,(1,4),15)", "at(r6,(4,7),15)", "at(r7,(1,7),15)", "at(r8,(1,7),18)", "at(r7,(4,7),18)", "at(r6,(7,7),18)", "at(r5,(1,4),18)", "at(r4,(7,4),18)", "at(r3,(1,1),18)", "at(r2,(4,1),18)", "at(r1,(7,1),18)", "at(r1,(1,2),1)", "at(r1,(1,3),2)", "at(r1,(1,5),4)", "at(r1,(1,6),5)", "at(r1,(2,7),7)", "at(r1,(3,7),8)", "at(r1,(5,7),10)", "at(r1,(6,7),11)", "at(r1,(7,6),13)", "at(r1,(7,5),14)", "at(r1,(7,3),16)", "at(r1,(7,2),17)", "at(r2,(1,5),1)", "at(r2,(1,6),2)", "at(r2,(2,7),4)", "at(r2,(3,7),5)", "at(r2,(5,7),7)", "at(r2,(6,7),8)", "at(r2,(7,6),10)", "at(r2,(7,5),11)", "at(r2,(6,4),13)", "at(r2,(5,4),14)", "at(r2,(4,3),16)", "at(r2,(4,2),17)", "at(r3,(2,7),1)", "at(r3,(3,7),2)", "at(r3,(5,7),4)", "at(r3,(6,7),5)", "at(r3,(7,6),7)", "at(r3,(7,5),8)", "at(r3,(7,3),10)", "at(r3,(7,2),11)", "at(r3,(6,1),13)", "at(r3,(5,1),14)", "at(r3,(3,1),16)", "at(r3,(2,1),17)", "at(r4,(4,2),1)", "at(r4,(4,3),2)", "at(r4,(3,4),4)", "at(r4,(3,4),8)", "at(r4,(4,5),10)", "at(r4,(4,6),11)", "at(r4,(5,7),13)", "at(r4,(6,7),14)", "at(r4,(7,6),16)", "at(r4,(7,5),17)", "at(r5,(5,7),1)", "at(r5,(6,7),2)", "at(r5,(7,6),4)", "at(r5,(7,5),5)", "at(r5,(7,3),7)", "at(r5,(7,2),8)", "at(r5,(6,1),10)", "at(r5,(5,1),11)", "at(r5,(3,1),13)", "at(r5,(2,1),14)", "at(r5,(1,2),16)", "at(r5,(1,3),17)", "at(r6,(5,1),2)", "at(r6,(6,1),1)", "at(r6,(3,1),4)", "at(r6,(2,1),5)", "at(r6,(1,2),7)", "at(r6,(1,3),8)", "at(r6,(1,5),10)", "at(r6,(1,6),11)", "at(r6,(2,7),13)", "at(r6,(3,7),14)", "at(r6,(5,7),16)", "at(r6,(6,7),17)", "at(r7,(7,2),2)", "at(r7,(7,3),1)", "at(r7,(6,1),4)", "at(r7,(5,1),5)", "at(r7,(3,1),7)", "at(r7,(2,1),8)", "at(r7,(1,2),10)", "at(r7,(1,3),11)", "at(r7,(1,5),13)", "at(r7,(1,6),14)", "at(r7,(2,7),16)", "at(r7,(3,7),17)", "at(r8,(7,5),2)", "at(r8,(7,6),1)", "at(r8,(7,3),4)", "at(r8,(7,2),5)", "at(r8,(6,1),7)", "at(r8,(5,1),8)", "at(r8,(3,1),10)", "at(r8,(2,1),11)", "at(r8,(1,2),13)", "at(r8,(1,3),14)", "at(r8,(1,5),16)", "at(r8,(1,6),17)"
          ],
          "Costs": [
            144
          ]
        },
        {
          "Value": [
            "at(r1,(1,1),0)", "at(r2,(1,4),0)", "at(r3,(1,7),0)", "at(r4,(4,1),0)", "at(r5,(4,7),0)", "at(r6,(7,1),0)", "at(r7,(7,4),0)", "at(r8,(7,7),0)", "assign(r1,j1,1)", "assign(r2,j2,1)", "assign(r3,j3,1)", "assign(r4,j9,1)", "assign(r5,j5,1)", "assign(r6,j6,1)", "assign(r7,j7,1)", "assign(r8,j8,1)", "assign(r4,j4,2)", "at(r2,(1,7),3)", "at(r3,(4,7),3)", "at(r1,(1,4),3)", "at(r4,(4,4),3)", "at(r8,(7,4),3)", "at(r6,(4,1),3)", "at(r7,(7,1),3)", "at(r5,(7,7),3)", "at(r4,(2,4),5)", "at(r8,(7,1),6)", "at(r7,(4,1),6)", "at(r6,(1,1),6)", "at(r5,(7,4),6)", "at(r4,(1,4),6)", "at(r3,(7,7),6)", "at(r2,(4,7),6)", "at(r1,(1,7),6)", "at(r4,(1,7),9)", "at(r1,(4,7),9)", "at(r2,(7,7),9)", "at(r7,(1,1),9)", "at(r8,(4,1),9)", "at(r3,(7,4),9)", "at(r6,(1,4),9)", "at(r5,(4,1),12)", "at(r8,(1,1),12)", "at(r1,(7,7),12)", "at(r4,(4,7),12)", "at(r6,(1,7),12)", "at(r7,(1,4),12)", "at(r2,(7,4),12)", "at(r3,(7,1),12)", "at(r4,(4,4),15)", "at(r5,(1,1),15)", "at(r2,(7,1),15)", "at(r3,(4,1),15)", "at(r1,(7,4),15)", "at(r8,(1,4),15)", "at(r6,(4,7),15)", "at(r7,(1,7),15)", "at(r8,(1,7),18)", "at(r7,(4,7),18)", "at(r6,(7,7),18)", "at(r5,(1,4),18)", "at(r4,(7,4),18)", "at(r3,(1,1),18)", "at(r2,(4,1),18)", "at(r1,(7,1),18)", "at(r1,(1,2),1)", "at(r1,(1,3),2)", "at(r1,(1,5),4)", "at(r1,(1,6),5)", "at(r1,(2,7),7)", "at(r1,(3,7),8)", "at(r1,(5,7),10)", "at(r1,(6,7),11)", "at(r1,(7,6),13)", "at(r1,(7,5),14)", "at(r1,(7,3),16)", "at(r1,(7,2),17)", "at(r2,(1,5),1)", "at(r2,(1,6),2)", "at(r2,(2,7),4)", "at(r2,(3,7),5)", "at(r2,(5,7),7)", "at(r2,(6,7),8)", "at(r2,(7,6),10)", "at(r2,(7,5),11)", "at(r2,(7,3),13)", "at(r2,(7,2),14)", "at(r2,(6,1),16)", "at(r2,(5,1),17)", "at(r3,(2,7),1)", "at(r3,(3,7),2)", "at(r3,(5,7),4)", "at(r3,(6,7),5)", "at(r3,(7,6),7)", "at(r3,(7,5),8)", "at(r3,(7,3),10)", "at(r3,(7,2),11)", "at(r3,(6,1),13)", "at(r3,(5,1),14)", "at(r3,(3,1),16)", "at(r3,(2,1),17)", "at(r4,(4,2),1)", "at(r4,(4,3),2)", "at(r4,(3,4),4)", "at(r4,(1,5),7)", "at(r4,(1,6),8)", "at(r4,(2,7),10)", "at(r4,(3,7),11)", "at(r4,(4,6),13)", "at(r4,(4,5),14)", "at(r4,(5,4),16)", "at(r4,(6,4),17)", "at(r5,(5,7),1)", "at(r5,(6,7),2)", "at(r5,(7,6),4)", "at(r5,(7,5),5)", "at(r5,(6,4),7)", "at(r5,(5,4),8)", "at(r5,(4,4),9)", "at(r5,(4,3),10)", "at(r5,(4,2),11)", "at(r5,(3,1),13)", "at(r5,(2,1),14)", "at(r5,(1,2),16)", "at(r5,(1,3),17)", "at(r6,(5,1),2)", "at(r6,(6,1),1)", "at(r6,(3,1),4)", "at(r6,(2,1),5)", "at(r6,(1,2),7)", "at(r6,(1,3),8)", "at(r6,(1,5),10)", "at(r6,(1,6),11)", "at(r6,(2,7),13)", "at(r6,(3,7),14)", "at(r6,(5,7),16)", "at(r6,(6,7),17)", "at(r7,(7,2),2)", "at(r7,(7,3),1)", "at(r7,(6,1),4)", "at(r7,(5,1),5)", "at(r7,(3,1),7)", "at(r7,(2,1),8)", "at(r7,(1,2),10)", "at(r7,(1,3),11)", "at(r7,(1,5),13)", "at(r7,(1,6),14)", "at(r7,(2,7),16)", "at(r7,(3,7),17)", "at(r8,(7,5),2)", "at(r8,(7,6),1)", "at(r8,(7,3),4)", "at(r8,(7,2),5)", "at(r8,(6,1),7)", "at(r8,(5,1),8)", "at(r8,(3,1),10)", "at(r8,(2,1),11)", "at(r8,(1,2),13)", "at(r8,(1,3),14)", "at(r8,(1,5),16)", "at(r8,(1,6),17)"
          ],
          "Costs": [
            144
          ]
        },
        {
          "Value": [
            "at(r1,(1,1),0)", "at(r2,(1,4),0)", "at(r3,(1,7),0)", "at(r4,(4,1),0)", "at(r5,(4,7),0)", "at(r6,(7,1),0)", "at(r7,(7,4),0)", "at(r8,(7,7),0)", "assign(r1,j1,1)", "assign(r2,j2,1)", "assign(r3,j3,1)", "assign(r4,j9,1)", "assign(r5,j5,1)", "assign(r6,j6,1)", "assign(r7,j7,1)", "assign(r8,j8,1)", "assign(r4,j4,2)", "at(r2,(1,7),3)", "at(r3,(4,7),3)", "at(r1,(1,4),3)", "at(r4,(4,4),3)", "at(r8,(7,4),3)", "at(r6,(4,1),3)", "at(r7,(7,1),3)", "at(r5,(7,7),3)", "at(r4,(2,4),5)", "at(r8,(7,1),6)", "at(r7,(4,1),6)", "at(r6,(1,1),6)", "at(r5,(7,4),6)", "at(r4,(1,4),6)", "at(r3,(7,7),6)", "at(r2,(4,7),6)", "at(r1,(1,7),6)", "at(r4,(1,7),9)", "at(r1,(4,7),9)", "at(r2,(4,4),9)", "at(r7,(1,1),9)", "at(r8,(4,1),9)", "at(r5,(7,1),9)", "at(r3,(7,4),9)", "at(r6,(1,4),9)", "at(r5,(4,1),12)", "at(r8,(1,1),12)", "at(r1,(7,7),12)", "at(r4,(4,7),12)", "at(r6,(1,7),12)", "at(r7,(1,4),12)", "at(r2,(7,4),12)", "at(r3,(7,1),12)", "at(r4,(7,7),15)", "at(r5,(1,1),15)", "at(r2,(7,1),15)", "at(r3,(4,1),15)", "at(r1,(7,4),15)", "at(r8,(1,4),15)", "at(r6,(4,7),15)", "at(r8,(1,7),18)", "at(r7,(4,7),18)", "at(r6,(7,7),18)", "at(r5,(1,4),18)", "at(r4,(7,4),18)", "at(r3,(1,1),18)", "at(r2,(4,1),18)", "at(r1,(7,1),18)", "at(r1,(1,2),1)", "at(r1,(1,3),2)", "at(r1,(1,5),4)", "at(r1,(1,6),5)", "at(r1,(2,7),7)", "at(r1,(3,7),8)", "at(r1,(5,7),10)", "at(r1,(6,7),11)", "at(r1,(7,6),13)", "at(r1,(7,5),14)", "at(r1,(7,3),16)", "at(r1,(7,2),17)", "at(r2,(1,5),1)", "at(r2,(1,6),2)", "at(r2,(2,7),4)", "at(r2,(3,7),5)", "at(r2,(4,6),7)", "at(r2,(4,5),8)", "at(r2,(5,4),10)", "at(r2,(6,4),11)", "at(r2,(7,3),13)", "at(r2,(7,2),14)", "at(r2,(6,1),16)", "at(r2,(5,1),17)", "at(r3,(2,7),1)", "at(r3,(3,7),2)", "at(r3,(5,7),4)", "at(r3,(6,7),5)", "at(r3,(7,6),7)", "at(r3,(7,5),8)", "at(r3,(7,3),10)", "at(r3,(7,2),11)", "at(r3,(6,1),13)", "at(r3,(5,1),14)", "at(r3,(3,1),16)", "at(r3,(2,1),17)", "at(r4,(4,2),1)", "at(r4,(4,3),2)", "at(r4,(3,4),4)", "at(r4,(1,5),7)", "at(r4,(1,6),8)", "at(r4,(2,7),10)", "at(r4,(3,7),11)", "at(r4,(5,7),13)", "at(r4,(6,7),14)", "at(r4,(7,6),16)", "at(r4,(7,5),17)", "at(r5,(5,7),1)", "at(r5,(6,7),2)", "at(r5,(7,6),4)", "at(r5,(7,5),5)", "at(r5,(7,3),7)", "at(r5,(7,2),8)", "at(r5,(6,1),10)", "at(r5,(5,1),11)", "at(r5,(3,1),13)", "at(r5,(2,1),14)", "at(r5,(1,2),16)", "at(r5,(1,3),17)", "at(r6,(5,1),2)", "at(r6,(6,1),1)", "at(r6,(3,1),4)", "at(r6,(2,1),5)", "at(r6,(1,2),7)", "at(r6,(1,3),8)", "at(r6,(1,5),10)", "at(r6,(1,6),11)", "at(r6,(2,7),13)", "at(r6,(3,7),14)", "at(r6,(5,7),16)", "at(r6,(6,7),17)", "at(r7,(7,2),2)", "at(r7,(7,3),1)", "at(r7,(6,1),4)", "at(r7,(5,1),5)", "at(r7,(3,1),7)", "at(r7,(2,1),8)", "at(r7,(1,2),10)", "at(r7,(1,3),11)", "at(r7,(2,4),13)", "at(r7,(3,4),14)", "at(r7,(4,4),15)", "at(r7,(4,5),16)", "at(r7,(4,6),17)", "at(r8,(7,5),2)", "at(r8,(7,6),1)", "at(r8,(7,3),4)", "at(r8,(7,2),5)", "at(r8,(6,1),7)", "at(r8,(5,1),8)", "at(r8,(3,1),10)", "at(r8,(2,1),11)", "at(r8,(1,2),13)", "at(r8,(1,3),14)", "at(r8,(1,5),16)", "at(r8,(1,6),17)"
          ],
          "Costs": [
            144
          ]
        },
        {
          "Value": [
            "at(r1,(1,1),0)", "at(r2,(1,4),0)", "at(r3,(1,7),0)", "at(r4,(4,1),0)", "at(r5,(4,7),0)", "at(r6,(7,1),0)", "at(r7,(7,4),0)", "at(r8,(7,7),0)", "assign(r1,j1,1)", "assign(r2,j2,1)", "assign(r3,j3,1)", "assign(r4,j9,1)", "assign(r5,j5,1)", "assign(r6,j6,1)", "assign(r7,j7,1)", "assign(r8,j8,1)", "assign(r4,j4,2)", "at(r2,(1,7),3)", "at(r3,(4,7),3)", "at(r1,(1,4),3)", "at(r4,(4,4),3)", "at(r8,(7,4),3)", "at(r6,(4,1),3)", "at(r7,(7,1),3)", "at(r5,(7,7),3)", "at(r4,(2,4),5)", "at(r8,(7,1),6)", "at(r7,(4,1),6)", "at(r6,(1,1),6)", "at(r5,(7,4),6)", "at(r4,(1,4),6)", "at(r3,(7,7),6)", "at(r2,(4,7),6)", "at(r1,(1,7),6)", "at(r4,(1,7),9)", "at(r1,(4,7),9)", "at(r2,(4,4),9)", "at(r7,(1,1),9)", "at(r8,(4,1),9)", "at(r5,(7,1),9)", "at(r3,(7,4),9)", "at(r6,(1,4),9)", "at(r5,(4,1),12)", "at(r8,(1,1),12)", "at(r1,(7,7),12)", "at(r4,(4,7),12)", "at(r6,(1,7),12)", "at(r7,(1,4),12)", "at(r2,(7,4),12)", "at(r3,(7,1),12)", "at(r4,(4,4),15)", "at(r5,(1,1),15)", "at(r2,(7,1),15)", "at(r3,(4,1),15)", "at(r1,(7,4),15)", "at(r8,(1,4),15)", "at(r6,(4,7),15)", "at(r7,(1,7),15)", "at(r8,(1,7),18)", "at(r7,(4,7),18)", "at(r6,(7,7),18)", "at(r5,(1,4),18)", "at(r4,(7,4),18)", "at(r3,(1,1),18)", "at(r2,(4,1),18)", "at(r1,(7,1),18)", "at(r1,(1,2),1)", "at(r1,(1,3),2)", "at(r1,(1,5),4)", "at(r1,(1,6),5)", "at(r1,(2,7),7)", "at(r1,(3,7),8)", "at(r1,(5,7),10)", "at(r1,(6,7),11)", "at(r1,(7,6),13)", "at(r1,(7,5),14)", "at(r1,(7,3),16)", "at(r1,(7,2),17)", "at(r2,(1,5),1)", "at(r2,(1,6),2)", "at(r2,(2,7),4)", "at(r2,(3,7),5)", "at(r2,(4,6),7)", "at(r2,(4,5),8)", "at(r2,(5,4),10)", "at(r2,(6,4),11)", "at(r2,(7,3),13)", "at(r2,(7,2),14)", "at(r2,(6,1),16)", "at(r2,(5,1),17)", "at(r3,(2,7),1)", "at(r3,(3,7),2)", "at(r3,(5,7),4)", "at(r3,(6,7),5)", "at(r3,(7,6),7)", "at(r3,(7,5),8)", "at(r3,(7,3),10)", "at(r3,(7,2),11)", "at(r3,(6,1),13)", "at(r3,(5,1),14)", "at(r3,(3,1),16)", "at(r3,(2,1),17)", "at(r4,(4,2),1)", "at(r4,(4,3),2)", "at(r4,(3,4),4)", "at(r4,(1,5),7)", "at(r4,(1,6),8)", "at(r4,(2,7),10)", "at(r4,(3,7),11)", "at(r4,(4,6),13)", "at(r4,(4,5),14)", "at(r4,(5,4),16)", "at(r4,(6,4),17)", "at(r5,(5,7),1)", "at(r5,(6,7),2)", "at(r5,(7,6),4)", "at(r5,(7,5),5)", "at(r5,(7,3),7)", "at(r5,(7,2),8)", "at(r5,(6,1),10)", "at(r5,(5,1),11)", "at(r5,(3,1),13)", "at(r5,(2,1),14)", "at(r5,(1,2),16)", "at(r5,(1,3),17)", "at(r6,(5,1),2)", "at(r6,(6,1),1)", "at(r6,(3,1),4)", "at(r6,(2,1),5)", "at(r6,(1,2),7)", "at(r6,(1,3),8)", "at(r6,(1,5),10)", "at(r6,(1,6),11)", "at(r6,(2,7),13)", "at(r6,(3,7),14)", "at(r6,(5,7),16)", "at(r6,(6,7),17)", "at(r7,(7,2),2)", "at(r7,(7,3),1)", "at(r7,(6,1),4)", "at(r7,(5,1),5)", "at(r7,(3,1),7)", "at(r7,(2,1),8)", "at(r7,(1,2),10)", "at(r7,(1,3),11)", "at(r7,(1,5),13)", "at(r7,(1,6),14)", "at(r7,(2,7),16)", "at(r7,(3,7),17)", "at(r8,(7,5),2)", "at(r8,(7,6),1)", "at(r8,(7,3),4)", "at(r8,(7,2),5)", "at(r8,(6,1),7)", "at(r8,(5,1),8)", "at(r8,(3,1),10)", "at(r8,(2,1),11)", "at(r8,(1,2),13)", "at(r8,(1,3),14)", "at(r8,(1,5),16)", "at(r8,(1,6),17)"
          ],
          "Costs": [
            144
          ]
        },
        {
          "Value": [
            "at(r1,(1,1),0)", "at(r2,(1,4),0)", "at(r3,(1,7),0)", "at(r4,(4,1),0)", "at(r5,(4,7),0)", "at(r6,(7,1),0)", "at(r7,(7,4),0)", "at(r8,(7,7),0)", "assign(r1,j1,1)", "assign(r2,j2,1)", "assign(r3,j3,1)", "assign(r4,j9,1)", "assign(r5,j5,1)", "assign(r6,j6,1)", "assign(r7,j7,1)", "assign(r8,j8,1)", "assign(r4,j4,2)", "at(r2,(1,7),3)", "at(r3,(4,7),3)", "at(r1,(1,4),3)", "at(r4,(4,4),3)", "at(r8,(7,4),3)", "at(r6,(4,1),3)", "at(r7,(7,1),3)", "at(r5,(7,7),3)", "at(r4,(2,4),5)", "at(r8,(7,1),6)", "at(r7,(4,1),6)", "at(r6,(1,1),6)", "at(r5,(7,4),6)", "at(r4,(1,4),6)", "at(r3,(7,7),6)", "at(r2,(4,7),6)", "at(r1,(1,7),6)", "at(r4,(1,7),9)", "at(r1,(4,7),9)", "at(r2,(7,7),9)", "at(r7,(1,1),9)", "at(r8,(4,1),9)", "at(r5,(7,1),9)", "at(r3,(7,4),9)", "at(r6,(1,4),9)", "at(r5,(4,1),12)", "at(r8,(1,1),12)", "at(r1,(7,7),12)", "at(r4,(4,7),12)", "at(r6,(1,7),12)", "at(r7,(1,4),12)", "at(r2,(7,4),12)", "at(r3,(7,1),12)", "at(r4,(7,7),15)", "at(r5,(1,1),15)", "at(r2,(7,1),15)", "at(r3,(4,1),15)", "at(r1,(7,4),15)", "at(r8,(1,4),15)", "at(r6,(4,7),15)", "at(r8,(1,7),18)", "at(r7,(4,7),18)", "at(r6,(7,7),18)", "at(r5,(1,4),18)", "at(r4,(7,4),18)", "at(r3,(1,1),18)", "at(r2,(4,1),18)", "at(r1,(7,1),18)", "at(r1,(1,2),1)", "at(r1,(1,3),2)", "at(r1,(1,5),4)", "at(r1,(1,6),5)", "at(r1,(2,7),7)", "at(r1,(3,7),8)", "at(r1,(5,7),10)", "at(r1,(6,7),11)", "at(r1,(7,6),13)", "at(r1,(7,5),14)", "at(r1,(7,3),16)", "at(r1,(7,2),17)", "at(r2,(1,5),1)", "at(r2,(1,6),2)", "at(r2,(2,7),4)", "at(r2,(3,7),5)", "at(r2,(5,7),7)", "at(r2,(6,7),8)", "at(r2,(7,6),10)", "at(r2,(7,5),11)", "at(r2,(7,3),13)", "at(r2,(7,2),14)", "at(r2,(6,1),16)", "at(r2,(5,1),17)", "at(r3,(2,7),1)", "at(r3,(3,7),2)", "at(r3,(5,7),4)", "at(r3,(6,7),5)", "at(r3,(7,6),7)", "at(r3,(7,5),8)", "at(r3,(7,3),10)", "at(r3,(7,2),11)", "at(r3,(6,1),13)", "at(r3,(5,1),14)", "at(r3,(3,1),16)", "at(r3,(2,1),17)", "at(r4,(4,2),1)", "at(r4,(4,3),2)", "at(r4,(3,4),4)", "at(r4,(1,5),7)", "at(r4,(1,6),8)", "at(r4,(2,7),10)", "at(r4,(3,7),11)", "at(r4,(5,7),13)", "at(r4,(6,7),14)", "at(r4,(7,6),16)", "at(r4,(7,5),17)", "at(r5,(5,7),1)", "at(r5,(6,7),2)", "at(r5,(7,6),4)", "at(r5,(7,5),5)", "at(r5,(7,3),7)", "at(r5,(7,2),8)", "at(r5,(6,1),10)", "at(r5,(5,1),11)", "at(r5,(3,1),13)", "at(r5,(2,1),14)", "at(r5,(1,2),16)", "at(r5,(1,3),17)", "at(r6,(5,1),2)", "at(r6,(6,1),1)", "at(r6,(3,1),4)", "at(r6,(2,1),5)", "at(r6,(1,2),7)", "at(r6,(1,3),8)", "at(r6,(1,5),10)", "at(r6,(1,6),11)", "at(r6,(2,7),13)", "at(r6,(3,7),14)", "at(r6,(5,7),16)", "at(r6,(6,7),17)", "at(r7,(7,2),2)", "at(r7,(7,3),1)", "at(r7,(6,1),4)", "at(r7,(5,1),5)", "at(r7,(3,1),7)", "at(r7,(2,1),8)", "at(r7,(1,2),10)", "at(r7,(1,3),11)", "at(r7,(2,4),13)", "at(r7,(3,4),14)", "at(r7,(4,4),15)", "at(r7,(4,5),16)", "at(r7,(4,6),17)", "at(r8,(7,5),2)", "at(r8,(7,6),1)", "at(r8,(7,3),4)", "at(r8,(7,2),5)", "at(r8,(6,1),7)", "at(r8,(5,1),8)", "at(r8,(3,1),10)", "at(r8,(2,1),11)", "at(r8,(1,2),13)", "at(r8,(1,3),14)", "at(r8,(1,5),16)", "at(r8,(1,6),17)"
          ],
          "Costs": [
            144
          ]
        },
        {
          "Value": [
            "at(r1,(1,1),0)", "at(r2,(1,4),0)", "at(r3,(1,7),0)", "at(r4,(4,1),0)", "at(r5,(4,7),0)", "at(r6,(7,1),0)", "at(r7,(7,4),0)", "at(r8,(7,7),0)", "assign(r1,j1,1)", "assign(r2,j2,1)", "assign(r3,j3,1)", "assign(r4,j9,1)", "assign(r5,j5,1)", "assign(r6,j6,1)", "assign(r7,j7,1)", "assign(r8,j8,1)", "assign(r4,j4,2)", "at(r2,(1,7),3)", "at(r3,(4,7),3)", "at(r1,(1,4),3)", "at(r4,(4,4),3)", "at(r8,(7,4),3)", "at(r6,(4,1),3)", "at(r7,(7,1),3)", "at(r5,(7,7),3)", "at(r4,(2,4),5)", "at(r8,(7,1),6)", "at(r7,(4,1),6)", "at(r6,(1,1),6)", "at(r5,(7,4),6)", "at(r4,(1,4),6)", "at(r3,(7,7),6)", "at(r2,(4,7),6)", "at(r1,(1,7),6)", "at(r4,(1,7),9)", "at(r1,(4,7),9)", "at(r2,(7,7),9)", "at(r7,(1,1),9)", "at(r8,(4,1),9)", "at(r5,(7,1),9)", "at(r3,(7,4),9)", "at(r6,(1,4),9)", "at(r5,(4,1),12)", "at(r8,(1,1),12)", "at(r1,(7,7),12)", "at(r4,(4,7),12)", "at(r6,(1,7),12)", "at(r7,(1,4),12)", "at(r2,(7,4),12)", "at(r3,(7,1),12)", "at(r4,(4,4),15)", "at(r5,(1,1),15)", "at(r2,(7,1),15)", "at(r3,(4,1),15)", "at(r1,(7,4),15)", "at(r8,(1,4),15)", "at(r6,(4,7),15)", "at(r7,(1,7),15)", "at(r8,(1,7),18)", "at(r7,(4,7),18)", "at(r6,(7,7),18)", "at(r5,(1,4),18)", "at(r4,(7,4),18)", "at(r3,(1,1),18)", "at(r2,(4,1),18)", "at(r1,(7,1),18)", "at(r1,(1,2),1)", "at(r1,(1,3),2)", "at(r1,(1,5),4)", "at(r1,(1,6),5)", "at(r1,(2,7),7)", "at(r1,(3,7),8)", "at(r1,(5,7),10)", "at(r1,(6,7),11)", "at(r1,(7,6),13)", "at(r1,(7,5),14)", "at(r1,(7,3),16)", "at(r1,(7,2),17)", "at(r2,(1,5),1)", "at(r2,(1,6),2)", "at(r2,(2,7),4)", "at(r2,(3,7),5)", "at(r2,(5,7),7)", "at(r2,(6,7),8)", "at(r2,(7,6),10)", "at(r2,(7,5),11)", "at(r2,(7,3),13)", "at(r2,(7,2),14)", "at(r2,(6,1),16)", "at(r2,(5,1),17)", "at(r3,(2,7),1)", "at(r3,(3,7),2)", "at(r3,(5,7),4)", "at(r3,(6,7),5)", "at(r3,(7,6),7)", "at(r3,(7,5),8)", "at(r3,(7,3),10)", "at(r3,(7,2),11)", "at(r3,(6,1),13)", "at(r3,(5,1),14)", "at(r3,(3,1),16)", "at(r3,(2,1),17)", "at(r4,(4,2),1)", "at(r4,(4,3),2)", "at(r4,(3,4),4)", "at(r4,(1,5),7)", "at(r4,(1,6),8)", "at(r4,(2,7),10)", "at(r4,(3,7),11)", "at(r4,(4,6),13)", "at(r4,(4,5),14)", "at(r4,(5,4),16)", "at(r4,(6,4),17)", "at(r5,(5,7),1)", "at(r5,(6,7),2)", "at(r5,(7,6),4)", "at(r5,(7,5),5)", "at(r5,(7,3),7)", "at(r5,(7,2),8)", "at(r5,(6,1),10)", "at(r5,(5,1),11)", "at(r5,(3,1),13)", "at(r5,(2,1),14)", "at(r5,(1,2),16)", "at(r5,(1,3),17)", "at(r6,(5,1),2)", "at(r6,(6,1),1)", "at(r6,(3,1),4)", "at(r6,(2,1),5)", "at(r6,(1,2),7)", "at(r6,(1,3),8)", "at(r6,(1,5),10)", "at(r6,(1,6),11)", "at(r6,(2,7),13)", "at(r6,(3,7),14)", "at(r6,(5,7),16)", "at(r6,(6,7),17)", "at(r7,(7,2),2)", "at(r7,(7,3),1)", "at(r7,(6,1),4)", "at(r7,(5,1),5)", "at(r7,(3,1),7)", "at(r7,(2,1),8)", "at(r7,(1,2),10)", "at(r7,(1,3),11)", "at(r7,(1,5),13)", "at(r7,(1,6),14)", "at(r7,(2,7),16)", "at(r7,(3,7),17)", "at(r8,(7,5),2)", "at(r8,(7,6),1)", "at(r8,(7,3),4)", "at(r8,(7,2),5)", "at(r8,(6,1),7)", "at(r8,(5,1),8)", "at(r8,(3,1),10)", "at(r8,(2,1),11)", "at(r8,(1,2),13)", "at(r8,(1,3),14)", "at(r8,(1,5),16)", "at(r8,(1,6),17)"
          ],
          "Costs": [
            144
          ]
        },
        {
          "Value": [
            "at(r1,(1,1),0)", "at(r2,(1,4),0)", "at(r3,(1,7),0)", "at(r4,(4,1),0)", "at(r5,(4,7),0)", "at(r6,(7,1),0)", "at(r7,(7,4),0)", "at(r8,(7,7),0)", "assign(r1,j1,1)", "assign(r2,j2,1)", "assign(r3,j3,1)", "assign(r4,j9,1)", "assign(r5,j5,1)", "assign(r6,j6,1)", "assign(r7,j7,1)", "assign(r8,j8,1)", "assign(r4,j4,2)", "at(r2,(1,7),3)", "at(r3,(4,7),3)", "at(r1,(1,4),3)", "at(r4,(4,4),3)", "at(r8,(7,4),3)", "at(r6,(4,1),3)", "at(r7,(7,1),3)", "at(r5,(7,7),3)", "at(r4,(2,4),5)", "at(r8,(7,1),6)", "at(r7,(4,1),6)", "at(r6,(1,1),6)", "at(r5,(7,4),6)", "at(r4,(1,4),6)", "at(r3,(7,7),6)", "at(r2,(4,7),6)", "at(r1,(1,7),6)", "at(r4,(2,4),7)", "at(r1,(4,7),9)", "at(r2,(7,7),9)", "at(r4,(4,4),9)", "at(r7,(1,1),9)", "at(r8,(4,1),9)", "at(r5,(7,1),9)", "at(r3,(7,4),9)", "at(r6,(1,4),9)", "at(r5,(4,1),12)", "at(r8,(1,1),12)", "at(r1,(7,7),12)", "at(r4,(4,7),12)", "at(r6,(1,7),12)", "at(r7,(1,4),12)", "at(r2,(7,4),12)", "at(r3,(7,1),12)", "at(r4,(7,7),15)", "at(r5,(1,1),15)", "at(r2,(7,1),15)", "at(r3,(4,1),15)", "at(r1,(7,4),15)", "at(r8,(1,4),15)", "at(r6,(4,7),15)", "at(r8,(1,7),18)", "at(r7,(4,7),18)", "at(r6,(7,7),18)", "at(r5,(1,4),18)", "at(r4,(7,4),18)", "at(r3,(1,1),18)", "at(r2,(4,1),18)", "at(r1,(7,1),18)", "at(r1,(1,2),1)", "at(r1,(1,3),2)", "at(r1,(1,5),4)", "at(r1,(1,6),5)", "at(r1,(2,7),7)", "at(r1,(3,7),8)", "at(r1,(5,7),10)", "at(r1,(6,7),11)", "at(r1,(7,6),13)", "at(r1,(7,5),14)", "at(r1,(7,3),16)", "at(r1,(7,2),17)", "at(r2,(1,5),1)", "at(r2,(1,6),2)", "at(r2,(2,7),4)", "at(r2,(3,7),5)", "at(r2,(5,7),7)", "at(r2,(6,7),8)", "at(r2,(7,6),10)", "at(r2,(7,5),11)", "at(r2,(7,3),13)", "at(r2,(7,2),14)", "at(r2,(6,1),16)", "at(r2,(5,1),17)", "at(r3,(2,7),1)", "at(r3,(3,7),2)", "at(r3,(5,7),4)", "at(r3,(6,7),5)", "at(r3,(7,6),7)", "at(r3,(7,5),8)", "at(r3,(7,3),10)", "at(r3,(7,2),11)", "at(r3,(6,1),13)", "at(r3,(5,1),14)", "at(r3,(3,1),16)", "at(r3,(2,1),17)", "at(r4,(4,2),1)", "at(r4,(4,3),2)", "at(r4,(3,4),4)", "at(r4,(3,4),8)", "at(r4,(4,5),10)", "at(r4,(4,6),11)", "at(r4,(5,7),13)", "at(r4,(6,7),14)", "at(r4,(7,6),16)", "at(r4,(7,5),17)", "at(r5,(5,7),1)", "at(r5,(6,7),2)", "at(r5,(7,6),4)", "at(r5,(7,5),5)", "at(r5,(7,3),7)", "at(r5,(7,2),8)", "at(r5,(6,1),10)", "at(r5,(5,1),11)", "at(r5,(3,1),13)", "at(r5,(2,1),14)", "at(r5,(1,2),16)", "at(r5,(1,3),17)", "at(r6,(5,1),2)", "at(r6,(6,1),1)", "at(r6,(3,1),4)", "at(r6,(2,1),5)", "at(r6,(1,2),7)", "at(r6,(1,3),8)", "at(r6,(1,5),10)", "at(r6,(1,6),11)", "at(r6,(2,7),13)", "at(r6,(3,7),14)", "at(r6,(5,7),16)", "at(r6,(6,7),17)", "at(r7,(7,2),2)", "at(r7,(7,3),1)", "at(r7,(6,1),4)", "at(r7,(5,1),5)", "at(r7,(3,1),7)", "at(r7,(2,1),8)", "at(r7,(1,2),10)", "at(r7,(1,3),11)", "at(r7,(2,4),13)", "at(r7,(3,4),14)", "at(r7,(4,4),15)", "at(r7,(4,5),16)", "at(r7,(4,6),17)", "at(r8,(7,5),2)", "at(r8,(7,6),1)", "at(r8,(7,3),4)", "at(r8,(7,2),5)", "at(r8,(6,1),7)", "at(r8,(5,1),8)", "at(r8,(3,1),10)", "at(r8,(2,1),11)", "at(r8,(1,2),13)", "at(r8,(1,3),14)", "at(r8,(1,5),16)", "at(r8,(1,6),17)"
          ],
          "Costs": [
            144
          ]
        },
        {
          "Value": [
            "at(r1,(1,1),0)", "at(r2,(1,4),0)", "at(r3,(1,7),0)", "at(r4,(4,1),0)", "at(r5,(4,7),0)", "at(r6,(7,1),0)", "at(r7,(7,4),0)", "at(r8,(7,7),0)", "assign(r1,j1,1)", "assign(r2,j2,1)", "assign(r3,j3,1)", "assign(r4,j9,1)", "assign(r5,j5,1)", "assign(r6,j6,1)", "assign(r7,j7,1)", "assign(r8,j8,1)", "assign(r4,j4,2)", "at(r2,(1,7),3)", "at(r3,(4,7),3)", "at(r1,(1,4),3)", "at(r4,(4,4),3)", "at(r8,(7,4),3)", "at(r6,(4,1),3)", "at(r7,(7,1),3)", "at(r5,(7,7),3)", "at(r4,(2,4),5)", "at(r8,(7,1),6)", "at(r7,(4,1),6)", "at(r6,(1,1),6)", "at(r5,(7,4),6)", "at(r4,(1,4),6)", "at(r3,(7,7),6)", "at(r2,(4,7),6)", "at(r1,(1,7),6)", "at(r4,(2,4),7)", "at(r1,(4,7),9)", "at(r2,(7,7),9)", "at(r4,(4,4),9)", "at(r7,(1,1),9)", "at(r8,(4,1),9)", "at(r5,(7,1),9)", "at(r3,(7,4),9)", "at(r6,(1,4),9)", "at(r5,(4,1),12)", "at(r8,(1,1),12)", "at(r1,(7,7),12)", "at(r4,(4,7),12)", "at(r6,(1,7),12)", "at(r7,(1,4),12)", "at(r2,(7,4),12)", "at(r3,(7,1),12)", "at(r4,(4,4),15)", "at(r5,(1,1),15)", "at(r2,(7,1),15)", "at(r3,(4,1),15)", "at(r1,(7,4),15)", "at(r8,(1,4),15)", "at(r6,(4,7),15)", "at(r7,(1,7),15)", "at(r8,(1,7),18)", "at(r7,(4,7),18)", "at(r6,(7,7),18)", "at(r5,(1,4),18)", "at(r4,(7,4),18)", "at(r3,(1,1),18)", "at(r2,(4,1),18)", "at(r1,(7,1),18)", "at(r1,(1,2),1)", "at(r1,(1,3),2)", "at(r1,(1,5),4)", "at(r1,(1,6),5)", "at(r1,(2,7),7)", "at(r1,(3,7),8)", "at(r1,(5,7),10)", "at(r1,(6,7),11)", "at(r1,(7,6),13)", "at(r1,(7,5),14)", "at(r1,(7,3),16)", "at(r1,(7,2),17)", "at(r2,(1,5),1)", "at(r2,(1,6),2)", "at(r2,(2,7),4)", "at(r2,(3,7),5)", "at(r2,(5,7),7)", "at(r2,(6,7),8)", "at(r2,(7,6),10)", "at(r2,(7,5),11)", "at(r2,(7,3),13)", "at(r2,(7,2),14)", "at(r2,(6,1),16)", "at(r2,(5,1),17)", "at(r3,(2,7),1)", "at(r3,(3,7),2)", "at(r3,(5,7),4)", "at(r3,(6,7),5)", "at(r3,(7,6),7)", "at(r3,(7,5),8)", "at(r3,(7,3),10)", "at(r3,(7,2),11)", "at(r3,(6,1),13)", "at(r3,(5,1),14)", "at(r3,(3,1),16)", "at(r3,(2,1),17)", "at(r4,(4,2),1)", "at(r4,(4,3),2)", "at(r4,(3,4),4)", "at(r4,(3,4),8)", "at(r4,(4,5),10)", "at(r4,(4,6),11)", "at(r4,(4,6),13)", "at(r4,(4,5),14)", "at(r4,(5,4),16)", "at(r4,(6,4),17)", "at(r5,(5,7),1)", "at(r5,(6,7),2)", "at(r5,(7,6),4)", "at(r5,(7,5),5)", "at(r5,(7,3),7)", "at(r5,(7,2),8)", "at(r5,(6,1),10)", "at(r5,(5,1),11)", "at(r5,(3,1),13)", "at(r5,(2,1),14)", "at(r5,(1,2),16)", "at(r5,(1,3),17)", "at(r6,(5,1),2)", "at(r6,(6,1),1)", "at(r6,(3,1),4)", "at(r6,(2,1),5)", "at(r6,(1,2),7)", "at(r6,(1,3),8)", "at(r6,(1,5),10)", "at(r6,(1,6),11)", "at(r6,(2,7),13)", "at(r6,(3,7),14)", "at(r6,(5,7),16)", "at(r6,(6,7),17)", "at(r7,(7,2),2)", "at(r7,(7,3),1)", "at(r7,(6,1),4)", "at(r7,(5,1),5)", "at(r7,(3,1),7)", "at(r7,(2,1),8)", "at(r7,(1,2),10)", "at(r7,(1,3),11)", "at(r7,(1,5),13)", "at(r7,(1,6),14)", "at(r7,(2,7),16)", "at(r7,(3,7),17)", "at(r8,(7,5),2)", "at(r8,(7,6),1)", "at(r8,(7,3),4)", "at(r8,(7,2),5)", "at(r8,(6,1),7)", "at(r8,(5,1),8)", "at(r8,(3,1),10)", "at(r8,(2,1),11)", "at(r8,(1,2),13)", "at(r8,(1,3),14)", "at(r8,(1,5),16)", "at(r8,(1,6),17)"
          ],
          "Costs": [
            144
          ]
        }
      ]
    }
  ],
  "Result": "OPTIMUM FOUND",
  "Models": {
    "Number": 26,
    "More": "no",
    "Optimum": "yes",
    "Optimal": 25,
    "Costs": [
      144
    ]
  },
  "Calls": 1,
  "Time": {
    "Total": 0.133,
    "Solve": 0.058,
    "Model": 0.053,
    "Unsat": 0.000,
    "CPU": 0.300
  },
  "Threads": 4,
  "Winner": 3
}
