{
  "Solver": "clingo version 5.6.2",
  "Input": [
    "myrobots.lp","instances/grid-01.lp"
  ],
  "Call": [
    {
      "Witnesses": [
        {
          "Value": [
            "at(r1,(1,1),0)", "at(r2,(3,3),0)", "assign(r1,j1,1)", "assign(r2,j3,1)", "assign(r1,j2,2)", "assign(r2,j4,2)", "at(r2,(3,1),2)", "at(r1,(1,3),2)", "at(r2,(1,1),4)", "at(r1,(3,3),4)", "at(r2,(1,3),6)", "at(r1,(3,1),6)", "at(r2,(3,3),8)", "at(r1,(1,1),8)", "at(r1,(1,2),1)", "at(r1,(2,3),3)", "at(r1,(3,2),5)", "at(r1,(2,1),7)", "at(r2,(3,2),1)", "at(r2,(2,1),3)", "at(r2,(1,2),5)", "at(r2,(2,3),7)"
          ],
          "Costs": [
            16
          ]
        }
      ]
    }
  ],
  "Result": "OPTIMUM FOUND",
  "Models": {
    "Number": 2,
    "More": "no",
    "Optimum": "yes",
    "Optimal": 1,
    "Costs": [
      16
    ]
  },
  "Calls": 1,
  "Time": {
    "Total": 0.005,
    "Solve": 0.001,
    "Model": 0.000,
    "Unsat": 0.000,
    "CPU": 0.006
  },
  "Threads": 4,
  "Winner": 2
}
