{
  "Solver": "clingo version 5.6.2",
  "Input": [
    "myrobots.lp","instances/simple-05.lp"
  ],
  "Call": [
    {
      "Witnesses": [
        {
          "Value": [
            "at(r1,1,0)", "at(r2,5,0)", "at(r3,9,0)", "assign(r1,j1,1)", "assign(r2,j3,1)", "assign(r3,j5,1)", "assign(r1,j2,2)", "assign(r2,j4,2)", "at(r2,7,2)", "at(r1,3,2)", "at(r1,4,3)", "at(r2,8,3)", "at(r2,8,4)", "at(r1,4,4)", "at(r1,3,5)", "at(r2,7,5)", "at(r1,1,7)", "at(r2,5,7)", "at(r1,3,9)", "at(r2,7,9)", "at(r2,8,10)", "at(r1,4,10)", "at(r1,3,11)", "at(r2,7,11)", "at(r1,3,12)", "at(r2,5,13)", "at(r2,4,14)", "at(r2,3,15)", "at(r3,3,16)", "at(r1,1,16)", "at(r3,3,17)", "at(r1,1,17)", "at(r3,3,18)", "at(r1,1,18)", "at(r1,2,1)", "at(r1,2,6)", "at(r1,2,8)", "at(r1,2,13)", "at(r1,2,14)", "at(r1,2,15)", "at(r2,6,1)", "at(r2,6,6)", "at(r2,6,8)", "at(r2,6,12)", "at(r2,2,16)", "at(r2,2,17)", "at(r2,2,18)", "at(r3,9,1)", "at(r3,9,2)", "at(r3,9,3)", "at(r3,9,4)", "at(r3,9,5)", "at(r3,9,6)", "at(r3,9,7)", "at(r3,9,8)", "at(r3,9,9)", "at(r3,9,10)", "at(r3,8,11)", "at(r3,7,12)", "at(r3,6,13)", "at(r3,5,14)", "at(r3,4,15)"
          ],
          "Costs": [
            33
          ]
        },
        {
          "Value": [
            "at(r1,1,0)", "at(r2,5,0)", "at(r3,9,0)", "assign(r1,j1,1)", "assign(r2,j3,1)", "assign(r3,j5,1)", "assign(r1,j2,2)", "assign(r2,j4,2)", "at(r2,7,2)", "at(r1,3,2)", "at(r1,4,3)", "at(r2,8,3)", "at(r2,8,4)", "at(r1,4,4)", "at(r1,3,5)", "at(r2,7,5)", "at(r1,1,7)", "at(r2,5,7)", "at(r1,3,9)", "at(r2,7,9)", "at(r2,8,10)", "at(r1,4,10)", "at(r1,3,11)", "at(r2,7,11)", "at(r2,5,13)", "at(r2,4,14)", "at(r2,3,15)", "at(r3,3,16)", "at(r1,1,16)", "at(r3,3,17)", "at(r1,1,17)", "at(r3,3,18)", "at(r1,1,18)", "at(r1,2,1)", "at(r1,2,6)", "at(r1,2,8)", "at(r1,2,12)", "at(r1,2,13)", "at(r1,2,14)", "at(r1,2,15)", "at(r2,6,1)", "at(r2,6,6)", "at(r2,6,8)", "at(r2,6,12)", "at(r2,2,16)", "at(r2,2,17)", "at(r2,2,18)", "at(r3,9,1)", "at(r3,9,2)", "at(r3,9,3)", "at(r3,9,4)", "at(r3,9,5)", "at(r3,9,6)", "at(r3,9,7)", "at(r3,9,8)", "at(r3,9,9)", "at(r3,9,10)", "at(r3,8,11)", "at(r3,7,12)", "at(r3,6,13)", "at(r3,5,14)", "at(r3,4,15)"
          ],
          "Costs": [
            33
          ]
        },
        {
          "Value": [
            "at(r1,1,0)", "at(r2,5,0)", "at(r3,9,0)", "assign(r1,j1,1)", "assign(r2,j3,1)", "assign(r3,j5,1)", "assign(r1,j2,2)", "assign(r2,j4,2)", "at(r2,7,2)", "at(r1,3,2)", "at(r1,4,3)", "at(r2,8,3)", "at(r2,8,4)", "at(r1,4,4)", "at(r1,3,5)", "at(r2,7,5)", "at(r1,1,7)", "at(r2,5,7)", "at(r1,3,9)", "at(r2,7,9)", "at(r2,8,10)", "at(r1,4,10)", "at(r1,4,11)", "at(r2,7,11)", "at(r1,3,12)", "at(r2,5,13)", "at(r2,4,14)", "at(r2,3,15)", "at(r3,3,16)", "at(r1,1,16)", "at(r3,3,17)", "at(r1,1,17)", "at(r3,3,18)", "at(r1,1,18)", "at(r1,2,1)", "at(r1,2,6)", "at(r1,2,8)", "at(r1,2,13)", "at(r1,2,14)", "at(r1,2,15)", "at(r2,6,1)", "at(r2,6,6)", "at(r2,6,8)", "at(r2,6,12)", "at(r2,2,16)", "at(r2,2,17)", "at(r2,2,18)", "at(r3,9,1)", "at(r3,9,2)", "at(r3,9,3)", "at(r3,9,4)", "at(r3,9,5)", "at(r3,9,6)", "at(r3,9,7)", "at(r3,9,8)", "at(r3,9,9)", "at(r3,9,10)", "at(r3,8,11)", "at(r3,7,12)", "at(r3,6,13)", "at(r3,5,14)", "at(r3,4,15)"
          ],
          "Costs": [
            33
          ]
        },
        {
          "Value": [
            "at(r1,1,0)", "at(r2,5,0)", "at(r3,9,0)", "assign(r1,j1,1)", "assign(r2,j3,1)", "assign(r3,j5,1)", "assign(r1,j2,2)", "assign(r2,j4,2)", "at(r2,7,2)", "at(r1,3,2)", "at(r1,4,3)", "at(r2,8,3)", "at(r2,8,4)", "at(r1,4,4)", "at(r1,3,5)", "at(r2,7,5)", "at(r1,1,7)", "at(r2,5,7)", "at(r1,3,9)", "at(r2,7,9)", "at(r2,8,10)", "at(r1,4,10)", "at(r1,3,11)", "at(r2,7,11)", "at(r1,3,12)", "at(r1,3,13)", "at(r2,5,13)", "at(r2,4,14)", "at(r2,3,15)", "at(r1,1,15)", "at(r3,3,16)", "at(r1,1,16)", "at(r3,3,17)", "at(r1,1,17)", "at(r3,3,18)", "at(r1,1,18)", "at(r1,2,1)", "at(r1,2,6)", "at(r1,2,8)", "at(r1,2,14)", "at(r2,6,1)", "at(r2,6,6)", "at(r2,6,8)", "at(r2,6,12)", "at(r2,2,16)", "at(r2,2,17)", "at(r2,2,18)", "at(r3,9,1)", "at(r3,9,2)", "at(r3,9,3)", "at(r3,9,4)", "at(r3,9,5)", "at(r3,9,6)", "at(r3,9,7)", "at(r3,9,8)", "at(r3,9,9)", "at(r3,9,10)", "at(r3,8,11)", "at(r3,7,12)", "at(r3,6,13)", "at(r3,5,14)", "at(r3,4,15)"
          ],
          "Costs": [
            33
          ]
        },
        {
          "Value": [
            "at(r1,1,0)", "at(r2,5,0)", "at(r3,9,0)", "assign(r1,j1,1)", "assign(r2,j3,1)", "assign(r3,j5,1)", "assign(r1,j2,2)", "assign(r2,j4,2)", "at(r2,7,2)", "at(r1,3,2)", "at(r1,4,3)", "at(r2,8,3)", "at(r2,8,4)", "at(r1,4,4)", "at(r1,3,5)", "at(r2,7,5)", "at(r1,1,7)", "at(r2,5,7)", "at(r1,3,9)", "at(r2,7,9)", "at(r2,8,10)", "at(r1,4,10)", "at(r1,3,11)", "at(r2,7,11)", "at(r1,3,12)", "at(r1,3,13)", "at(r2,5,13)", "at(r2,4,14)", "at(r1,3,14)", "at(r2,3,15)", "at(r3,3,16)", "at(r1,1,16)", "at(r3,3,17)", "at(r1,1,17)", "at(r3,3,18)", "at(r1,1,18)", "at(r1,2,1)", "at(r1,2,6)", "at(r1,2,8)", "at(r1,2,15)", "at(r2,6,1)", "at(r2,6,6)", "at(r2,6,8)", "at(r2,6,12)", "at(r2,2,16)", "at(r2,2,17)", "at(r2,2,18)", "at(r3,9,1)", "at(r3,9,2)", "at(r3,9,3)", "at(r3,9,4)", "at(r3,9,5)", "at(r3,9,6)", "at(r3,9,7)", "at(r3,9,8)", "at(r3,9,9)", "at(r3,9,10)", "at(r3,8,11)", "at(r3,7,12)", "at(r3,6,13)", "at(r3,5,14)", "at(r3,4,15)"
          ],
          "Costs": [
            33
          ]
        },
        {
          "Value": [
            "at(r1,1,0)", "at(r2,5,0)", "at(r3,9,0)", "assign(r1,j1,1)", "assign(r2,j3,1)", "assign(r3,j5,1)", "assign(r1,j2,2)", "assign(r2,j4,2)", "at(r2,7,2)", "at(r1,3,2)", "at(r1,4,3)", "at(r2,8,3)", "at(r2,8,4)", "at(r1,4,4)", "at(r1,3,5)", "at(r2,7,5)", "at(r1,1,7)", "at(r2,5,7)", "at(r1,3,9)", "at(r2,7,9)", "at(r2,8,10)", "at(r1,4,10)", "at(r1,4,11)", "at(r2,7,11)", "at(r1,4,12)", "at(r1,4,13)", "at(r2,5,13)", "at(r2,4,14)", "at(r1,3,14)", "at(r2,3,15)", "at(r3,3,16)", "at(r1,1,16)", "at(r3,3,17)", "at(r1,1,17)", "at(r3,3,18)", "at(r1,1,18)", "at(r1,2,1)", "at(r1,2,6)", "at(r1,2,8)", "at(r1,2,15)", "at(r2,6,1)", "at(r2,6,6)", "at(r2,6,8)", "at(r2,6,12)", "at(r2,2,16)", "at(r2,2,17)", "at(r2,2,18)", "at(r3,9,1)", "at(r3,9,2)", "at(r3,9,3)", "at(r3,9,4)", "at(r3,9,5)", "at(r3,9,6)", "at(r3,9,7)", "at(r3,9,8)", "at(r3,9,9)", "at(r3,9,10)", "at(r3,8,11)", "at(r3,7,12)", "at(r3,6,13)", "at(r3,5,14)", "at(r3,4,15)"
          ],
          "Costs": [
            33
          ]
        },
        {
          "Value": [
            "at(r1,1,0)", "at(r2,5,0)", "at(r3,9,0)", "assign(r1,j1,1)", "assign(r2,j3,1)", "assign(r3,j5,1)", "assign(r1,j2,2)", "assign(r2,j4,2)", "at(r2,7,2)", "at(r1,3,2)", "at(r1,4,3)", "at(r2,8,3)", "at(r2,8,4)", "at(r1,4,4)", "at(r1,3,5)", "at(r2,7,5)", "at(r1,1,7)", "at(r2,5,7)", "at(r1,3,9)", "at(r2,7,9)", "at(r2,8,10)", "at(r1,4,10)", "at(r1,3,11)", "at(r2,7,11)", "at(r1,1,13)", "at(r2,5,13)", "at(r2,4,14)", "at(r1,1,14)", "at(r2,3,15)", "at(r1,1,15)", "at(r3,3,16)", "at(r1,1,16)", "at(r3,3,17)", "at(r1,1,17)", "at(r3,3,18)", "at(r1,1,18)", "at(r1,2,1)", "at(r1,2,6)", "at(r1,2,8)", "at(r1,2,12)", "at(r2,6,1)", "at(r2,6,6)", "at(r2,6,8)", "at(r2,6,12)", "at(r2,2,16)", "at(r2,2,17)", "at(r2,2,18)", "at(r3,9,1)", "at(r3,9,2)", "at(r3,9,3)", "at(r3,9,4)", "at(r3,9,5)", "at(r3,9,6)", "at(r3,9,7)", "at(r3,9,8)", "at(r3,9,9)", "at(r3,9,10)", "at(r3,8,11)", "at(r3,7,12)", "at(r3,6,13)", "at(r3,5,14)", "at(r3,4,15)"
          ],
          "Costs": [
            33
          ]
        },
        {
          "Value": [
            "at(r1,1,0)", "at(r2,5,0)", "at(r3,9,0)", "assign(r1,j1,1)", "assign(r2,j3,1)", "assign(r3,j5,1)", "assign(r1,j2,2)", "assign(r2,j4,2)", "at(r2,7,2)", "at(r1,3,2)", "at(r1,4,3)", "at(r2,8,3)", "at(r2,8,4)", "at(r1,4,4)", "at(r1,3,5)", "at(r2,7,5)", "at(r1,1,7)", "at(r2,5,7)", "at(r1,3,9)", "at(r2,7,9)", "at(r2,8,10)", "at(r1,4,10)", "at(r1,4,11)", "at(r2,7,11)", "at(r1,3,12)", "at(r1,3,13)", "at(r2,5,13)", "at(r2,4,14)", "at(r2,3,15)", "at(r3,3,16)", "at(r1,1,16)", "at(r3,3,17)", "at(r1,1,17)", "at(r3,3,18)", "at(r1,1,18)", "at(r1,2,1)", "at(r1,2,6)", "at(r1,2,8)", "at(r1,2,14)", "at(r1,2,15)", "at(r2,6,1)", "at(r2,6,6)", "at(r2,6,8)", "at(r2,6,12)", "at(r2,2,16)", "at(r2,2,17)", "at(r2,2,18)", "at(r3,9,1)", "at(r3,9,2)", "at(r3,9,3)", "at(r3,9,4)", "at(r3,9,5)", "at(r3,9,6)", "at(r3,9,7)", "at(r3,9,8)", "at(r3,9,9)", "at(r3,9,10)", "at(r3,8,11)", "at(r3,7,12)", "at(r3,6,13)", "at(r3,5,14)", "at(r3,4,15)"
          ],
          "Costs": [
            33
          ]
        },
        {
          "Value": [
            "at(r1,1,0)", "at(r2,5,0)", "at(r3,9,0)", "assign(r1,j1,1)", "assign(r2,j3,1)", "assign(r3,j5,1)", "assign(r1,j2,2)", "assign(r2,j4,2)", "at(r2,7,2)", "at(r1,3,2)", "at(r1,4,3)", "at(r2,8,3)", "at(r2,8,4)", "at(r1,4,4)", "at(r1,3,5)", "at(r2,7,5)", "at(r1,1,7)", "at(r2,5,7)", "at(r1,3,9)", "at(r2,7,9)", "at(r2,8,10)", "at(r1,4,10)", "at(r1,3,11)", "at(r2,7,11)", "at(r1,3,12)", "at(r2,5,13)", "at(r2,4,14)", "at(r2,3,15)", "at(r1,1,15)", "at(r3,3,16)", "at(r1,1,16)", "at(r3,3,17)", "at(r1,1,17)", "at(r3,3,18)", "at(r1,1,18)", "at(r1,2,1)", "at(r1,2,6)", "at(r1,2,8)", "at(r1,2,13)", "at(r1,2,14)", "at(r2,6,1)", "at(r2,6,6)", "at(r2,6,8)", "at(r2,6,12)", "at(r2,2,16)", "at(r2,2,17)", "at(r2,2,18)", "at(r3,9,1)", "at(r3,9,2)", "at(r3,9,3)", "at(r3,9,4)", "at(r3,9,5)", "at(r3,9,6)", "at(r3,9,7)", "at(r3,9,8)", "at(r3,9,9)", "at(r3,9,10)", "at(r3,8,11)", "at(r3,7,12)", "at(r3,6,13)", "at(r3,5,14)", "at(r3,4,15)"
          ],
          "Costs": [
            33
          ]
        },
        {
          "Value": [
            "at(r1,1,0)", "at(r2,5,0)", "at(r3,9,0)", "assign(r1,j1,1)", "assign(r2,j3,1)", "assign(r3,j5,1)", "assign(r1,j2,2)", "assign(r2,j4,2)", "at(r2,7,2)", "at(r1,3,2)", "at(r1,4,3)", "at(r2,8,3)", "at(r2,8,4)", "at(r1,4,4)", "at(r1,3,5)", "at(r2,7,5)", "at(r1,1,7)", "at(r2,5,7)", "at(r1,3,9)", "at(r2,7,9)", "at(r2,8,10)", "at(r1,4,10)", "at(r1,3,11)", "at(r2,7,11)", "at(r1,3,12)", "at(r2,5,13)", "at(r2,4,14)", "at(r1,1,14)", "at(r2,3,15)", "at(r1,1,15)", "at(r3,3,16)", "at(r1,1,16)", "at(r3,3,17)", "at(r1,1,17)", "at(r3,3,18)", "at(r1,1,18)", "at(r1,2,1)", "at(r1,2,6)", "at(r1,2,8)", "at(r1,2,13)", "at(r2,6,1)", "at(r2,6,6)", "at(r2,6,8)", "at(r2,6,12)", "at(r2,2,16)", "at(r2,2,17)", "at(r2,2,18)", "at(r3,9,1)", "at(r3,9,2)", "at(r3,9,3)", "at(r3,9,4)", "at(r3,9,5)", "at(r3,9,6)", "at(r3,9,7)", "at(r3,9,8)", "at(r3,9,9)", "at(r3,9,10)", "at(r3,8,11)", "at(r3,7,12)", "at(r3,6,13)", "at(r3,5,14)", "at(r3,4,15)"
          ],
          "Costs": [
            33
          ]
        },
        {
          "Value": [
            "at(r1,1,0)", "at(r2,5,0)", "at(r3,9,0)", "assign(r1,j1,1)", "assign(r2,j3,1)", "assign(r3,j5,1)", "assign(r1,j2,2)", "assign(r2,j4,2)", "at(r2,7,2)", "at(r1,3,2)", "at(r1,4,3)", "at(r2,8,3)", "at(r2,8,4)", "at(r1,4,4)", "at(r1,3,5)", "at(r2,7,5)", "at(r1,1,7)", "at(r2,5,7)", "at(r1,3,9)", "at(r2,7,9)", "at(r2,8,10)", "at(r1,4,10)", "at(r1,4,11)", "at(r2,7,11)", "at(r1,4,12)", "at(r1,3,13)", "at(r2,5,13)", "at(r2,4,14)", "at(r2,3,15)", "at(r1,1,15)", "at(r3,3,16)", "at(r1,1,16)", "at(r3,3,17)", "at(r1,1,17)", "at(r3,3,18)", "at(r1,1,18)", "at(r1,2,1)", "at(r1,2,6)", "at(r1,2,8)", "at(r1,2,14)", "at(r2,6,1)", "at(r2,6,6)", "at(r2,6,8)", "at(r2,6,12)", "at(r2,2,16)", "at(r2,2,17)", "at(r2,2,18)", "at(r3,9,1)", "at(r3,9,2)", "at(r3,9,3)", "at(r3,9,4)", "at(r3,9,5)", "at(r3,9,6)", "at(r3,9,7)", "at(r3,9,8)", "at(r3,9,9)", "at(r3,9,10)", "at(r3,8,11)", "at(r3,7,12)", "at(r3,6,13)", "at(r3,5,14)", "at(r3,4,15)"
          ],
          "Costs": [
            33
          ]
        },
        {
          "Value": [
            "at(r1,1,0)", "at(r2,5,0)", "at(r3,9,0)", "assign(r1,j1,1)", "assign(r2,j3,1)", "assign(r3,j5,1)", "assign(r1,j2,2)", "assign(r2,j4,2)", "at(r2,7,2)", "at(r1,3,2)", "at(r1,4,3)", "at(r2,8,3)", "at(r2,8,4)", "at(r1,4,4)", "at(r1,3,5)", "at(r2,7,5)", "at(r1,1,7)", "at(r2,5,7)", "at(r1,3,9)", "at(r2,7,9)", "at(r2,8,10)", "at(r1,4,10)", "at(r1,4,11)", "at(r2,7,11)", "at(r1,3,12)", "at(r2,5,13)", "at(r2,4,14)", "at(r1,1,14)", "at(r2,3,15)", "at(r1,1,15)", "at(r3,3,16)", "at(r1,1,16)", "at(r3,3,17)", "at(r1,1,17)", "at(r3,3,18)", "at(r1,1,18)", "at(r1,2,1)", "at(r1,2,6)", "at(r1,2,8)", "at(r1,2,13)", "at(r2,6,1)", "at(r2,6,6)", "at(r2,6,8)", "at(r2,6,12)", "at(r2,2,16)", "at(r2,2,17)", "at(r2,2,18)", "at(r3,9,1)", "at(r3,9,2)", "at(r3,9,3)", "at(r3,9,4)", "at(r3,9,5)", "at(r3,9,6)", "at(r3,9,7)", "at(r3,9,8)", "at(r3,9,9)", "at(r3,9,10)", "at(r3,8,11)", "at(r3,7,12)", "at(r3,6,13)", "at(r3,5,14)", "at(r3,4,15)"
          ],
          "Costs": [
            33
          ]
        },
        {
          "Value": [
            "at(r1,1,0)", "at(r2,5,0)", "at(r3,9,0)", "assign(r1,j1,1)", "assign(r2,j3,1)", "assign(r3,j5,1)", "assign(r1,j2,2)", "assign(r2,j4,2)", "at(r2,7,2)", "at(r1,3,2)", "at(r1,4,3)", "at(r2,8,3)", "at(r2,8,4)", "at(r1,4,4)", "at(r1,3,5)", "at(r2,7,5)", "at(r1,1,7)", "at(r2,5,7)", "at(r1,3,9)", "at(r2,7,9)", "at(r2,8,10)", "at(r1,4,10)", "at(r1,4,11)", "at(r2,7,11)", "at(r1,4,12)", "at(r1,3,13)", "at(r2,5,13)", "at(r2,4,14)", "at(r1,3,14)", "at(r2,3,15)", "at(r3,3,16)", "at(r1,1,16)", "at(r3,3,17)", "at(r1,1,17)", "at(r3,3,18)", "at(r1,1,18)", "at(r1,2,1)", "at(r1,2,6)", "at(r1,2,8)", "at(r1,2,15)", "at(r2,6,1)", "at(r2,6,6)", "at(r2,6,8)", "at(r2,6,12)", "at(r2,2,16)", "at(r2,2,17)", "at(r2,2,18)", "at(r3,9,1)", "at(r3,9,2)", "at(r3,9,3)", "at(r3,9,4)", "at(r3,9,5)", "at(r3,9,6)", "at(r3,9,7)", "at(r3,9,8)", "at(r3,9,9)", "at(r3,9,10)", "at(r3,8,11)", "at(r3,7,12)", "at(r3,6,13)", "at(r3,5,14)", "at(r3,4,15)"
          ],
          "Costs": [
            33
          ]
        },
        {
          "Value": [
            "at(r1,1,0)", "at(r2,5,0)", "at(r3,9,0)", "assign(r1,j1,1)", "assign(r2,j3,1)", "assign(r3,j5,1)", "assign(r1,j2,2)", "assign(r2,j4,2)", "at(r2,7,2)", "at(r1,3,2)", "at(r1,4,3)", "at(r2,8,3)", "at(r2,8,4)", "at(r1,4,4)", "at(r1,3,5)", "at(r2,7,5)", "at(r1,1,7)", "at(r2,5,7)", "at(r1,3,9)", "at(r2,7,9)", "at(r2,8,10)", "at(r1,4,10)", "at(r1,4,11)", "at(r2,7,11)", "at(r1,4,12)", "at(r1,3,13)", "at(r2,5,13)", "at(r2,4,14)", "at(r2,3,15)", "at(r3,3,16)", "at(r1,1,16)", "at(r3,3,17)", "at(r1,1,17)", "at(r3,3,18)", "at(r1,1,18)", "at(r1,2,1)", "at(r1,2,6)", "at(r1,2,8)", "at(r1,2,14)", "at(r1,2,15)", "at(r2,6,1)", "at(r2,6,6)", "at(r2,6,8)", "at(r2,6,12)", "at(r2,2,16)", "at(r2,2,17)", "at(r2,2,18)", "at(r3,9,1)", "at(r3,9,2)", "at(r3,9,3)", "at(r3,9,4)", "at(r3,9,5)", "at(r3,9,6)", "at(r3,9,7)", "at(r3,9,8)", "at(r3,9,9)", "at(r3,9,10)", "at(r3,8,11)", "at(r3,7,12)", "at(r3,6,13)", "at(r3,5,14)", "at(r3,4,15)"
          ],
          "Costs": [
            33
          ]
        },
        {
          "Value": [
            "at(r1,1,0)", "at(r2,5,0)", "at(r3,9,0)", "assign(r1,j1,1)", "assign(r2,j3,1)", "assign(r3,j5,1)", "assign(r1,j2,2)", "assign(r2,j4,2)", "at(r2,7,2)", "at(r1,3,2)", "at(r1,4,3)", "at(r2,8,3)", "at(r2,8,4)", "at(r1,4,4)", "at(r1,3,5)", "at(r2,7,5)", "at(r1,1,7)", "at(r2,5,7)", "at(r1,3,9)", "at(r2,7,9)", "at(r2,8,10)", "at(r1,4,10)", "at(r1,3,11)", "at(r2,7,11)", "at(r2,5,13)", "at(r2,4,14)", "at(r1,1,14)", "at(r2,3,15)", "at(r1,1,15)", "at(r3,3,16)", "at(r1,1,16)", "at(r3,3,17)", "at(r1,1,17)", "at(r3,3,18)", "at(r1,1,18)", "at(r1,2,1)", "at(r1,2,6)", "at(r1,2,8)", "at(r1,2,12)", "at(r1,2,13)", "at(r2,6,1)", "at(r2,6,6)", "at(r2,6,8)", "at(r2,6,12)", "at(r2,2,16)", "at(r2,2,17)", "at(r2,2,18)", "at(r3,9,1)", "at(r3,9,2)", "at(r3,9,3)", "at(r3,9,4)", "at(r3,9,5)", "at(r3,9,6)", "at(r3,9,7)", "at(r3,9,8)", "at(r3,9,9)", "at(r3,9,10)", "at(r3,8,11)", "at(r3,7,12)", "at(r3,6,13)", "at(r3,5,14)", "at(r3,4,15)"
          ],
          "Costs": [
            33
          ]
        },
        {
          "Value": [
            "at(r1,1,0)", "at(r2,5,0)", "at(r3,9,0)", "assign(r1,j1,1)", "assign(r2,j3,1)", "assign(r3,j5,1)", "assign(r1,j2,2)", "assign(r2,j4,2)", "at(r2,7,2)", "at(r1,3,2)", "at(r1,4,3)", "at(r2,8,3)", "at(r2,8,4)", "at(r1,4,4)", "at(r1,3,5)", "at(r2,7,5)", "at(r1,1,7)", "at(r2,5,7)", "at(r1,3,9)", "at(r2,7,9)", "at(r2,8,10)", "at(r1,4,10)", "at(r1,3,11)", "at(r2,7,11)", "at(r2,5,13)", "at(r2,4,14)", "at(r2,3,15)", "at(r1,1,15)", "at(r3,3,16)", "at(r1,1,16)", "at(r3,3,17)", "at(r1,1,17)", "at(r3,3,18)", "at(r1,1,18)", "at(r1,2,1)", "at(r1,2,6)", "at(r1,2,8)", "at(r1,2,12)", "at(r1,2,13)", "at(r1,2,14)", "at(r2,6,1)", "at(r2,6,6)", "at(r2,6,8)", "at(r2,6,12)", "at(r2,2,16)", "at(r2,2,17)", "at(r2,2,18)", "at(r3,9,1)", "at(r3,9,2)", "at(r3,9,3)", "at(r3,9,4)", "at(r3,9,5)", "at(r3,9,6)", "at(r3,9,7)", "at(r3,9,8)", "at(r3,9,9)", "at(r3,9,10)", "at(r3,8,11)", "at(r3,7,12)", "at(r3,6,13)", "at(r3,5,14)", "at(r3,4,15)"
          ],
          "Costs": [
            33
          ]
        },
        {
          "Value": [
            "at(r1,1,0)", "at(r2,5,0)", "at(r3,9,0)", "assign(r1,j1,1)", "assign(r2,j3,1)", "assign(r3,j5,1)", "assign(r1,j2,2)", "assign(r2,j4,2)", "at(r2,7,2)", "at(r1,3,2)", "at(r1,4,3)", "at(r2,8,3)", "at(r2,8,4)", "at(r1,4,4)", "at(r1,3,5)", "at(r2,7,5)", "at(r1,1,7)", "at(r2,5,7)", "at(r1,3,9)", "at(r2,7,9)", "at(r2,8,10)", "at(r1,4,10)", "at(r1,3,11)", "at(r2,7,11)", "at(r1,3,12)", "at(r1,3,13)", "at(r2,5,13)", "at(r2,4,14)", "at(r2,3,15)", "at(r3,3,16)", "at(r1,1,16)", "at(r3,3,17)", "at(r1,1,17)", "at(r3,3,18)", "at(r1,1,18)", "at(r1,2,1)", "at(r1,2,6)", "at(r1,2,8)", "at(r1,2,14)", "at(r1,2,15)", "at(r2,6,1)", "at(r2,6,6)", "at(r2,6,8)", "at(r2,6,12)", "at(r2,2,16)", "at(r2,2,17)", "at(r2,2,18)", "at(r3,9,1)", "at(r3,9,2)", "at(r3,9,3)", "at(r3,9,4)", "at(r3,9,5)", "at(r3,9,6)", "at(r3,9,7)", "at(r3,9,8)", "at(r3,9,9)", "at(r3,9,10)", "at(r3,8,11)", "at(r3,7,12)", "at(r3,6,13)", "at(r3,5,14)", "at(r3,4,15)"
          ],
          "Costs": [
            33
          ]
        },
        {
          "Value": [
            "at(r1,1,0)", "at(r2,5,0)", "at(r3,9,0)", "assign(r1,j1,1)", "assign(r2,j3,1)", "assign(r3,j5,1)", "assign(r1,j2,2)", "assign(r2,j4,2)", "at(r2,7,2)", "at(r1,3,2)", "at(r1,4,3)", "at(r2,8,3)", "at(r2,8,4)", "at(r1,4,4)", "at(r1,3,5)", "at(r2,7,5)", "at(r1,1,7)", "at(r2,5,7)", "at(r1,3,9)", "at(r2,7,9)", "at(r2,8,10)", "at(r1,4,10)", "at(r1,4,11)", "at(r2,7,11)", "at(r1,3,12)", "at(r2,5,13)", "at(r2,4,14)", "at(r2,3,15)", "at(r1,1,15)", "at(r3,3,16)", "at(r1,1,16)", "at(r3,3,17)", "at(r1,1,17)", "at(r3,3,18)", "at(r1,1,18)", "at(r1,2,1)", "at(r1,2,6)", "at(r1,2,8)", "at(r1,2,13)", "at(r1,2,14)", "at(r2,6,1)", "at(r2,6,6)", "at(r2,6,8)", "at(r2,6,12)", "at(r2,2,16)", "at(r2,2,17)", "at(r2,2,18)", "at(r3,9,1)", "at(r3,9,2)", "at(r3,9,3)", "at(r3,9,4)", "at(r3,9,5)", "at(r3,9,6)", "at(r3,9,7)", "at(r3,9,8)", "at(r3,9,9)", "at(r3,9,10)", "at(r3,8,11)", "at(r3,7,12)", "at(r3,6,13)", "at(r3,5,14)", "at(r3,4,15)"
          ],
          "Costs": [
            33
          ]
        },
        {
          "Value": [
            "at(r1,1,0)", "at(r2,5,0)", "at(r3,9,0)", "assign(r1,j1,1)", "assign(r2,j3,1)", "assign(r3,j5,1)", "assign(r1,j2,2)", "assign(r2,j4,2)", "at(r2,7,2)", "at(r1,3,2)", "at(r1,4,3)", "at(r2,8,3)", "at(r2,8,4)", "at(r1,4,4)", "at(r1,3,5)", "at(r2,7,5)", "at(r1,1,7)", "at(r2,5,7)", "at(r1,3,9)", "at(r2,7,9)", "at(r2,8,10)", "at(r1,4,10)", "at(r1,4,11)", "at(r2,7,11)", "at(r1,3,12)", "at(r1,3,13)", "at(r2,5,13)", "at(r2,4,14)", "at(r1,3,14)", "at(r2,3,15)", "at(r3,3,16)", "at(r1,1,16)", "at(r3,3,17)", "at(r1,1,17)", "at(r3,3,18)", "at(r1,1,18)", "at(r1,2,1)", "at(r1,2,6)", "at(r1,2,8)", "at(r1,2,15)", "at(r2,6,1)", "at(r2,6,6)", "at(r2,6,8)", "at(r2,6,12)", "at(r2,2,16)", "at(r2,2,17)", "at(r2,2,18)", "at(r3,9,1)", "at(r3,9,2)", "at(r3,9,3)", "at(r3,9,4)", "at(r3,9,5)", "at(r3,9,6)", "at(r3,9,7)", "at(r3,9,8)", "at(r3,9,9)", "at(r3,9,10)", "at(r3,8,11)", "at(r3,7,12)", "at(r3,6,13)", "at(r3,5,14)", "at(r3,4,15)"
          ],
          "Costs": [
            33
          ]
        },
        {
          "Value": [
            "at(r1,1,0)", "at(r2,5,0)", "at(r3,9,0)", "assign(r1,j1,1)", "assign(r2,j3,1)", "assign(r3,j5,1)", "assign(r1,j2,2)", "assign(r2,j4,2)", "at(r2,7,2)", "at(r1,3,2)", "at(r1,4,3)", "at(r2,8,3)", "at(r2,8,4)", "at(r1,4,4)", "at(r1,3,5)", "at(r2,7,5)", "at(r1,1,7)", "at(r2,5,7)", "at(r1,3,9)", "at(r2,7,9)", "at(r2,8,10)", "at(r1,4,10)", "at(r1,4,11)", "at(r2,7,11)", "at(r1,3,12)", "at(r1,3,13)", "at(r2,5,13)", "at(r2,4,14)", "at(r2,3,15)", "at(r1,1,15)", "at(r3,3,16)", "at(r1,1,16)", "at(r3,3,17)", "at(r1,1,17)", "at(r3,3,18)", "at(r1,1,18)", "at(r1,2,1)", "at(r1,2,6)", "at(r1,2,8)", "at(r1,2,14)", "at(r2,6,1)", "at(r2,6,6)", "at(r2,6,8)", "at(r2,6,12)", "at(r2,2,16)", "at(r2,2,17)", "at(r2,2,18)", "at(r3,9,1)", "at(r3,9,2)", "at(r3,9,3)", "at(r3,9,4)", "at(r3,9,5)", "at(r3,9,6)", "at(r3,9,7)", "at(r3,9,8)", "at(r3,9,9)", "at(r3,9,10)", "at(r3,8,11)", "at(r3,7,12)", "at(r3,6,13)", "at(r3,5,14)", "at(r3,4,15)"
          ],
          "Costs": [
            33
          ]
        }
      ]
    }
  ],
  "Result": "OPTIMUM FOUND",
  "Models": {
    "Number": 23,
    "More": "no",
    "Optimum": "yes",
    "Optimal": 20,
    "Costs": [
      33
    ]
  },
  "Calls": 1,
  "Time": {
    "Total": 0.015,
    "Solve": 0.005,
    "Model": 0.002,
    "Unsat": 0.001,
    "CPU": 0.025
  },
  "Threads": 4,
  "Winner": 2
}
