{
  "Solver": "clingo version 5.6.2",
  "Input": [
    "myrobots.lp","instances/simple-03.lp"
  ],
  "Call": [
    {
      "Witnesses": [
        {
          "Value": [
            "at(r1,1,0)", "assign(r1,j1,1)", "assign(r1,j2,2)", "at(r1,3,2)", "at(r1,4,3)", "at(r1,4,4)", "at(r1,3,5)", "at(r1,1,7)", "at(r1,3,9)", "at(r1,4,10)", "at(r1,2,1)", "at(r1,2,6)", "at(r1,2,8)"
          ],
          "Costs": [
            9
          ]
        }
      ]
    }
  ],
  "Result": "OPTIMUM FOUND",
  "Models": {
    "Number": 2,
    "More": "no",
    "Optimum": "yes",
    "Optimal": 1,
    "Costs": [
      9
    ]
  },
  "Calls": 1,
  "Time": {
    "Total": 0.003,
    "Solve": 0.000,
    "Model": 0.000,
    "Unsat": 0.000,
    "CPU": 0.003
  },
  "Threads": 4,
  "Winner": 2
}
