{
  "Solver": "clingo version 5.6.2",
  "Input": [
    "myrobots.lp","instances/simple-04.lp"
  ],
  "Call": [
    {
      "Witnesses": [
        {
          "Value": [
            "at(r1,1,0)", "at(r2,5,0)", "assign(r1,j1,1)", "assign(r2,j3,1)", "assign(r1,j2,2)", "assign(r2,j4,2)", "at(r2,7,2)", "at(r1,3,2)", "at(r1,4,3)", "at(r2,8,3)", "at(r2,8,4)", "at(r1,4,4)", "at(r1,3,5)", "at(r2,7,5)", "at(r1,1,7)", "at(r2,5,7)", "at(r1,3,9)", "at(r2,7,9)", "at(r2,8,10)", "at(r1,4,10)", "at(r1,2,1)", "at(r1,2,6)", "at(r1,2,8)", "at(r2,6,1)", "at(r2,6,6)", "at(r2,6,8)"
          ],
          "Costs": [
            18
          ]
        }
      ]
    }
  ],
  "Result": "OPTIMUM FOUND",
  "Models": {
    "Number": 2,
    "More": "no",
    "Optimum": "yes",
    "Optimal": 1,
    "Costs": [
      18
    ]
  },
  "Calls": 1,
  "Time": {
    "Total": 0.006,
    "Solve": 0.001,
    "Model": 0.000,
    "Unsat": 0.000,
    "CPU": 0.007
  },
  "Threads": 4,
  "Winner": 3
}
