{
  "Solver": "clingo version 5.6.2",
  "Input": [
    "myrobots.lp","instances/stop-03.lp"
  ],
  "Call": [
    {
      "Witnesses": [
        {
          "Value": [
            "at(r1,11,0)", "at(r2,12,0)", "at(r3,13,0)", "at(r4,14,0)", "assign(r3,j13,1)", "assign(r1,j14,1)", "assign(r2,j21,1)", "assign(r1,j12,2)", "assign(r3,j11,2)", "assign(r2,j22,2)", "at(r1,1,1)", "at(r1,2,2)", "at(r1,2,3)", "at(r1,1,4)", "at(r2,1,5)", "at(r1,2,5)", "at(r2,1,6)", "at(r1,2,6)", "at(r2,1,7)", "at(r1,2,7)", "at(r3,1,8)", "at(r2,2,8)", "at(r3,1,9)", "at(r2,2,9)", "at(r3,1,10)", "at(r2,2,10)", "at(r3,1,11)", "at(r2,2,11)", "at(r1,3,8)", "at(r1,3,9)", "at(r1,3,10)", "at(r1,3,11)", "at(r2,12,1)", "at(r2,12,2)", "at(r2,12,3)", "at(r2,12,4)", "at(r3,13,1)", "at(r3,13,2)", "at(r3,13,3)", "at(r3,13,4)", "at(r3,13,5)", "at(r3,13,6)", "at(r3,13,7)", "at(r4,14,1)", "at(r4,14,2)", "at(r4,14,3)", "at(r4,14,4)", "at(r4,14,5)", "at(r4,14,6)", "at(r4,14,7)", "at(r4,14,8)", "at(r4,14,9)", "at(r4,14,10)", "at(r4,14,11)"
          ],
          "Costs": [
            8
          ]
        },
        {
          "Value": [
            "at(r1,11,0)", "at(r2,12,0)", "at(r3,13,0)", "at(r4,14,0)", "assign(r3,j13,1)", "assign(r1,j14,1)", "assign(r2,j21,1)", "assign(r1,j12,2)", "assign(r3,j11,2)", "assign(r2,j22,2)", "at(r1,1,1)", "at(r1,2,2)", "at(r1,2,3)", "at(r1,1,4)", "at(r2,1,5)", "at(r1,2,5)", "at(r2,1,6)", "at(r1,2,6)", "at(r2,1,7)", "at(r3,1,8)", "at(r2,2,8)", "at(r3,1,9)", "at(r2,2,9)", "at(r3,1,10)", "at(r2,2,10)", "at(r3,1,11)", "at(r2,2,11)", "at(r1,3,7)", "at(r1,3,8)", "at(r1,3,9)", "at(r1,3,10)", "at(r1,3,11)", "at(r2,12,1)", "at(r2,12,2)", "at(r2,12,3)", "at(r2,12,4)", "at(r3,13,1)", "at(r3,13,2)", "at(r3,13,3)", "at(r3,13,4)", "at(r3,13,5)", "at(r3,13,6)", "at(r3,13,7)", "at(r4,14,1)", "at(r4,14,2)", "at(r4,14,3)", "at(r4,14,4)", "at(r4,14,5)", "at(r4,14,6)", "at(r4,14,7)", "at(r4,14,8)", "at(r4,14,9)", "at(r4,14,10)", "at(r4,14,11)"
          ],
          "Costs": [
            8
          ]
        },
        {
          "Value": [
            "at(r1,11,0)", "at(r2,12,0)", "at(r3,13,0)", "at(r4,14,0)", "assign(r4,j13,1)", "assign(r1,j14,1)", "assign(r2,j21,1)", "assign(r1,j12,2)", "assign(r4,j11,2)", "assign(r2,j22,2)", "at(r1,1,1)", "at(r1,2,2)", "at(r1,2,3)", "at(r1,1,4)", "at(r2,1,5)", "at(r1,2,5)", "at(r2,1,6)", "at(r1,2,6)", "at(r2,1,7)", "at(r1,2,7)", "at(r4,1,8)", "at(r2,2,8)", "at(r4,1,9)", "at(r2,2,9)", "at(r4,1,10)", "at(r2,2,10)", "at(r4,1,11)", "at(r2,2,11)", "at(r1,3,8)", "at(r1,3,9)", "at(r1,3,10)", "at(r1,3,11)", "at(r2,12,1)", "at(r2,12,2)", "at(r2,12,3)", "at(r2,12,4)", "at(r3,13,1)", "at(r3,13,2)", "at(r3,13,3)", "at(r3,13,4)", "at(r3,13,5)", "at(r3,13,6)", "at(r3,13,7)", "at(r3,13,8)", "at(r3,13,9)", "at(r3,13,10)", "at(r3,13,11)", "at(r4,14,1)", "at(r4,14,2)", "at(r4,14,3)", "at(r4,14,4)", "at(r4,14,5)", "at(r4,14,6)", "at(r4,14,7)"
          ],
          "Costs": [
            8
          ]
        },
        {
          "Value": [
            "at(r1,11,0)", "at(r2,12,0)", "at(r3,13,0)", "at(r4,14,0)", "assign(r4,j13,1)", "assign(r1,j14,1)", "assign(r2,j21,1)", "assign(r1,j12,2)", "assign(r4,j11,2)", "assign(r2,j22,2)", "at(r1,1,1)", "at(r1,2,2)", "at(r1,2,3)", "at(r1,1,4)", "at(r2,1,5)", "at(r1,2,5)", "at(r2,1,6)", "at(r1,2,6)", "at(r2,1,7)", "at(r4,1,8)", "at(r2,2,8)", "at(r4,1,9)", "at(r2,2,9)", "at(r4,1,10)", "at(r2,2,10)", "at(r4,1,11)", "at(r2,2,11)", "at(r1,3,7)", "at(r1,3,8)", "at(r1,3,9)", "at(r1,3,10)", "at(r1,3,11)", "at(r2,12,1)", "at(r2,12,2)", "at(r2,12,3)", "at(r2,12,4)", "at(r3,13,1)", "at(r3,13,2)", "at(r3,13,3)", "at(r3,13,4)", "at(r3,13,5)", "at(r3,13,6)", "at(r3,13,7)", "at(r3,13,8)", "at(r3,13,9)", "at(r3,13,10)", "at(r3,13,11)", "at(r4,14,1)", "at(r4,14,2)", "at(r4,14,3)", "at(r4,14,4)", "at(r4,14,5)", "at(r4,14,6)", "at(r4,14,7)"
          ],
          "Costs": [
            8
          ]
        },
        {
          "Value": [
            "at(r1,11,0)", "at(r2,12,0)", "at(r3,13,0)", "at(r4,14,0)", "assign(r1,j12,1)", "assign(r3,j13,1)", "assign(r2,j21,1)", "assign(r1,j14,2)", "assign(r3,j11,2)", "assign(r2,j22,2)", "at(r1,1,1)", "at(r1,2,2)", "at(r1,2,3)", "at(r1,1,4)", "at(r2,1,5)", "at(r1,2,5)", "at(r2,1,6)", "at(r1,2,6)", "at(r2,1,7)", "at(r3,1,8)", "at(r2,2,8)", "at(r3,1,9)", "at(r2,2,9)", "at(r3,1,10)", "at(r2,2,10)", "at(r3,1,11)", "at(r2,2,11)", "at(r1,3,7)", "at(r1,3,8)", "at(r1,3,9)", "at(r1,3,10)", "at(r1,3,11)", "at(r2,12,1)", "at(r2,12,2)", "at(r2,12,3)", "at(r2,12,4)", "at(r3,13,1)", "at(r3,13,2)", "at(r3,13,3)", "at(r3,13,4)", "at(r3,13,5)", "at(r3,13,6)", "at(r3,13,7)", "at(r4,14,1)", "at(r4,14,2)", "at(r4,14,3)", "at(r4,14,4)", "at(r4,14,5)", "at(r4,14,6)", "at(r4,14,7)", "at(r4,14,8)", "at(r4,14,9)", "at(r4,14,10)", "at(r4,14,11)"
          ],
          "Costs": [
            8
          ]
        },
        {
          "Value": [
            "at(r1,11,0)", "at(r2,12,0)", "at(r3,13,0)", "at(r4,14,0)", "assign(r1,j12,1)", "assign(r3,j13,1)", "assign(r2,j21,1)", "assign(r1,j14,2)", "assign(r3,j11,2)", "assign(r2,j22,2)", "at(r1,1,1)", "at(r1,2,2)", "at(r1,2,3)", "at(r1,1,4)", "at(r2,1,5)", "at(r1,2,5)", "at(r2,1,6)", "at(r1,2,6)", "at(r2,1,7)", "at(r1,2,7)", "at(r3,1,8)", "at(r2,2,8)", "at(r3,1,9)", "at(r2,2,9)", "at(r3,1,10)", "at(r2,2,10)", "at(r3,1,11)", "at(r2,2,11)", "at(r1,3,8)", "at(r1,3,9)", "at(r1,3,10)", "at(r1,3,11)", "at(r2,12,1)", "at(r2,12,2)", "at(r2,12,3)", "at(r2,12,4)", "at(r3,13,1)", "at(r3,13,2)", "at(r3,13,3)", "at(r3,13,4)", "at(r3,13,5)", "at(r3,13,6)", "at(r3,13,7)", "at(r4,14,1)", "at(r4,14,2)", "at(r4,14,3)", "at(r4,14,4)", "at(r4,14,5)", "at(r4,14,6)", "at(r4,14,7)", "at(r4,14,8)", "at(r4,14,9)", "at(r4,14,10)", "at(r4,14,11)"
          ],
          "Costs": [
            8
          ]
        },
        {
          "Value": [
            "at(r1,11,0)", "at(r2,12,0)", "at(r3,13,0)", "at(r4,14,0)", "assign(r1,j12,1)", "assign(r4,j13,1)", "assign(r2,j21,1)", "assign(r1,j14,2)", "assign(r4,j11,2)", "assign(r2,j22,2)", "at(r1,1,1)", "at(r1,2,2)", "at(r1,2,3)", "at(r1,1,4)", "at(r2,1,5)", "at(r1,2,5)", "at(r2,1,6)", "at(r1,2,6)", "at(r2,1,7)", "at(r4,1,8)", "at(r2,2,8)", "at(r4,1,9)", "at(r2,2,9)", "at(r4,1,10)", "at(r2,2,10)", "at(r4,1,11)", "at(r2,2,11)", "at(r1,3,7)", "at(r1,3,8)", "at(r1,3,9)", "at(r1,3,10)", "at(r1,3,11)", "at(r2,12,1)", "at(r2,12,2)", "at(r2,12,3)", "at(r2,12,4)", "at(r3,13,1)", "at(r3,13,2)", "at(r3,13,3)", "at(r3,13,4)", "at(r3,13,5)", "at(r3,13,6)", "at(r3,13,7)", "at(r3,13,8)", "at(r3,13,9)", "at(r3,13,10)", "at(r3,13,11)", "at(r4,14,1)", "at(r4,14,2)", "at(r4,14,3)", "at(r4,14,4)", "at(r4,14,5)", "at(r4,14,6)", "at(r4,14,7)"
          ],
          "Costs": [
            8
          ]
        },
        {
          "Value": [
            "at(r1,11,0)", "at(r2,12,0)", "at(r3,13,0)", "at(r4,14,0)", "assign(r1,j12,1)", "assign(r4,j13,1)", "assign(r2,j21,1)", "assign(r1,j14,2)", "assign(r4,j11,2)", "assign(r2,j22,2)", "at(r1,1,1)", "at(r1,2,2)", "at(r1,2,3)", "at(r1,1,4)", "at(r2,1,5)", "at(r1,2,5)", "at(r2,1,6)", "at(r1,2,6)", "at(r2,1,7)", "at(r1,2,7)", "at(r4,1,8)", "at(r2,2,8)", "at(r4,1,9)", "at(r2,2,9)", "at(r4,1,10)", "at(r2,2,10)", "at(r4,1,11)", "at(r2,2,11)", "at(r1,3,8)", "at(r1,3,9)", "at(r1,3,10)", "at(r1,3,11)", "at(r2,12,1)", "at(r2,12,2)", "at(r2,12,3)", "at(r2,12,4)", "at(r3,13,1)", "at(r3,13,2)", "at(r3,13,3)", "at(r3,13,4)", "at(r3,13,5)", "at(r3,13,6)", "at(r3,13,7)", "at(r3,13,8)", "at(r3,13,9)", "at(r3,13,10)", "at(r3,13,11)", "at(r4,14,1)", "at(r4,14,2)", "at(r4,14,3)", "at(r4,14,4)", "at(r4,14,5)", "at(r4,14,6)", "at(r4,14,7)"
          ],
          "Costs": [
            8
          ]
        },
        {
          "Value": [
            "at(r1,11,0)", "at(r2,12,0)", "at(r3,13,0)", "at(r4,14,0)", "assign(r4,j11,1)", "assign(r3,j14,1)", "assign(r2,j21,1)", "assign(r3,j13,2)", "assign(r3,j12,3)", "assign(r2,j22,2)", "at(r3,1,1)", "at(r3,2,2)", "at(r3,2,3)", "at(r3,1,4)", "at(r3,1,5)", "at(r3,1,6)", "at(r2,1,7)", "at(r3,2,7)", "at(r2,1,8)", "at(r3,2,8)", "at(r2,1,9)", "at(r3,2,9)", "at(r4,1,10)", "at(r2,2,10)", "at(r4,1,11)", "at(r2,2,11)", "at(r1,11,1)", "at(r1,11,2)", "at(r1,11,3)", "at(r1,11,4)", "at(r1,11,5)", "at(r1,11,6)", "at(r1,11,7)", "at(r1,11,8)", "at(r1,11,9)", "at(r1,11,10)", "at(r1,11,11)", "at(r2,12,1)", "at(r2,12,2)", "at(r2,12,3)", "at(r2,12,4)", "at(r2,12,5)", "at(r2,12,6)", "at(r3,3,10)", "at(r3,3,11)", "at(r4,14,1)", "at(r4,14,2)", "at(r4,14,3)", "at(r4,14,4)", "at(r4,14,5)", "at(r4,14,6)", "at(r4,14,7)", "at(r4,14,8)", "at(r4,14,9)"
          ],
          "Costs": [
            8
          ]
        },
        {
          "Value": [
            "at(r1,11,0)", "at(r2,12,0)", "at(r3,13,0)", "at(r4,14,0)", "assign(r4,j11,1)", "assign(r3,j12,1)", "assign(r2,j21,1)", "assign(r3,j13,2)", "assign(r3,j14,3)", "assign(r2,j22,2)", "at(r3,1,1)", "at(r3,2,2)", "at(r3,2,3)", "at(r3,1,4)", "at(r3,1,5)", "at(r3,1,6)", "at(r2,1,7)", "at(r3,2,7)", "at(r2,1,8)", "at(r3,2,8)", "at(r2,1,9)", "at(r3,2,9)", "at(r4,1,10)", "at(r2,2,10)", "at(r4,1,11)", "at(r2,2,11)", "at(r1,11,1)", "at(r1,11,2)", "at(r1,11,3)", "at(r1,11,4)", "at(r1,11,5)", "at(r1,11,6)", "at(r1,11,7)", "at(r1,11,8)", "at(r1,11,9)", "at(r1,11,10)", "at(r1,11,11)", "at(r2,12,1)", "at(r2,12,2)", "at(r2,12,3)", "at(r2,12,4)", "at(r2,12,5)", "at(r2,12,6)", "at(r3,3,10)", "at(r3,3,11)", "at(r4,14,1)", "at(r4,14,2)", "at(r4,14,3)", "at(r4,14,4)", "at(r4,14,5)", "at(r4,14,6)", "at(r4,14,7)", "at(r4,14,8)", "at(r4,14,9)"
          ],
          "Costs": [
            8
          ]
        },
        {
          "Value": [
            "at(r1,11,0)", "at(r2,12,0)", "at(r3,13,0)", "at(r4,14,0)", "assign(r1,j11,1)", "assign(r3,j12,1)", "assign(r2,j21,1)", "assign(r3,j13,2)", "assign(r3,j14,3)", "assign(r2,j22,2)", "at(r3,1,1)", "at(r3,2,2)", "at(r3,2,3)", "at(r3,1,4)", "at(r3,1,5)", "at(r3,1,6)", "at(r2,1,7)", "at(r3,2,7)", "at(r2,1,8)", "at(r3,2,8)", "at(r2,1,9)", "at(r3,2,9)", "at(r1,1,10)", "at(r2,2,10)", "at(r1,1,11)", "at(r2,2,11)", "at(r1,11,1)", "at(r1,11,2)", "at(r1,11,3)", "at(r1,11,4)", "at(r1,11,5)", "at(r1,11,6)", "at(r1,11,7)", "at(r1,11,8)", "at(r1,11,9)", "at(r2,12,1)", "at(r2,12,2)", "at(r2,12,3)", "at(r2,12,4)", "at(r2,12,5)", "at(r2,12,6)", "at(r3,3,10)", "at(r3,3,11)", "at(r4,14,1)", "at(r4,14,2)", "at(r4,14,3)", "at(r4,14,4)", "at(r4,14,5)", "at(r4,14,6)", "at(r4,14,7)", "at(r4,14,8)", "at(r4,14,9)", "at(r4,14,10)", "at(r4,14,11)"
          ],
          "Costs": [
            8
          ]
        },
        {
          "Value": [
            "at(r1,11,0)", "at(r2,12,0)", "at(r3,13,0)", "at(r4,14,0)", "assign(r1,j11,1)", "assign(r3,j14,1)", "assign(r2,j21,1)", "assign(r3,j13,2)", "assign(r3,j12,3)", "assign(r2,j22,2)", "at(r3,1,1)", "at(r3,2,2)", "at(r3,2,3)", "at(r3,1,4)", "at(r3,1,5)", "at(r3,1,6)", "at(r2,1,7)", "at(r3,2,7)", "at(r2,1,8)", "at(r3,2,8)", "at(r2,1,9)", "at(r3,2,9)", "at(r1,1,10)", "at(r2,2,10)", "at(r1,1,11)", "at(r2,2,11)", "at(r1,11,1)", "at(r1,11,2)", "at(r1,11,3)", "at(r1,11,4)", "at(r1,11,5)", "at(r1,11,6)", "at(r1,11,7)", "at(r1,11,8)", "at(r1,11,9)", "at(r2,12,1)", "at(r2,12,2)", "at(r2,12,3)", "at(r2,12,4)", "at(r2,12,5)", "at(r2,12,6)", "at(r3,3,10)", "at(r3,3,11)", "at(r4,14,1)", "at(r4,14,2)", "at(r4,14,3)", "at(r4,14,4)", "at(r4,14,5)", "at(r4,14,6)", "at(r4,14,7)", "at(r4,14,8)", "at(r4,14,9)", "at(r4,14,10)", "at(r4,14,11)"
          ],
          "Costs": [
            8
          ]
        },
        {
          "Value": [
            "at(r1,11,0)", "at(r2,12,0)", "at(r3,13,0)", "at(r4,14,0)", "assign(r3,j11,1)", "assign(r4,j13,1)", "assign(r2,j21,1)", "assign(r4,j14,2)", "assign(r4,j12,3)", "assign(r2,j22,2)", "at(r2,1,1)", "at(r2,1,2)", "at(r2,1,3)", "at(r4,1,4)", "at(r2,2,4)", "at(r4,1,5)", "at(r2,2,5)", "at(r4,1,6)", "at(r4,2,7)", "at(r4,2,8)", "at(r4,1,9)", "at(r3,1,10)", "at(r4,2,10)", "at(r3,1,11)", "at(r4,2,11)", "at(r1,11,1)", "at(r1,11,2)", "at(r1,11,3)", "at(r1,11,4)", "at(r1,11,5)", "at(r1,11,6)", "at(r1,11,7)", "at(r1,11,8)", "at(r1,11,9)", "at(r1,11,10)", "at(r1,11,11)", "at(r2,3,6)", "at(r2,3,7)", "at(r2,3,8)", "at(r2,3,9)", "at(r2,3,10)", "at(r2,3,11)", "at(r3,13,1)", "at(r3,13,2)", "at(r3,13,3)", "at(r3,13,4)", "at(r3,13,5)", "at(r3,13,6)", "at(r3,13,7)", "at(r3,13,8)", "at(r3,13,9)", "at(r4,14,1)", "at(r4,14,2)", "at(r4,14,3)"
          ],
          "Costs": [
            8
          ]
        },
        {
          "Value": [
            "at(r1,11,0)", "at(r2,12,0)", "at(r3,13,0)", "at(r4,14,0)", "assign(r3,j11,1)", "assign(r4,j13,1)", "assign(r2,j21,1)", "assign(r4,j14,2)", "assign(r4,j12,3)", "assign(r2,j22,2)", "at(r2,1,1)", "at(r2,1,2)", "at(r2,1,3)", "at(r4,1,4)", "at(r2,2,4)", "at(r4,1,5)", "at(r2,2,5)", "at(r4,1,6)", "at(r2,2,6)", "at(r4,2,7)", "at(r4,2,8)", "at(r4,1,9)", "at(r3,1,10)", "at(r4,2,10)", "at(r3,1,11)", "at(r4,2,11)", "at(r1,11,1)", "at(r1,11,2)", "at(r1,11,3)", "at(r1,11,4)", "at(r1,11,5)", "at(r1,11,6)", "at(r1,11,7)", "at(r1,11,8)", "at(r1,11,9)", "at(r1,11,10)", "at(r1,11,11)", "at(r2,3,7)", "at(r2,3,8)", "at(r2,3,9)", "at(r2,3,10)", "at(r2,3,11)", "at(r3,13,1)", "at(r3,13,2)", "at(r3,13,3)", "at(r3,13,4)", "at(r3,13,5)", "at(r3,13,6)", "at(r3,13,7)", "at(r3,13,8)", "at(r3,13,9)", "at(r4,14,1)", "at(r4,14,2)", "at(r4,14,3)"
          ],
          "Costs": [
            8
          ]
        },
        {
          "Value": [
            "at(r1,11,0)", "at(r2,12,0)", "at(r3,13,0)", "at(r4,14,0)", "assign(r1,j11,1)", "assign(r4,j13,1)", "assign(r2,j21,1)", "assign(r4,j14,2)", "assign(r4,j12,3)", "assign(r2,j22,2)", "at(r2,1,1)", "at(r2,1,2)", "at(r2,1,3)", "at(r4,1,4)", "at(r2,2,4)", "at(r4,1,5)", "at(r2,2,5)", "at(r4,1,6)", "at(r4,2,7)", "at(r4,2,8)", "at(r4,1,9)", "at(r1,1,10)", "at(r4,2,10)", "at(r1,1,11)", "at(r4,2,11)", "at(r1,11,1)", "at(r1,11,2)", "at(r1,11,3)", "at(r1,11,4)", "at(r1,11,5)", "at(r1,11,6)", "at(r1,11,7)", "at(r1,11,8)", "at(r1,11,9)", "at(r2,3,6)", "at(r2,3,7)", "at(r2,3,8)", "at(r2,3,9)", "at(r2,3,10)", "at(r2,3,11)", "at(r3,13,1)", "at(r3,13,2)", "at(r3,13,3)", "at(r3,13,4)", "at(r3,13,5)", "at(r3,13,6)", "at(r3,13,7)", "at(r3,13,8)", "at(r3,13,9)", "at(r3,13,10)", "at(r3,13,11)", "at(r4,14,1)", "at(r4,14,2)", "at(r4,14,3)"
          ],
          "Costs": [
            8
          ]
        },
        {
          "Value": [
            "at(r1,11,0)", "at(r2,12,0)", "at(r3,13,0)", "at(r4,14,0)", "assign(r1,j11,1)", "assign(r4,j13,1)", "assign(r2,j21,1)", "assign(r4,j14,2)", "assign(r4,j12,3)", "assign(r2,j22,2)", "at(r2,1,1)", "at(r2,1,2)", "at(r2,1,3)", "at(r4,1,4)", "at(r2,2,4)", "at(r4,1,5)", "at(r2,2,5)", "at(r4,1,6)", "at(r2,2,6)", "at(r4,2,7)", "at(r4,2,8)", "at(r4,1,9)", "at(r1,1,10)", "at(r4,2,10)", "at(r1,1,11)", "at(r4,2,11)", "at(r1,11,1)", "at(r1,11,2)", "at(r1,11,3)", "at(r1,11,4)", "at(r1,11,5)", "at(r1,11,6)", "at(r1,11,7)", "at(r1,11,8)", "at(r1,11,9)", "at(r2,3,7)", "at(r2,3,8)", "at(r2,3,9)", "at(r2,3,10)", "at(r2,3,11)", "at(r3,13,1)", "at(r3,13,2)", "at(r3,13,3)", "at(r3,13,4)", "at(r3,13,5)", "at(r3,13,6)", "at(r3,13,7)", "at(r3,13,8)", "at(r3,13,9)", "at(r3,13,10)", "at(r3,13,11)", "at(r4,14,1)", "at(r4,14,2)", "at(r4,14,3)"
          ],
          "Costs": [
            8
          ]
        },
        {
          "Value": [
            "at(r1,11,0)", "at(r2,12,0)", "at(r3,13,0)", "at(r4,14,0)", "assign(r3,j11,1)", "assign(r4,j13,1)", "assign(r2,j21,1)", "assign(r4,j12,2)", "assign(r4,j14,3)", "assign(r2,j22,2)", "at(r2,1,1)", "at(r2,1,2)", "at(r2,1,3)", "at(r4,1,4)", "at(r2,2,4)", "at(r4,1,5)", "at(r2,2,5)", "at(r4,1,6)", "at(r4,2,7)", "at(r4,2,8)", "at(r4,1,9)", "at(r3,1,10)", "at(r4,2,10)", "at(r3,1,11)", "at(r4,2,11)", "at(r1,11,1)", "at(r1,11,2)", "at(r1,11,3)", "at(r1,11,4)", "at(r1,11,5)", "at(r1,11,6)", "at(r1,11,7)", "at(r1,11,8)", "at(r1,11,9)", "at(r1,11,10)", "at(r1,11,11)", "at(r2,3,6)", "at(r2,3,7)", "at(r2,3,8)", "at(r2,3,9)", "at(r2,3,10)", "at(r2,3,11)", "at(r3,13,1)", "at(r3,13,2)", "at(r3,13,3)", "at(r3,13,4)", "at(r3,13,5)", "at(r3,13,6)", "at(r3,13,7)", "at(r3,13,8)", "at(r3,13,9)", "at(r4,14,1)", "at(r4,14,2)", "at(r4,14,3)"
          ],
          "Costs": [
            8
          ]
        },
        {
          "Value": [
            "at(r1,11,0)", "at(r2,12,0)", "at(r3,13,0)", "at(r4,14,0)", "assign(r3,j11,1)", "assign(r4,j13,1)", "assign(r2,j21,1)", "assign(r4,j12,2)", "assign(r4,j14,3)", "assign(r2,j22,2)", "at(r2,1,1)", "at(r2,1,2)", "at(r2,1,3)", "at(r4,1,4)", "at(r2,2,4)", "at(r4,1,5)", "at(r2,2,5)", "at(r4,1,6)", "at(r2,2,6)", "at(r4,2,7)", "at(r4,2,8)", "at(r4,1,9)", "at(r3,1,10)", "at(r4,2,10)", "at(r3,1,11)", "at(r4,2,11)", "at(r1,11,1)", "at(r1,11,2)", "at(r1,11,3)", "at(r1,11,4)", "at(r1,11,5)", "at(r1,11,6)", "at(r1,11,7)", "at(r1,11,8)", "at(r1,11,9)", "at(r1,11,10)", "at(r1,11,11)", "at(r2,3,7)", "at(r2,3,8)", "at(r2,3,9)", "at(r2,3,10)", "at(r2,3,11)", "at(r3,13,1)", "at(r3,13,2)", "at(r3,13,3)", "at(r3,13,4)", "at(r3,13,5)", "at(r3,13,6)", "at(r3,13,7)", "at(r3,13,8)", "at(r3,13,9)", "at(r4,14,1)", "at(r4,14,2)", "at(r4,14,3)"
          ],
          "Costs": [
            8
          ]
        },
        {
          "Value": [
            "at(r1,11,0)", "at(r2,12,0)", "at(r3,13,0)", "at(r4,14,0)", "assign(r1,j11,1)", "assign(r4,j13,1)", "assign(r2,j21,1)", "assign(r4,j12,2)", "assign(r4,j14,3)", "assign(r2,j22,2)", "at(r2,1,1)", "at(r2,1,2)", "at(r2,1,3)", "at(r4,1,4)", "at(r2,2,4)", "at(r4,1,5)", "at(r2,2,5)", "at(r4,1,6)", "at(r4,2,7)", "at(r4,2,8)", "at(r4,1,9)", "at(r1,1,10)", "at(r4,2,10)", "at(r1,1,11)", "at(r4,2,11)", "at(r1,11,1)", "at(r1,11,2)", "at(r1,11,3)", "at(r1,11,4)", "at(r1,11,5)", "at(r1,11,6)", "at(r1,11,7)", "at(r1,11,8)", "at(r1,11,9)", "at(r2,3,6)", "at(r2,3,7)", "at(r2,3,8)", "at(r2,3,9)", "at(r2,3,10)", "at(r2,3,11)", "at(r3,13,1)", "at(r3,13,2)", "at(r3,13,3)", "at(r3,13,4)", "at(r3,13,5)", "at(r3,13,6)", "at(r3,13,7)", "at(r3,13,8)", "at(r3,13,9)", "at(r3,13,10)", "at(r3,13,11)", "at(r4,14,1)", "at(r4,14,2)", "at(r4,14,3)"
          ],
          "Costs": [
            8
          ]
        },
        {
          "Value": [
            "at(r1,11,0)", "at(r2,12,0)", "at(r3,13,0)", "at(r4,14,0)", "assign(r1,j11,1)", "assign(r4,j13,1)", "assign(r2,j21,1)", "assign(r4,j12,2)", "assign(r4,j14,3)", "assign(r2,j22,2)", "at(r2,1,1)", "at(r2,1,2)", "at(r2,1,3)", "at(r4,1,4)", "at(r2,2,4)", "at(r4,1,5)", "at(r2,2,5)", "at(r4,1,6)", "at(r2,2,6)", "at(r4,2,7)", "at(r4,2,8)", "at(r4,1,9)", "at(r1,1,10)", "at(r4,2,10)", "at(r1,1,11)", "at(r4,2,11)", "at(r1,11,1)", "at(r1,11,2)", "at(r1,11,3)", "at(r1,11,4)", "at(r1,11,5)", "at(r1,11,6)", "at(r1,11,7)", "at(r1,11,8)", "at(r1,11,9)", "at(r2,3,7)", "at(r2,3,8)", "at(r2,3,9)", "at(r2,3,10)", "at(r2,3,11)", "at(r3,13,1)", "at(r3,13,2)", "at(r3,13,3)", "at(r3,13,4)", "at(r3,13,5)", "at(r3,13,6)", "at(r3,13,7)", "at(r3,13,8)", "at(r3,13,9)", "at(r3,13,10)", "at(r3,13,11)", "at(r4,14,1)", "at(r4,14,2)", "at(r4,14,3)"
          ],
          "Costs": [
            8
          ]
        },
        {
          "Value": [
            "at(r1,11,0)", "at(r2,12,0)", "at(r3,13,0)", "at(r4,14,0)", "assign(r4,j11,1)", "assign(r3,j14,1)", "assign(r2,j21,1)", "assign(r3,j13,2)", "assign(r3,j12,3)", "assign(r2,j22,2)", "at(r3,1,1)", "at(r3,2,2)", "at(r3,2,3)", "at(r3,1,4)", "at(r3,1,5)", "at(r3,1,6)", "at(r2,1,7)", "at(r3,2,7)", "at(r2,1,8)", "at(r3,2,8)", "at(r2,1,9)", "at(r4,1,10)", "at(r2,2,10)", "at(r4,1,11)", "at(r2,2,11)", "at(r1,11,1)", "at(r1,11,2)", "at(r1,11,3)", "at(r1,11,4)", "at(r1,11,5)", "at(r1,11,6)", "at(r1,11,7)", "at(r1,11,8)", "at(r1,11,9)", "at(r1,11,10)", "at(r1,11,11)", "at(r2,12,1)", "at(r2,12,2)", "at(r2,12,3)", "at(r2,12,4)", "at(r2,12,5)", "at(r2,12,6)", "at(r3,3,9)", "at(r3,3,10)", "at(r3,3,11)", "at(r4,14,1)", "at(r4,14,2)", "at(r4,14,3)", "at(r4,14,4)", "at(r4,14,5)", "at(r4,14,6)", "at(r4,14,7)", "at(r4,14,8)", "at(r4,14,9)"
          ],
          "Costs": [
            8
          ]
        },
        {
          "Value": [
            "at(r1,11,0)", "at(r2,12,0)", "at(r3,13,0)", "at(r4,14,0)", "assign(r4,j11,1)", "assign(r3,j12,1)", "assign(r2,j21,1)", "assign(r3,j13,2)", "assign(r3,j14,3)", "assign(r2,j22,2)", "at(r3,1,1)", "at(r3,2,2)", "at(r3,2,3)", "at(r3,1,4)", "at(r3,1,5)", "at(r3,1,6)", "at(r2,1,7)", "at(r3,2,7)", "at(r2,1,8)", "at(r3,2,8)", "at(r2,1,9)", "at(r4,1,10)", "at(r2,2,10)", "at(r4,1,11)", "at(r2,2,11)", "at(r1,11,1)", "at(r1,11,2)", "at(r1,11,3)", "at(r1,11,4)", "at(r1,11,5)", "at(r1,11,6)", "at(r1,11,7)", "at(r1,11,8)", "at(r1,11,9)", "at(r1,11,10)", "at(r1,11,11)", "at(r2,12,1)", "at(r2,12,2)", "at(r2,12,3)", "at(r2,12,4)", "at(r2,12,5)", "at(r2,12,6)", "at(r3,3,9)", "at(r3,3,10)", "at(r3,3,11)", "at(r4,14,1)", "at(r4,14,2)", "at(r4,14,3)", "at(r4,14,4)", "at(r4,14,5)", "at(r4,14,6)", "at(r4,14,7)", "at(r4,14,8)", "at(r4,14,9)"
          ],
          "Costs": [
            8
          ]
        },
        {
          "Value": [
            "at(r1,11,0)", "at(r2,12,0)", "at(r3,13,0)", "at(r4,14,0)", "assign(r1,j11,1)", "assign(r3,j12,1)", "assign(r2,j21,1)", "assign(r3,j13,2)", "assign(r3,j14,3)", "assign(r2,j22,2)", "at(r3,1,1)", "at(r3,2,2)", "at(r3,2,3)", "at(r3,1,4)", "at(r3,1,5)", "at(r3,1,6)", "at(r2,1,7)", "at(r3,2,7)", "at(r2,1,8)", "at(r3,2,8)", "at(r2,1,9)", "at(r1,1,10)", "at(r2,2,10)", "at(r1,1,11)", "at(r2,2,11)", "at(r1,11,1)", "at(r1,11,2)", "at(r1,11,3)", "at(r1,11,4)", "at(r1,11,5)", "at(r1,11,6)", "at(r1,11,7)", "at(r1,11,8)", "at(r1,11,9)", "at(r2,12,1)", "at(r2,12,2)", "at(r2,12,3)", "at(r2,12,4)", "at(r2,12,5)", "at(r2,12,6)", "at(r3,3,9)", "at(r3,3,10)", "at(r3,3,11)", "at(r4,14,1)", "at(r4,14,2)", "at(r4,14,3)", "at(r4,14,4)", "at(r4,14,5)", "at(r4,14,6)", "at(r4,14,7)", "at(r4,14,8)", "at(r4,14,9)", "at(r4,14,10)", "at(r4,14,11)"
          ],
          "Costs": [
            8
          ]
        },
        {
          "Value": [
            "at(r1,11,0)", "at(r2,12,0)", "at(r3,13,0)", "at(r4,14,0)", "assign(r1,j11,1)", "assign(r3,j14,1)", "assign(r2,j21,1)", "assign(r3,j13,2)", "assign(r3,j12,3)", "assign(r2,j22,2)", "at(r3,1,1)", "at(r3,2,2)", "at(r3,2,3)", "at(r3,1,4)", "at(r3,1,5)", "at(r3,1,6)", "at(r2,1,7)", "at(r3,2,7)", "at(r2,1,8)", "at(r3,2,8)", "at(r2,1,9)", "at(r1,1,10)", "at(r2,2,10)", "at(r1,1,11)", "at(r2,2,11)", "at(r1,11,1)", "at(r1,11,2)", "at(r1,11,3)", "at(r1,11,4)", "at(r1,11,5)", "at(r1,11,6)", "at(r1,11,7)", "at(r1,11,8)", "at(r1,11,9)", "at(r2,12,1)", "at(r2,12,2)", "at(r2,12,3)", "at(r2,12,4)", "at(r2,12,5)", "at(r2,12,6)", "at(r3,3,9)", "at(r3,3,10)", "at(r3,3,11)", "at(r4,14,1)", "at(r4,14,2)", "at(r4,14,3)", "at(r4,14,4)", "at(r4,14,5)", "at(r4,14,6)", "at(r4,14,7)", "at(r4,14,8)", "at(r4,14,9)", "at(r4,14,10)", "at(r4,14,11)"
          ],
          "Costs": [
            8
          ]
        },
        {
          "Value": [
            "at(r1,11,0)", "at(r2,12,0)", "at(r3,13,0)", "at(r4,14,0)", "assign(r4,j11,1)", "assign(r1,j13,1)", "assign(r2,j21,1)", "assign(r1,j12,2)", "assign(r1,j14,3)", "assign(r2,j22,2)", "at(r2,1,1)", "at(r2,1,2)", "at(r2,1,3)", "at(r1,1,4)", "at(r2,2,4)", "at(r1,1,5)", "at(r2,2,5)", "at(r1,1,6)", "at(r2,2,6)", "at(r1,2,7)", "at(r1,2,8)", "at(r1,1,9)", "at(r4,1,10)", "at(r1,2,10)", "at(r4,1,11)", "at(r1,2,11)", "at(r1,11,1)", "at(r1,11,2)", "at(r1,11,3)", "at(r2,3,7)", "at(r2,3,8)", "at(r2,3,9)", "at(r2,3,10)", "at(r2,3,11)", "at(r3,13,1)", "at(r3,13,2)", "at(r3,13,3)", "at(r3,13,4)", "at(r3,13,5)", "at(r3,13,6)", "at(r3,13,7)", "at(r3,13,8)", "at(r3,13,9)", "at(r3,13,10)", "at(r3,13,11)", "at(r4,14,1)", "at(r4,14,2)", "at(r4,14,3)", "at(r4,14,4)", "at(r4,14,5)", "at(r4,14,6)", "at(r4,14,7)", "at(r4,14,8)", "at(r4,14,9)"
          ],
          "Costs": [
            8
          ]
        },
        {
          "Value": [
            "at(r1,11,0)", "at(r2,12,0)", "at(r3,13,0)", "at(r4,14,0)", "assign(r3,j11,1)", "assign(r1,j13,1)", "assign(r2,j21,1)", "assign(r1,j12,2)", "assign(r1,j14,3)", "assign(r2,j22,2)", "at(r2,1,1)", "at(r2,1,2)", "at(r2,1,3)", "at(r1,1,4)", "at(r2,2,4)", "at(r1,1,5)", "at(r2,2,5)", "at(r1,1,6)", "at(r2,2,6)", "at(r1,2,7)", "at(r1,2,8)", "at(r1,1,9)", "at(r3,1,10)", "at(r1,2,10)", "at(r3,1,11)", "at(r1,2,11)", "at(r1,11,1)", "at(r1,11,2)", "at(r1,11,3)", "at(r2,3,7)", "at(r2,3,8)", "at(r2,3,9)", "at(r2,3,10)", "at(r2,3,11)", "at(r3,13,1)", "at(r3,13,2)", "at(r3,13,3)", "at(r3,13,4)", "at(r3,13,5)", "at(r3,13,6)", "at(r3,13,7)", "at(r3,13,8)", "at(r3,13,9)", "at(r4,14,1)", "at(r4,14,2)", "at(r4,14,3)", "at(r4,14,4)", "at(r4,14,5)", "at(r4,14,6)", "at(r4,14,7)", "at(r4,14,8)", "at(r4,14,9)", "at(r4,14,10)", "at(r4,14,11)"
          ],
          "Costs": [
            8
          ]
        },
        {
          "Value": [
            "at(r1,11,0)", "at(r2,12,0)", "at(r3,13,0)", "at(r4,14,0)", "assign(r3,j11,1)", "assign(r1,j13,1)", "assign(r2,j21,1)", "assign(r1,j14,2)", "assign(r1,j12,3)", "assign(r2,j22,2)", "at(r2,1,1)", "at(r2,1,2)", "at(r2,1,3)", "at(r1,1,4)", "at(r2,2,4)", "at(r1,1,5)", "at(r2,2,5)", "at(r1,1,6)", "at(r2,2,6)", "at(r1,2,7)", "at(r1,2,8)", "at(r1,1,9)", "at(r3,1,10)", "at(r1,2,10)", "at(r3,1,11)", "at(r1,2,11)", "at(r1,11,1)", "at(r1,11,2)", "at(r1,11,3)", "at(r2,3,7)", "at(r2,3,8)", "at(r2,3,9)", "at(r2,3,10)", "at(r2,3,11)", "at(r3,13,1)", "at(r3,13,2)", "at(r3,13,3)", "at(r3,13,4)", "at(r3,13,5)", "at(r3,13,6)", "at(r3,13,7)", "at(r3,13,8)", "at(r3,13,9)", "at(r4,14,1)", "at(r4,14,2)", "at(r4,14,3)", "at(r4,14,4)", "at(r4,14,5)", "at(r4,14,6)", "at(r4,14,7)", "at(r4,14,8)", "at(r4,14,9)", "at(r4,14,10)", "at(r4,14,11)"
          ],
          "Costs": [
            8
          ]
        },
        {
          "Value": [
            "at(r1,11,0)", "at(r2,12,0)", "at(r3,13,0)", "at(r4,14,0)", "assign(r4,j11,1)", "assign(r1,j13,1)", "assign(r2,j21,1)", "assign(r1,j14,2)", "assign(r1,j12,3)", "assign(r2,j22,2)", "at(r2,1,1)", "at(r2,1,2)", "at(r2,1,3)", "at(r1,1,4)", "at(r2,2,4)", "at(r1,1,5)", "at(r2,2,5)", "at(r1,1,6)", "at(r2,2,6)", "at(r1,2,7)", "at(r1,2,8)", "at(r1,1,9)", "at(r4,1,10)", "at(r1,2,10)", "at(r4,1,11)", "at(r1,2,11)", "at(r1,11,1)", "at(r1,11,2)", "at(r1,11,3)", "at(r2,3,7)", "at(r2,3,8)", "at(r2,3,9)", "at(r2,3,10)", "at(r2,3,11)", "at(r3,13,1)", "at(r3,13,2)", "at(r3,13,3)", "at(r3,13,4)", "at(r3,13,5)", "at(r3,13,6)", "at(r3,13,7)", "at(r3,13,8)", "at(r3,13,9)", "at(r3,13,10)", "at(r3,13,11)", "at(r4,14,1)", "at(r4,14,2)", "at(r4,14,3)", "at(r4,14,4)", "at(r4,14,5)", "at(r4,14,6)", "at(r4,14,7)", "at(r4,14,8)", "at(r4,14,9)"
          ],
          "Costs": [
            8
          ]
        },
        {
          "Value": [
            "at(r1,11,0)", "at(r2,12,0)", "at(r3,13,0)", "at(r4,14,0)", "assign(r1,j11,1)", "assign(r3,j13,1)", "assign(r2,j21,1)", "assign(r3,j12,2)", "assign(r3,j14,3)", "assign(r2,j22,2)", "at(r2,1,1)", "at(r2,1,2)", "at(r2,1,3)", "at(r3,1,4)", "at(r2,2,4)", "at(r3,1,5)", "at(r2,2,5)", "at(r3,1,6)", "at(r2,2,6)", "at(r3,2,7)", "at(r3,2,8)", "at(r3,1,9)", "at(r1,1,10)", "at(r3,2,10)", "at(r1,1,11)", "at(r3,2,11)", "at(r1,11,1)", "at(r1,11,2)", "at(r1,11,3)", "at(r1,11,4)", "at(r1,11,5)", "at(r1,11,6)", "at(r1,11,7)", "at(r1,11,8)", "at(r1,11,9)", "at(r2,3,7)", "at(r2,3,8)", "at(r2,3,9)", "at(r2,3,10)", "at(r2,3,11)", "at(r3,13,1)", "at(r3,13,2)", "at(r3,13,3)", "at(r4,14,1)", "at(r4,14,2)", "at(r4,14,3)", "at(r4,14,4)", "at(r4,14,5)", "at(r4,14,6)", "at(r4,14,7)", "at(r4,14,8)", "at(r4,14,9)", "at(r4,14,10)", "at(r4,14,11)"
          ],
          "Costs": [
            8
          ]
        },
        {
          "Value": [
            "at(r1,11,0)", "at(r2,12,0)", "at(r3,13,0)", "at(r4,14,0)", "assign(r4,j11,1)", "assign(r3,j13,1)", "assign(r2,j21,1)", "assign(r3,j12,2)", "assign(r3,j14,3)", "assign(r2,j22,2)", "at(r2,1,1)", "at(r2,1,2)", "at(r2,1,3)", "at(r3,1,4)", "at(r2,2,4)", "at(r3,1,5)", "at(r2,2,5)", "at(r3,1,6)", "at(r2,2,6)", "at(r3,2,7)", "at(r3,2,8)", "at(r3,1,9)", "at(r4,1,10)", "at(r3,2,10)", "at(r4,1,11)", "at(r3,2,11)", "at(r1,11,1)", "at(r1,11,2)", "at(r1,11,3)", "at(r1,11,4)", "at(r1,11,5)", "at(r1,11,6)", "at(r1,11,7)", "at(r1,11,8)", "at(r1,11,9)", "at(r1,11,10)", "at(r1,11,11)", "at(r2,3,7)", "at(r2,3,8)", "at(r2,3,9)", "at(r2,3,10)", "at(r2,3,11)", "at(r3,13,1)", "at(r3,13,2)", "at(r3,13,3)", "at(r4,14,1)", "at(r4,14,2)", "at(r4,14,3)", "at(r4,14,4)", "at(r4,14,5)", "at(r4,14,6)", "at(r4,14,7)", "at(r4,14,8)", "at(r4,14,9)"
          ],
          "Costs": [
            8
          ]
        },
        {
          "Value": [
            "at(r1,11,0)", "at(r2,12,0)", "at(r3,13,0)", "at(r4,14,0)", "assign(r1,j11,1)", "assign(r3,j13,1)", "assign(r2,j21,1)", "assign(r3,j14,2)", "assign(r3,j12,3)", "assign(r2,j22,2)", "at(r2,1,1)", "at(r2,1,2)", "at(r2,1,3)", "at(r3,1,4)", "at(r2,2,4)", "at(r3,1,5)", "at(r2,2,5)", "at(r3,1,6)", "at(r2,2,6)", "at(r3,2,7)", "at(r3,2,8)", "at(r3,1,9)", "at(r1,1,10)", "at(r3,2,10)", "at(r1,1,11)", "at(r3,2,11)", "at(r1,11,1)", "at(r1,11,2)", "at(r1,11,3)", "at(r1,11,4)", "at(r1,11,5)", "at(r1,11,6)", "at(r1,11,7)", "at(r1,11,8)", "at(r1,11,9)", "at(r2,3,7)", "at(r2,3,8)", "at(r2,3,9)", "at(r2,3,10)", "at(r2,3,11)", "at(r3,13,1)", "at(r3,13,2)", "at(r3,13,3)", "at(r4,14,1)", "at(r4,14,2)", "at(r4,14,3)", "at(r4,14,4)", "at(r4,14,5)", "at(r4,14,6)", "at(r4,14,7)", "at(r4,14,8)", "at(r4,14,9)", "at(r4,14,10)", "at(r4,14,11)"
          ],
          "Costs": [
            8
          ]
        },
        {
          "Value": [
            "at(r1,11,0)", "at(r2,12,0)", "at(r3,13,0)", "at(r4,14,0)", "assign(r4,j11,1)", "assign(r3,j13,1)", "assign(r2,j21,1)", "assign(r3,j14,2)", "assign(r3,j12,3)", "assign(r2,j22,2)", "at(r2,1,1)", "at(r2,1,2)", "at(r2,1,3)", "at(r3,1,4)", "at(r2,2,4)", "at(r3,1,5)", "at(r2,2,5)", "at(r3,1,6)", "at(r2,2,6)", "at(r3,2,7)", "at(r3,2,8)", "at(r3,1,9)", "at(r4,1,10)", "at(r3,2,10)", "at(r4,1,11)", "at(r3,2,11)", "at(r1,11,1)", "at(r1,11,2)", "at(r1,11,3)", "at(r1,11,4)", "at(r1,11,5)", "at(r1,11,6)", "at(r1,11,7)", "at(r1,11,8)", "at(r1,11,9)", "at(r1,11,10)", "at(r1,11,11)", "at(r2,3,7)", "at(r2,3,8)", "at(r2,3,9)", "at(r2,3,10)", "at(r2,3,11)", "at(r3,13,1)", "at(r3,13,2)", "at(r3,13,3)", "at(r4,14,1)", "at(r4,14,2)", "at(r4,14,3)", "at(r4,14,4)", "at(r4,14,5)", "at(r4,14,6)", "at(r4,14,7)", "at(r4,14,8)", "at(r4,14,9)"
          ],
          "Costs": [
            8
          ]
        },
        {
          "Value": [
            "at(r1,11,0)", "at(r2,12,0)", "at(r3,13,0)", "at(r4,14,0)", "assign(r3,j11,1)", "assign(r1,j13,1)", "assign(r2,j21,1)", "assign(r1,j12,2)", "assign(r1,j14,3)", "assign(r2,j22,2)", "at(r2,1,1)", "at(r2,1,2)", "at(r2,1,3)", "at(r1,1,4)", "at(r2,2,4)", "at(r1,1,5)", "at(r2,2,5)", "at(r1,1,6)", "at(r1,2,7)", "at(r1,2,8)", "at(r1,1,9)", "at(r3,1,10)", "at(r1,2,10)", "at(r3,1,11)", "at(r1,2,11)", "at(r1,11,1)", "at(r1,11,2)", "at(r1,11,3)", "at(r2,3,6)", "at(r2,3,7)", "at(r2,3,8)", "at(r2,3,9)", "at(r2,3,10)", "at(r2,3,11)", "at(r3,13,1)", "at(r3,13,2)", "at(r3,13,3)", "at(r3,13,4)", "at(r3,13,5)", "at(r3,13,6)", "at(r3,13,7)", "at(r3,13,8)", "at(r3,13,9)", "at(r4,14,1)", "at(r4,14,2)", "at(r4,14,3)", "at(r4,14,4)", "at(r4,14,5)", "at(r4,14,6)", "at(r4,14,7)", "at(r4,14,8)", "at(r4,14,9)", "at(r4,14,10)", "at(r4,14,11)"
          ],
          "Costs": [
            8
          ]
        },
        {
          "Value": [
            "at(r1,11,0)", "at(r2,12,0)", "at(r3,13,0)", "at(r4,14,0)", "assign(r4,j11,1)", "assign(r1,j13,1)", "assign(r2,j21,1)", "assign(r1,j12,2)", "assign(r1,j14,3)", "assign(r2,j22,2)", "at(r2,1,1)", "at(r2,1,2)", "at(r2,1,3)", "at(r1,1,4)", "at(r2,2,4)", "at(r1,1,5)", "at(r2,2,5)", "at(r1,1,6)", "at(r1,2,7)", "at(r1,2,8)", "at(r1,1,9)", "at(r4,1,10)", "at(r1,2,10)", "at(r4,1,11)", "at(r1,2,11)", "at(r1,11,1)", "at(r1,11,2)", "at(r1,11,3)", "at(r2,3,6)", "at(r2,3,7)", "at(r2,3,8)", "at(r2,3,9)", "at(r2,3,10)", "at(r2,3,11)", "at(r3,13,1)", "at(r3,13,2)", "at(r3,13,3)", "at(r3,13,4)", "at(r3,13,5)", "at(r3,13,6)", "at(r3,13,7)", "at(r3,13,8)", "at(r3,13,9)", "at(r3,13,10)", "at(r3,13,11)", "at(r4,14,1)", "at(r4,14,2)", "at(r4,14,3)", "at(r4,14,4)", "at(r4,14,5)", "at(r4,14,6)", "at(r4,14,7)", "at(r4,14,8)", "at(r4,14,9)"
          ],
          "Costs": [
            8
          ]
        },
        {
          "Value": [
            "at(r1,11,0)", "at(r2,12,0)", "at(r3,13,0)", "at(r4,14,0)", "assign(r1,j11,1)", "assign(r3,j13,1)", "assign(r2,j21,1)", "assign(r3,j14,2)", "assign(r3,j12,3)", "assign(r2,j22,2)", "at(r2,1,1)", "at(r2,1,2)", "at(r2,1,3)", "at(r3,1,4)", "at(r2,2,4)", "at(r3,1,5)", "at(r2,2,5)", "at(r3,1,6)", "at(r3,2,7)", "at(r3,2,8)", "at(r3,1,9)", "at(r1,1,10)", "at(r3,2,10)", "at(r1,1,11)", "at(r3,2,11)", "at(r1,11,1)", "at(r1,11,2)", "at(r1,11,3)", "at(r1,11,4)", "at(r1,11,5)", "at(r1,11,6)", "at(r1,11,7)", "at(r1,11,8)", "at(r1,11,9)", "at(r2,3,6)", "at(r2,3,7)", "at(r2,3,8)", "at(r2,3,9)", "at(r2,3,10)", "at(r2,3,11)", "at(r3,13,1)", "at(r3,13,2)", "at(r3,13,3)", "at(r4,14,1)", "at(r4,14,2)", "at(r4,14,3)", "at(r4,14,4)", "at(r4,14,5)", "at(r4,14,6)", "at(r4,14,7)", "at(r4,14,8)", "at(r4,14,9)", "at(r4,14,10)", "at(r4,14,11)"
          ],
          "Costs": [
            8
          ]
        },
        {
          "Value": [
            "at(r1,11,0)", "at(r2,12,0)", "at(r3,13,0)", "at(r4,14,0)", "assign(r4,j11,1)", "assign(r3,j13,1)", "assign(r2,j21,1)", "assign(r3,j14,2)", "assign(r3,j12,3)", "assign(r2,j22,2)", "at(r2,1,1)", "at(r2,1,2)", "at(r2,1,3)", "at(r3,1,4)", "at(r2,2,4)", "at(r3,1,5)", "at(r2,2,5)", "at(r3,1,6)", "at(r3,2,7)", "at(r3,2,8)", "at(r3,1,9)", "at(r4,1,10)", "at(r3,2,10)", "at(r4,1,11)", "at(r3,2,11)", "at(r1,11,1)", "at(r1,11,2)", "at(r1,11,3)", "at(r1,11,4)", "at(r1,11,5)", "at(r1,11,6)", "at(r1,11,7)", "at(r1,11,8)", "at(r1,11,9)", "at(r1,11,10)", "at(r1,11,11)", "at(r2,3,6)", "at(r2,3,7)", "at(r2,3,8)", "at(r2,3,9)", "at(r2,3,10)", "at(r2,3,11)", "at(r3,13,1)", "at(r3,13,2)", "at(r3,13,3)", "at(r4,14,1)", "at(r4,14,2)", "at(r4,14,3)", "at(r4,14,4)", "at(r4,14,5)", "at(r4,14,6)", "at(r4,14,7)", "at(r4,14,8)", "at(r4,14,9)"
          ],
          "Costs": [
            8
          ]
        },
        {
          "Value": [
            "at(r1,11,0)", "at(r2,12,0)", "at(r3,13,0)", "at(r4,14,0)", "assign(r4,j11,1)", "assign(r3,j13,1)", "assign(r2,j21,1)", "assign(r3,j12,2)", "assign(r3,j14,3)", "assign(r2,j22,2)", "at(r2,1,1)", "at(r2,1,2)", "at(r2,1,3)", "at(r3,1,4)", "at(r2,2,4)", "at(r3,1,5)", "at(r2,2,5)", "at(r3,1,6)", "at(r3,2,7)", "at(r3,2,8)", "at(r3,1,9)", "at(r4,1,10)", "at(r3,2,10)", "at(r4,1,11)", "at(r3,2,11)", "at(r1,11,1)", "at(r1,11,2)", "at(r1,11,3)", "at(r1,11,4)", "at(r1,11,5)", "at(r1,11,6)", "at(r1,11,7)", "at(r1,11,8)", "at(r1,11,9)", "at(r1,11,10)", "at(r1,11,11)", "at(r2,3,6)", "at(r2,3,7)", "at(r2,3,8)", "at(r2,3,9)", "at(r2,3,10)", "at(r2,3,11)", "at(r3,13,1)", "at(r3,13,2)", "at(r3,13,3)", "at(r4,14,1)", "at(r4,14,2)", "at(r4,14,3)", "at(r4,14,4)", "at(r4,14,5)", "at(r4,14,6)", "at(r4,14,7)", "at(r4,14,8)", "at(r4,14,9)"
          ],
          "Costs": [
            8
          ]
        },
        {
          "Value": [
            "at(r1,11,0)", "at(r2,12,0)", "at(r3,13,0)", "at(r4,14,0)", "assign(r1,j11,1)", "assign(r3,j13,1)", "assign(r2,j21,1)", "assign(r3,j12,2)", "assign(r3,j14,3)", "assign(r2,j22,2)", "at(r2,1,1)", "at(r2,1,2)", "at(r2,1,3)", "at(r3,1,4)", "at(r2,2,4)", "at(r3,1,5)", "at(r2,2,5)", "at(r3,1,6)", "at(r3,2,7)", "at(r3,2,8)", "at(r3,1,9)", "at(r1,1,10)", "at(r3,2,10)", "at(r1,1,11)", "at(r3,2,11)", "at(r1,11,1)", "at(r1,11,2)", "at(r1,11,3)", "at(r1,11,4)", "at(r1,11,5)", "at(r1,11,6)", "at(r1,11,7)", "at(r1,11,8)", "at(r1,11,9)", "at(r2,3,6)", "at(r2,3,7)", "at(r2,3,8)", "at(r2,3,9)", "at(r2,3,10)", "at(r2,3,11)", "at(r3,13,1)", "at(r3,13,2)", "at(r3,13,3)", "at(r4,14,1)", "at(r4,14,2)", "at(r4,14,3)", "at(r4,14,4)", "at(r4,14,5)", "at(r4,14,6)", "at(r4,14,7)", "at(r4,14,8)", "at(r4,14,9)", "at(r4,14,10)", "at(r4,14,11)"
          ],
          "Costs": [
            8
          ]
        },
        {
          "Value": [
            "at(r1,11,0)", "at(r2,12,0)", "at(r3,13,0)", "at(r4,14,0)", "assign(r4,j11,1)", "assign(r1,j13,1)", "assign(r2,j21,1)", "assign(r1,j14,2)", "assign(r1,j12,3)", "assign(r2,j22,2)", "at(r2,1,1)", "at(r2,1,2)", "at(r2,1,3)", "at(r1,1,4)", "at(r2,2,4)", "at(r1,1,5)", "at(r2,2,5)", "at(r1,1,6)", "at(r1,2,7)", "at(r1,2,8)", "at(r1,1,9)", "at(r4,1,10)", "at(r1,2,10)", "at(r4,1,11)", "at(r1,2,11)", "at(r1,11,1)", "at(r1,11,2)", "at(r1,11,3)", "at(r2,3,6)", "at(r2,3,7)", "at(r2,3,8)", "at(r2,3,9)", "at(r2,3,10)", "at(r2,3,11)", "at(r3,13,1)", "at(r3,13,2)", "at(r3,13,3)", "at(r3,13,4)", "at(r3,13,5)", "at(r3,13,6)", "at(r3,13,7)", "at(r3,13,8)", "at(r3,13,9)", "at(r3,13,10)", "at(r3,13,11)", "at(r4,14,1)", "at(r4,14,2)", "at(r4,14,3)", "at(r4,14,4)", "at(r4,14,5)", "at(r4,14,6)", "at(r4,14,7)", "at(r4,14,8)", "at(r4,14,9)"
          ],
          "Costs": [
            8
          ]
        },
        {
          "Value": [
            "at(r1,11,0)", "at(r2,12,0)", "at(r3,13,0)", "at(r4,14,0)", "assign(r3,j11,1)", "assign(r1,j13,1)", "assign(r2,j21,1)", "assign(r1,j14,2)", "assign(r1,j12,3)", "assign(r2,j22,2)", "at(r2,1,1)", "at(r2,1,2)", "at(r2,1,3)", "at(r1,1,4)", "at(r2,2,4)", "at(r1,1,5)", "at(r2,2,5)", "at(r1,1,6)", "at(r1,2,7)", "at(r1,2,8)", "at(r1,1,9)", "at(r3,1,10)", "at(r1,2,10)", "at(r3,1,11)", "at(r1,2,11)", "at(r1,11,1)", "at(r1,11,2)", "at(r1,11,3)", "at(r2,3,6)", "at(r2,3,7)", "at(r2,3,8)", "at(r2,3,9)", "at(r2,3,10)", "at(r2,3,11)", "at(r3,13,1)", "at(r3,13,2)", "at(r3,13,3)", "at(r3,13,4)", "at(r3,13,5)", "at(r3,13,6)", "at(r3,13,7)", "at(r3,13,8)", "at(r3,13,9)", "at(r4,14,1)", "at(r4,14,2)", "at(r4,14,3)", "at(r4,14,4)", "at(r4,14,5)", "at(r4,14,6)", "at(r4,14,7)", "at(r4,14,8)", "at(r4,14,9)", "at(r4,14,10)", "at(r4,14,11)"
          ],
          "Costs": [
            8
          ]
        },
        {
          "Value": [
            "at(r1,11,0)", "at(r2,12,0)", "at(r3,13,0)", "at(r4,14,0)", "assign(r1,j13,1)", "assign(r4,j14,1)", "assign(r2,j21,1)", "assign(r1,j11,2)", "assign(r4,j12,2)", "assign(r2,j22,2)", "at(r4,1,1)", "at(r4,2,2)", "at(r4,2,3)", "at(r4,1,4)", "at(r2,1,5)", "at(r4,2,5)", "at(r2,1,6)", "at(r4,2,6)", "at(r2,1,7)", "at(r4,2,7)", "at(r1,1,8)", "at(r2,2,8)", "at(r1,1,9)", "at(r2,2,9)", "at(r1,1,10)", "at(r2,2,10)", "at(r1,1,11)", "at(r2,2,11)", "at(r1,11,1)", "at(r1,11,2)", "at(r1,11,3)", "at(r1,11,4)", "at(r1,11,5)", "at(r1,11,6)", "at(r1,11,7)", "at(r2,12,1)", "at(r2,12,2)", "at(r2,12,3)", "at(r2,12,4)", "at(r3,13,1)", "at(r3,13,2)", "at(r3,13,3)", "at(r3,13,4)", "at(r3,13,5)", "at(r3,13,6)", "at(r3,13,7)", "at(r3,13,8)", "at(r3,13,9)", "at(r3,13,10)", "at(r3,13,11)", "at(r4,3,8)", "at(r4,3,9)", "at(r4,3,10)", "at(r4,3,11)"
          ],
          "Costs": [
            8
          ]
        },
        {
          "Value": [
            "at(r1,11,0)", "at(r2,12,0)", "at(r3,13,0)", "at(r4,14,0)", "assign(r3,j13,1)", "assign(r4,j14,1)", "assign(r2,j21,1)", "assign(r3,j11,2)", "assign(r4,j12,2)", "assign(r2,j22,2)", "at(r4,1,1)", "at(r4,2,2)", "at(r4,2,3)", "at(r4,1,4)", "at(r2,1,5)", "at(r4,2,5)", "at(r2,1,6)", "at(r4,2,6)", "at(r2,1,7)", "at(r4,2,7)", "at(r3,1,8)", "at(r2,2,8)", "at(r3,1,9)", "at(r2,2,9)", "at(r3,1,10)", "at(r2,2,10)", "at(r3,1,11)", "at(r2,2,11)", "at(r1,11,1)", "at(r1,11,2)", "at(r1,11,3)", "at(r1,11,4)", "at(r1,11,5)", "at(r1,11,6)", "at(r1,11,7)", "at(r1,11,8)", "at(r1,11,9)", "at(r1,11,10)", "at(r1,11,11)", "at(r2,12,1)", "at(r2,12,2)", "at(r2,12,3)", "at(r2,12,4)", "at(r3,13,1)", "at(r3,13,2)", "at(r3,13,3)", "at(r3,13,4)", "at(r3,13,5)", "at(r3,13,6)", "at(r3,13,7)", "at(r4,3,8)", "at(r4,3,9)", "at(r4,3,10)", "at(r4,3,11)"
          ],
          "Costs": [
            8
          ]
        },
        {
          "Value": [
            "at(r1,11,0)", "at(r2,12,0)", "at(r3,13,0)", "at(r4,14,0)", "assign(r1,j13,1)", "assign(r4,j14,1)", "assign(r2,j21,1)", "assign(r1,j11,2)", "assign(r4,j12,2)", "assign(r2,j22,2)", "at(r4,1,1)", "at(r4,2,2)", "at(r4,2,3)", "at(r4,1,4)", "at(r2,1,5)", "at(r4,2,5)", "at(r2,1,6)", "at(r4,2,6)", "at(r2,1,7)", "at(r1,1,8)", "at(r2,2,8)", "at(r1,1,9)", "at(r2,2,9)", "at(r1,1,10)", "at(r2,2,10)", "at(r1,1,11)", "at(r2,2,11)", "at(r1,11,1)", "at(r1,11,2)", "at(r1,11,3)", "at(r1,11,4)", "at(r1,11,5)", "at(r1,11,6)", "at(r1,11,7)", "at(r2,12,1)", "at(r2,12,2)", "at(r2,12,3)", "at(r2,12,4)", "at(r3,13,1)", "at(r3,13,2)", "at(r3,13,3)", "at(r3,13,4)", "at(r3,13,5)", "at(r3,13,6)", "at(r3,13,7)", "at(r3,13,8)", "at(r3,13,9)", "at(r3,13,10)", "at(r3,13,11)", "at(r4,3,7)", "at(r4,3,8)", "at(r4,3,9)", "at(r4,3,10)", "at(r4,3,11)"
          ],
          "Costs": [
            8
          ]
        },
        {
          "Value": [
            "at(r1,11,0)", "at(r2,12,0)", "at(r3,13,0)", "at(r4,14,0)", "assign(r3,j13,1)", "assign(r4,j14,1)", "assign(r2,j21,1)", "assign(r3,j11,2)", "assign(r4,j12,2)", "assign(r2,j22,2)", "at(r4,1,1)", "at(r4,2,2)", "at(r4,2,3)", "at(r4,1,4)", "at(r2,1,5)", "at(r4,2,5)", "at(r2,1,6)", "at(r4,2,6)", "at(r2,1,7)", "at(r3,1,8)", "at(r2,2,8)", "at(r3,1,9)", "at(r2,2,9)", "at(r3,1,10)", "at(r2,2,10)", "at(r3,1,11)", "at(r2,2,11)", "at(r1,11,1)", "at(r1,11,2)", "at(r1,11,3)", "at(r1,11,4)", "at(r1,11,5)", "at(r1,11,6)", "at(r1,11,7)", "at(r1,11,8)", "at(r1,11,9)", "at(r1,11,10)", "at(r1,11,11)", "at(r2,12,1)", "at(r2,12,2)", "at(r2,12,3)", "at(r2,12,4)", "at(r3,13,1)", "at(r3,13,2)", "at(r3,13,3)", "at(r3,13,4)", "at(r3,13,5)", "at(r3,13,6)", "at(r3,13,7)", "at(r4,3,7)", "at(r4,3,8)", "at(r4,3,9)", "at(r4,3,10)", "at(r4,3,11)"
          ],
          "Costs": [
            8
          ]
        },
        {
          "Value": [
            "at(r1,11,0)", "at(r2,12,0)", "at(r3,13,0)", "at(r4,14,0)", "assign(r4,j12,1)", "assign(r1,j13,1)", "assign(r2,j21,1)", "assign(r1,j11,2)", "assign(r4,j14,2)", "assign(r2,j22,2)", "at(r4,1,1)", "at(r4,2,2)", "at(r4,2,3)", "at(r4,1,4)", "at(r2,1,5)", "at(r4,2,5)", "at(r2,1,6)", "at(r4,2,6)", "at(r2,1,7)", "at(r4,2,7)", "at(r1,1,8)", "at(r2,2,8)", "at(r1,1,9)", "at(r2,2,9)", "at(r1,1,10)", "at(r2,2,10)", "at(r1,1,11)", "at(r2,2,11)", "at(r1,11,1)", "at(r1,11,2)", "at(r1,11,3)", "at(r1,11,4)", "at(r1,11,5)", "at(r1,11,6)", "at(r1,11,7)", "at(r2,12,1)", "at(r2,12,2)", "at(r2,12,3)", "at(r2,12,4)", "at(r3,13,1)", "at(r3,13,2)", "at(r3,13,3)", "at(r3,13,4)", "at(r3,13,5)", "at(r3,13,6)", "at(r3,13,7)", "at(r3,13,8)", "at(r3,13,9)", "at(r3,13,10)", "at(r3,13,11)", "at(r4,3,8)", "at(r4,3,9)", "at(r4,3,10)", "at(r4,3,11)"
          ],
          "Costs": [
            8
          ]
        },
        {
          "Value": [
            "at(r1,11,0)", "at(r2,12,0)", "at(r3,13,0)", "at(r4,14,0)", "assign(r4,j12,1)", "assign(r3,j13,1)", "assign(r2,j21,1)", "assign(r3,j11,2)", "assign(r4,j14,2)", "assign(r2,j22,2)", "at(r4,1,1)", "at(r4,2,2)", "at(r4,2,3)", "at(r4,1,4)", "at(r2,1,5)", "at(r4,2,5)", "at(r2,1,6)", "at(r4,2,6)", "at(r2,1,7)", "at(r4,2,7)", "at(r3,1,8)", "at(r2,2,8)", "at(r3,1,9)", "at(r2,2,9)", "at(r3,1,10)", "at(r2,2,10)", "at(r3,1,11)", "at(r2,2,11)", "at(r1,11,1)", "at(r1,11,2)", "at(r1,11,3)", "at(r1,11,4)", "at(r1,11,5)", "at(r1,11,6)", "at(r1,11,7)", "at(r1,11,8)", "at(r1,11,9)", "at(r1,11,10)", "at(r1,11,11)", "at(r2,12,1)", "at(r2,12,2)", "at(r2,12,3)", "at(r2,12,4)", "at(r3,13,1)", "at(r3,13,2)", "at(r3,13,3)", "at(r3,13,4)", "at(r3,13,5)", "at(r3,13,6)", "at(r3,13,7)", "at(r4,3,8)", "at(r4,3,9)", "at(r4,3,10)", "at(r4,3,11)"
          ],
          "Costs": [
            8
          ]
        },
        {
          "Value": [
            "at(r1,11,0)", "at(r2,12,0)", "at(r3,13,0)", "at(r4,14,0)", "assign(r4,j12,1)", "assign(r1,j13,1)", "assign(r2,j21,1)", "assign(r1,j11,2)", "assign(r4,j14,2)", "assign(r2,j22,2)", "at(r4,1,1)", "at(r4,2,2)", "at(r4,2,3)", "at(r4,1,4)", "at(r2,1,5)", "at(r4,2,5)", "at(r2,1,6)", "at(r4,2,6)", "at(r2,1,7)", "at(r1,1,8)", "at(r2,2,8)", "at(r1,1,9)", "at(r2,2,9)", "at(r1,1,10)", "at(r2,2,10)", "at(r1,1,11)", "at(r2,2,11)", "at(r1,11,1)", "at(r1,11,2)", "at(r1,11,3)", "at(r1,11,4)", "at(r1,11,5)", "at(r1,11,6)", "at(r1,11,7)", "at(r2,12,1)", "at(r2,12,2)", "at(r2,12,3)", "at(r2,12,4)", "at(r3,13,1)", "at(r3,13,2)", "at(r3,13,3)", "at(r3,13,4)", "at(r3,13,5)", "at(r3,13,6)", "at(r3,13,7)", "at(r3,13,8)", "at(r3,13,9)", "at(r3,13,10)", "at(r3,13,11)", "at(r4,3,7)", "at(r4,3,8)", "at(r4,3,9)", "at(r4,3,10)", "at(r4,3,11)"
          ],
          "Costs": [
            8
          ]
        },
        {
          "Value": [
            "at(r1,11,0)", "at(r2,12,0)", "at(r3,13,0)", "at(r4,14,0)", "assign(r4,j12,1)", "assign(r3,j13,1)", "assign(r2,j21,1)", "assign(r3,j11,2)", "assign(r4,j14,2)", "assign(r2,j22,2)", "at(r4,1,1)", "at(r4,2,2)", "at(r4,2,3)", "at(r4,1,4)", "at(r2,1,5)", "at(r4,2,5)", "at(r2,1,6)", "at(r4,2,6)", "at(r2,1,7)", "at(r3,1,8)", "at(r2,2,8)", "at(r3,1,9)", "at(r2,2,9)", "at(r3,1,10)", "at(r2,2,10)", "at(r3,1,11)", "at(r2,2,11)", "at(r1,11,1)", "at(r1,11,2)", "at(r1,11,3)", "at(r1,11,4)", "at(r1,11,5)", "at(r1,11,6)", "at(r1,11,7)", "at(r1,11,8)", "at(r1,11,9)", "at(r1,11,10)", "at(r1,11,11)", "at(r2,12,1)", "at(r2,12,2)", "at(r2,12,3)", "at(r2,12,4)", "at(r3,13,1)", "at(r3,13,2)", "at(r3,13,3)", "at(r3,13,4)", "at(r3,13,5)", "at(r3,13,6)", "at(r3,13,7)", "at(r4,3,7)", "at(r4,3,8)", "at(r4,3,9)", "at(r4,3,10)", "at(r4,3,11)"
          ],
          "Costs": [
            8
          ]
        },
        {
          "Value": [
            "at(r1,11,0)", "at(r2,12,0)", "at(r3,13,0)", "at(r4,14,0)", "assign(r4,j11,1)", "assign(r1,j13,1)", "assign(r2,j21,1)", "assign(r1,j14,2)", "assign(r1,j12,3)", "assign(r2,j22,2)", "at(r1,1,1)", "at(r1,1,2)", "at(r1,1,3)", "at(r1,2,4)", "at(r1,2,5)", "at(r1,1,6)", "at(r2,1,7)", "at(r1,2,7)", "at(r2,1,8)", "at(r1,2,8)", "at(r2,1,9)", "at(r1,2,9)", "at(r4,1,10)", "at(r2,2,10)", "at(r4,1,11)", "at(r2,2,11)", "at(r1,3,10)", "at(r1,3,11)", "at(r2,12,1)", "at(r2,12,2)", "at(r2,12,3)", "at(r2,12,4)", "at(r2,12,5)", "at(r2,12,6)", "at(r3,13,1)", "at(r3,13,2)", "at(r3,13,3)", "at(r3,13,4)", "at(r3,13,5)", "at(r3,13,6)", "at(r3,13,7)", "at(r3,13,8)", "at(r3,13,9)", "at(r3,13,10)", "at(r3,13,11)", "at(r4,14,1)", "at(r4,14,2)", "at(r4,14,3)", "at(r4,14,4)", "at(r4,14,5)", "at(r4,14,6)", "at(r4,14,7)", "at(r4,14,8)", "at(r4,14,9)"
          ],
          "Costs": [
            8
          ]
        },
        {
          "Value": [
            "at(r1,11,0)", "at(r2,12,0)", "at(r3,13,0)", "at(r4,14,0)", "assign(r4,j11,1)", "assign(r1,j13,1)", "assign(r2,j21,1)", "assign(r1,j14,2)", "assign(r1,j12,3)", "assign(r2,j22,2)", "at(r1,1,1)", "at(r1,1,2)", "at(r1,1,3)", "at(r1,2,4)", "at(r1,2,5)", "at(r1,1,6)", "at(r2,1,7)", "at(r1,2,7)", "at(r2,1,8)", "at(r1,2,8)", "at(r2,1,9)", "at(r4,1,10)", "at(r2,2,10)", "at(r4,1,11)", "at(r2,2,11)", "at(r1,3,9)", "at(r1,3,10)", "at(r1,3,11)", "at(r2,12,1)", "at(r2,12,2)", "at(r2,12,3)", "at(r2,12,4)", "at(r2,12,5)", "at(r2,12,6)", "at(r3,13,1)", "at(r3,13,2)", "at(r3,13,3)", "at(r3,13,4)", "at(r3,13,5)", "at(r3,13,6)", "at(r3,13,7)", "at(r3,13,8)", "at(r3,13,9)", "at(r3,13,10)", "at(r3,13,11)", "at(r4,14,1)", "at(r4,14,2)", "at(r4,14,3)", "at(r4,14,4)", "at(r4,14,5)", "at(r4,14,6)", "at(r4,14,7)", "at(r4,14,8)", "at(r4,14,9)"
          ],
          "Costs": [
            8
          ]
        },
        {
          "Value": [
            "at(r1,11,0)", "at(r2,12,0)", "at(r3,13,0)", "at(r4,14,0)", "assign(r3,j11,1)", "assign(r1,j13,1)", "assign(r2,j21,1)", "assign(r1,j14,2)", "assign(r1,j12,3)", "assign(r2,j22,2)", "at(r1,1,1)", "at(r1,1,2)", "at(r1,1,3)", "at(r1,2,4)", "at(r1,2,5)", "at(r1,1,6)", "at(r2,1,7)", "at(r1,2,7)", "at(r2,1,8)", "at(r1,2,8)", "at(r2,1,9)", "at(r1,2,9)", "at(r3,1,10)", "at(r2,2,10)", "at(r3,1,11)", "at(r2,2,11)", "at(r1,3,10)", "at(r1,3,11)", "at(r2,12,1)", "at(r2,12,2)", "at(r2,12,3)", "at(r2,12,4)", "at(r2,12,5)", "at(r2,12,6)", "at(r3,13,1)", "at(r3,13,2)", "at(r3,13,3)", "at(r3,13,4)", "at(r3,13,5)", "at(r3,13,6)", "at(r3,13,7)", "at(r3,13,8)", "at(r3,13,9)", "at(r4,14,1)", "at(r4,14,2)", "at(r4,14,3)", "at(r4,14,4)", "at(r4,14,5)", "at(r4,14,6)", "at(r4,14,7)", "at(r4,14,8)", "at(r4,14,9)", "at(r4,14,10)", "at(r4,14,11)"
          ],
          "Costs": [
            8
          ]
        },
        {
          "Value": [
            "at(r1,11,0)", "at(r2,12,0)", "at(r3,13,0)", "at(r4,14,0)", "assign(r3,j11,1)", "assign(r1,j13,1)", "assign(r2,j21,1)", "assign(r1,j14,2)", "assign(r1,j12,3)", "assign(r2,j22,2)", "at(r1,1,1)", "at(r1,1,2)", "at(r1,1,3)", "at(r1,2,4)", "at(r1,2,5)", "at(r1,1,6)", "at(r2,1,7)", "at(r1,2,7)", "at(r2,1,8)", "at(r1,2,8)", "at(r2,1,9)", "at(r3,1,10)", "at(r2,2,10)", "at(r3,1,11)", "at(r2,2,11)", "at(r1,3,9)", "at(r1,3,10)", "at(r1,3,11)", "at(r2,12,1)", "at(r2,12,2)", "at(r2,12,3)", "at(r2,12,4)", "at(r2,12,5)", "at(r2,12,6)", "at(r3,13,1)", "at(r3,13,2)", "at(r3,13,3)", "at(r3,13,4)", "at(r3,13,5)", "at(r3,13,6)", "at(r3,13,7)", "at(r3,13,8)", "at(r3,13,9)", "at(r4,14,1)", "at(r4,14,2)", "at(r4,14,3)", "at(r4,14,4)", "at(r4,14,5)", "at(r4,14,6)", "at(r4,14,7)", "at(r4,14,8)", "at(r4,14,9)", "at(r4,14,10)", "at(r4,14,11)"
          ],
          "Costs": [
            8
          ]
        },
        {
          "Value": [
            "at(r1,11,0)", "at(r2,12,0)", "at(r3,13,0)", "at(r4,14,0)", "assign(r4,j11,1)", "assign(r1,j14,1)", "assign(r2,j21,1)", "assign(r1,j13,2)", "assign(r1,j12,3)", "assign(r2,j22,2)", "at(r1,1,1)", "at(r1,2,2)", "at(r1,2,3)", "at(r1,1,4)", "at(r1,1,5)", "at(r1,1,6)", "at(r2,1,7)", "at(r1,2,7)", "at(r2,1,8)", "at(r1,2,8)", "at(r2,1,9)", "at(r4,1,10)", "at(r2,2,10)", "at(r4,1,11)", "at(r2,2,11)", "at(r1,3,9)", "at(r1,3,10)", "at(r1,3,11)", "at(r2,12,1)", "at(r2,12,2)", "at(r2,12,3)", "at(r2,12,4)", "at(r2,12,5)", "at(r2,12,6)", "at(r3,13,1)", "at(r3,13,2)", "at(r3,13,3)", "at(r3,13,4)", "at(r3,13,5)", "at(r3,13,6)", "at(r3,13,7)", "at(r3,13,8)", "at(r3,13,9)", "at(r3,13,10)", "at(r3,13,11)", "at(r4,14,1)", "at(r4,14,2)", "at(r4,14,3)", "at(r4,14,4)", "at(r4,14,5)", "at(r4,14,6)", "at(r4,14,7)", "at(r4,14,8)", "at(r4,14,9)"
          ],
          "Costs": [
            8
          ]
        },
        {
          "Value": [
            "at(r1,11,0)", "at(r2,12,0)", "at(r3,13,0)", "at(r4,14,0)", "assign(r3,j11,1)", "assign(r1,j14,1)", "assign(r2,j21,1)", "assign(r1,j13,2)", "assign(r1,j12,3)", "assign(r2,j22,2)", "at(r1,1,1)", "at(r1,2,2)", "at(r1,2,3)", "at(r1,1,4)", "at(r1,1,5)", "at(r1,1,6)", "at(r2,1,7)", "at(r1,2,7)", "at(r2,1,8)", "at(r1,2,8)", "at(r2,1,9)", "at(r3,1,10)", "at(r2,2,10)", "at(r3,1,11)", "at(r2,2,11)", "at(r1,3,9)", "at(r1,3,10)", "at(r1,3,11)", "at(r2,12,1)", "at(r2,12,2)", "at(r2,12,3)", "at(r2,12,4)", "at(r2,12,5)", "at(r2,12,6)", "at(r3,13,1)", "at(r3,13,2)", "at(r3,13,3)", "at(r3,13,4)", "at(r3,13,5)", "at(r3,13,6)", "at(r3,13,7)", "at(r3,13,8)", "at(r3,13,9)", "at(r4,14,1)", "at(r4,14,2)", "at(r4,14,3)", "at(r4,14,4)", "at(r4,14,5)", "at(r4,14,6)", "at(r4,14,7)", "at(r4,14,8)", "at(r4,14,9)", "at(r4,14,10)", "at(r4,14,11)"
          ],
          "Costs": [
            8
          ]
        },
        {
          "Value": [
            "at(r1,11,0)", "at(r2,12,0)", "at(r3,13,0)", "at(r4,14,0)", "assign(r4,j11,1)", "assign(r1,j14,1)", "assign(r2,j21,1)", "assign(r1,j13,2)", "assign(r1,j12,3)", "assign(r2,j22,2)", "at(r1,1,1)", "at(r1,2,2)", "at(r1,2,3)", "at(r1,1,4)", "at(r1,1,5)", "at(r1,1,6)", "at(r2,1,7)", "at(r1,2,7)", "at(r2,1,8)", "at(r1,2,8)", "at(r2,1,9)", "at(r1,2,9)", "at(r4,1,10)", "at(r2,2,10)", "at(r4,1,11)", "at(r2,2,11)", "at(r1,3,10)", "at(r1,3,11)", "at(r2,12,1)", "at(r2,12,2)", "at(r2,12,3)", "at(r2,12,4)", "at(r2,12,5)", "at(r2,12,6)", "at(r3,13,1)", "at(r3,13,2)", "at(r3,13,3)", "at(r3,13,4)", "at(r3,13,5)", "at(r3,13,6)", "at(r3,13,7)", "at(r3,13,8)", "at(r3,13,9)", "at(r3,13,10)", "at(r3,13,11)", "at(r4,14,1)", "at(r4,14,2)", "at(r4,14,3)", "at(r4,14,4)", "at(r4,14,5)", "at(r4,14,6)", "at(r4,14,7)", "at(r4,14,8)", "at(r4,14,9)"
          ],
          "Costs": [
            8
          ]
        },
        {
          "Value": [
            "at(r1,11,0)", "at(r2,12,0)", "at(r3,13,0)", "at(r4,14,0)", "assign(r3,j11,1)", "assign(r1,j14,1)", "assign(r2,j21,1)", "assign(r1,j13,2)", "assign(r1,j12,3)", "assign(r2,j22,2)", "at(r1,1,1)", "at(r1,2,2)", "at(r1,2,3)", "at(r1,1,4)", "at(r1,1,5)", "at(r1,1,6)", "at(r2,1,7)", "at(r1,2,7)", "at(r2,1,8)", "at(r1,2,8)", "at(r2,1,9)", "at(r1,2,9)", "at(r3,1,10)", "at(r2,2,10)", "at(r3,1,11)", "at(r2,2,11)", "at(r1,3,10)", "at(r1,3,11)", "at(r2,12,1)", "at(r2,12,2)", "at(r2,12,3)", "at(r2,12,4)", "at(r2,12,5)", "at(r2,12,6)", "at(r3,13,1)", "at(r3,13,2)", "at(r3,13,3)", "at(r3,13,4)", "at(r3,13,5)", "at(r3,13,6)", "at(r3,13,7)", "at(r3,13,8)", "at(r3,13,9)", "at(r4,14,1)", "at(r4,14,2)", "at(r4,14,3)", "at(r4,14,4)", "at(r4,14,5)", "at(r4,14,6)", "at(r4,14,7)", "at(r4,14,8)", "at(r4,14,9)", "at(r4,14,10)", "at(r4,14,11)"
          ],
          "Costs": [
            8
          ]
        },
        {
          "Value": [
            "at(r1,11,0)", "at(r2,12,0)", "at(r3,13,0)", "at(r4,14,0)", "assign(r4,j11,1)", "assign(r1,j13,1)", "assign(r2,j21,1)", "assign(r1,j12,2)", "assign(r1,j14,3)", "assign(r2,j22,2)", "at(r1,1,1)", "at(r1,1,2)", "at(r1,1,3)", "at(r1,2,4)", "at(r1,2,5)", "at(r1,1,6)", "at(r2,1,7)", "at(r1,2,7)", "at(r2,1,8)", "at(r1,2,8)", "at(r2,1,9)", "at(r1,2,9)", "at(r4,1,10)", "at(r2,2,10)", "at(r4,1,11)", "at(r2,2,11)", "at(r1,3,10)", "at(r1,3,11)", "at(r2,12,1)", "at(r2,12,2)", "at(r2,12,3)", "at(r2,12,4)", "at(r2,12,5)", "at(r2,12,6)", "at(r3,13,1)", "at(r3,13,2)", "at(r3,13,3)", "at(r3,13,4)", "at(r3,13,5)", "at(r3,13,6)", "at(r3,13,7)", "at(r3,13,8)", "at(r3,13,9)", "at(r3,13,10)", "at(r3,13,11)", "at(r4,14,1)", "at(r4,14,2)", "at(r4,14,3)", "at(r4,14,4)", "at(r4,14,5)", "at(r4,14,6)", "at(r4,14,7)", "at(r4,14,8)", "at(r4,14,9)"
          ],
          "Costs": [
            8
          ]
        },
        {
          "Value": [
            "at(r1,11,0)", "at(r2,12,0)", "at(r3,13,0)", "at(r4,14,0)", "assign(r4,j11,1)", "assign(r1,j13,1)", "assign(r2,j21,1)", "assign(r1,j12,2)", "assign(r1,j14,3)", "assign(r2,j22,2)", "at(r1,1,1)", "at(r1,1,2)", "at(r1,1,3)", "at(r1,2,4)", "at(r1,2,5)", "at(r1,1,6)", "at(r2,1,7)", "at(r1,2,7)", "at(r2,1,8)", "at(r1,2,8)", "at(r2,1,9)", "at(r4,1,10)", "at(r2,2,10)", "at(r4,1,11)", "at(r2,2,11)", "at(r1,3,9)", "at(r1,3,10)", "at(r1,3,11)", "at(r2,12,1)", "at(r2,12,2)", "at(r2,12,3)", "at(r2,12,4)", "at(r2,12,5)", "at(r2,12,6)", "at(r3,13,1)", "at(r3,13,2)", "at(r3,13,3)", "at(r3,13,4)", "at(r3,13,5)", "at(r3,13,6)", "at(r3,13,7)", "at(r3,13,8)", "at(r3,13,9)", "at(r3,13,10)", "at(r3,13,11)", "at(r4,14,1)", "at(r4,14,2)", "at(r4,14,3)", "at(r4,14,4)", "at(r4,14,5)", "at(r4,14,6)", "at(r4,14,7)", "at(r4,14,8)", "at(r4,14,9)"
          ],
          "Costs": [
            8
          ]
        },
        {
          "Value": [
            "at(r1,11,0)", "at(r2,12,0)", "at(r3,13,0)", "at(r4,14,0)", "assign(r3,j11,1)", "assign(r1,j13,1)", "assign(r2,j21,1)", "assign(r1,j12,2)", "assign(r1,j14,3)", "assign(r2,j22,2)", "at(r1,1,1)", "at(r1,1,2)", "at(r1,1,3)", "at(r1,2,4)", "at(r1,2,5)", "at(r1,1,6)", "at(r2,1,7)", "at(r1,2,7)", "at(r2,1,8)", "at(r1,2,8)", "at(r2,1,9)", "at(r1,2,9)", "at(r3,1,10)", "at(r2,2,10)", "at(r3,1,11)", "at(r2,2,11)", "at(r1,3,10)", "at(r1,3,11)", "at(r2,12,1)", "at(r2,12,2)", "at(r2,12,3)", "at(r2,12,4)", "at(r2,12,5)", "at(r2,12,6)", "at(r3,13,1)", "at(r3,13,2)", "at(r3,13,3)", "at(r3,13,4)", "at(r3,13,5)", "at(r3,13,6)", "at(r3,13,7)", "at(r3,13,8)", "at(r3,13,9)", "at(r4,14,1)", "at(r4,14,2)", "at(r4,14,3)", "at(r4,14,4)", "at(r4,14,5)", "at(r4,14,6)", "at(r4,14,7)", "at(r4,14,8)", "at(r4,14,9)", "at(r4,14,10)", "at(r4,14,11)"
          ],
          "Costs": [
            8
          ]
        },
        {
          "Value": [
            "at(r1,11,0)", "at(r2,12,0)", "at(r3,13,0)", "at(r4,14,0)", "assign(r3,j11,1)", "assign(r1,j13,1)", "assign(r2,j21,1)", "assign(r1,j12,2)", "assign(r1,j14,3)", "assign(r2,j22,2)", "at(r1,1,1)", "at(r1,1,2)", "at(r1,1,3)", "at(r1,2,4)", "at(r1,2,5)", "at(r1,1,6)", "at(r2,1,7)", "at(r1,2,7)", "at(r2,1,8)", "at(r1,2,8)", "at(r2,1,9)", "at(r3,1,10)", "at(r2,2,10)", "at(r3,1,11)", "at(r2,2,11)", "at(r1,3,9)", "at(r1,3,10)", "at(r1,3,11)", "at(r2,12,1)", "at(r2,12,2)", "at(r2,12,3)", "at(r2,12,4)", "at(r2,12,5)", "at(r2,12,6)", "at(r3,13,1)", "at(r3,13,2)", "at(r3,13,3)", "at(r3,13,4)", "at(r3,13,5)", "at(r3,13,6)", "at(r3,13,7)", "at(r3,13,8)", "at(r3,13,9)", "at(r4,14,1)", "at(r4,14,2)", "at(r4,14,3)", "at(r4,14,4)", "at(r4,14,5)", "at(r4,14,6)", "at(r4,14,7)", "at(r4,14,8)", "at(r4,14,9)", "at(r4,14,10)", "at(r4,14,11)"
          ],
          "Costs": [
            8
          ]
        },
        {
          "Value": [
            "at(r1,11,0)", "at(r2,12,0)", "at(r3,13,0)", "at(r4,14,0)", "assign(r4,j11,1)", "assign(r1,j12,1)", "assign(r2,j21,1)", "assign(r1,j13,2)", "assign(r1,j14,3)", "assign(r2,j22,2)", "at(r1,1,1)", "at(r1,2,2)", "at(r1,2,3)", "at(r1,1,4)", "at(r1,1,5)", "at(r1,1,6)", "at(r2,1,7)", "at(r1,2,7)", "at(r2,1,8)", "at(r1,2,8)", "at(r2,1,9)", "at(r4,1,10)", "at(r2,2,10)", "at(r4,1,11)", "at(r2,2,11)", "at(r1,3,9)", "at(r1,3,10)", "at(r1,3,11)", "at(r2,12,1)", "at(r2,12,2)", "at(r2,12,3)", "at(r2,12,4)", "at(r2,12,5)", "at(r2,12,6)", "at(r3,13,1)", "at(r3,13,2)", "at(r3,13,3)", "at(r3,13,4)", "at(r3,13,5)", "at(r3,13,6)", "at(r3,13,7)", "at(r3,13,8)", "at(r3,13,9)", "at(r3,13,10)", "at(r3,13,11)", "at(r4,14,1)", "at(r4,14,2)", "at(r4,14,3)", "at(r4,14,4)", "at(r4,14,5)", "at(r4,14,6)", "at(r4,14,7)", "at(r4,14,8)", "at(r4,14,9)"
          ],
          "Costs": [
            8
          ]
        },
        {
          "Value": [
            "at(r1,11,0)", "at(r2,12,0)", "at(r3,13,0)", "at(r4,14,0)", "assign(r4,j11,1)", "assign(r1,j12,1)", "assign(r2,j21,1)", "assign(r1,j13,2)", "assign(r1,j14,3)", "assign(r2,j22,2)", "at(r1,1,1)", "at(r1,2,2)", "at(r1,2,3)", "at(r1,1,4)", "at(r1,1,5)", "at(r1,1,6)", "at(r2,1,7)", "at(r1,2,7)", "at(r2,1,8)", "at(r1,2,8)", "at(r2,1,9)", "at(r1,2,9)", "at(r4,1,10)", "at(r2,2,10)", "at(r4,1,11)", "at(r2,2,11)", "at(r1,3,10)", "at(r1,3,11)", "at(r2,12,1)", "at(r2,12,2)", "at(r2,12,3)", "at(r2,12,4)", "at(r2,12,5)", "at(r2,12,6)", "at(r3,13,1)", "at(r3,13,2)", "at(r3,13,3)", "at(r3,13,4)", "at(r3,13,5)", "at(r3,13,6)", "at(r3,13,7)", "at(r3,13,8)", "at(r3,13,9)", "at(r3,13,10)", "at(r3,13,11)", "at(r4,14,1)", "at(r4,14,2)", "at(r4,14,3)", "at(r4,14,4)", "at(r4,14,5)", "at(r4,14,6)", "at(r4,14,7)", "at(r4,14,8)", "at(r4,14,9)"
          ],
          "Costs": [
            8
          ]
        },
        {
          "Value": [
            "at(r1,11,0)", "at(r2,12,0)", "at(r3,13,0)", "at(r4,14,0)", "assign(r3,j11,1)", "assign(r1,j12,1)", "assign(r2,j21,1)", "assign(r1,j13,2)", "assign(r1,j14,3)", "assign(r2,j22,2)", "at(r1,1,1)", "at(r1,2,2)", "at(r1,2,3)", "at(r1,1,4)", "at(r1,1,5)", "at(r1,1,6)", "at(r2,1,7)", "at(r1,2,7)", "at(r2,1,8)", "at(r1,2,8)", "at(r2,1,9)", "at(r3,1,10)", "at(r2,2,10)", "at(r3,1,11)", "at(r2,2,11)", "at(r1,3,9)", "at(r1,3,10)", "at(r1,3,11)", "at(r2,12,1)", "at(r2,12,2)", "at(r2,12,3)", "at(r2,12,4)", "at(r2,12,5)", "at(r2,12,6)", "at(r3,13,1)", "at(r3,13,2)", "at(r3,13,3)", "at(r3,13,4)", "at(r3,13,5)", "at(r3,13,6)", "at(r3,13,7)", "at(r3,13,8)", "at(r3,13,9)", "at(r4,14,1)", "at(r4,14,2)", "at(r4,14,3)", "at(r4,14,4)", "at(r4,14,5)", "at(r4,14,6)", "at(r4,14,7)", "at(r4,14,8)", "at(r4,14,9)", "at(r4,14,10)", "at(r4,14,11)"
          ],
          "Costs": [
            8
          ]
        },
        {
          "Value": [
            "at(r1,11,0)", "at(r2,12,0)", "at(r3,13,0)", "at(r4,14,0)", "assign(r3,j11,1)", "assign(r1,j12,1)", "assign(r2,j21,1)", "assign(r1,j13,2)", "assign(r1,j14,3)", "assign(r2,j22,2)", "at(r1,1,1)", "at(r1,2,2)", "at(r1,2,3)", "at(r1,1,4)", "at(r1,1,5)", "at(r1,1,6)", "at(r2,1,7)", "at(r1,2,7)", "at(r2,1,8)", "at(r1,2,8)", "at(r2,1,9)", "at(r1,2,9)", "at(r3,1,10)", "at(r2,2,10)", "at(r3,1,11)", "at(r2,2,11)", "at(r1,3,10)", "at(r1,3,11)", "at(r2,12,1)", "at(r2,12,2)", "at(r2,12,3)", "at(r2,12,4)", "at(r2,12,5)", "at(r2,12,6)", "at(r3,13,1)", "at(r3,13,2)", "at(r3,13,3)", "at(r3,13,4)", "at(r3,13,5)", "at(r3,13,6)", "at(r3,13,7)", "at(r3,13,8)", "at(r3,13,9)", "at(r4,14,1)", "at(r4,14,2)", "at(r4,14,3)", "at(r4,14,4)", "at(r4,14,5)", "at(r4,14,6)", "at(r4,14,7)", "at(r4,14,8)", "at(r4,14,9)", "at(r4,14,10)", "at(r4,14,11)"
          ],
          "Costs": [
            8
          ]
        },
        {
          "Value": [
            "at(r1,11,0)", "at(r2,12,0)", "at(r3,13,0)", "at(r4,14,0)", "assign(r4,j13,1)", "assign(r3,j14,1)", "assign(r2,j21,1)", "assign(r3,j12,2)", "assign(r4,j11,2)", "assign(r2,j22,2)", "at(r3,1,1)", "at(r3,2,2)", "at(r3,2,3)", "at(r3,1,4)", "at(r2,1,5)", "at(r3,2,5)", "at(r2,1,6)", "at(r3,2,6)", "at(r2,1,7)", "at(r4,1,8)", "at(r2,2,8)", "at(r4,1,9)", "at(r2,2,9)", "at(r4,1,10)", "at(r2,2,10)", "at(r4,1,11)", "at(r2,2,11)", "at(r1,11,1)", "at(r1,11,2)", "at(r1,11,3)", "at(r1,11,4)", "at(r1,11,5)", "at(r1,11,6)", "at(r1,11,7)", "at(r1,11,8)", "at(r1,11,9)", "at(r1,11,10)", "at(r1,11,11)", "at(r2,12,1)", "at(r2,12,2)", "at(r2,12,3)", "at(r2,12,4)", "at(r3,3,7)", "at(r3,3,8)", "at(r3,3,9)", "at(r3,3,10)", "at(r3,3,11)", "at(r4,14,1)", "at(r4,14,2)", "at(r4,14,3)", "at(r4,14,4)", "at(r4,14,5)", "at(r4,14,6)", "at(r4,14,7)"
          ],
          "Costs": [
            8
          ]
        },
        {
          "Value": [
            "at(r1,11,0)", "at(r2,12,0)", "at(r3,13,0)", "at(r4,14,0)", "assign(r3,j12,1)", "assign(r4,j13,1)", "assign(r2,j21,1)", "assign(r3,j14,2)", "assign(r4,j11,2)", "assign(r2,j22,2)", "at(r3,1,1)", "at(r3,2,2)", "at(r3,2,3)", "at(r3,1,4)", "at(r2,1,5)", "at(r3,2,5)", "at(r2,1,6)", "at(r3,2,6)", "at(r2,1,7)", "at(r4,1,8)", "at(r2,2,8)", "at(r4,1,9)", "at(r2,2,9)", "at(r4,1,10)", "at(r2,2,10)", "at(r4,1,11)", "at(r2,2,11)", "at(r1,11,1)", "at(r1,11,2)", "at(r1,11,3)", "at(r1,11,4)", "at(r1,11,5)", "at(r1,11,6)", "at(r1,11,7)", "at(r1,11,8)", "at(r1,11,9)", "at(r1,11,10)", "at(r1,11,11)", "at(r2,12,1)", "at(r2,12,2)", "at(r2,12,3)", "at(r2,12,4)", "at(r3,3,7)", "at(r3,3,8)", "at(r3,3,9)", "at(r3,3,10)", "at(r3,3,11)", "at(r4,14,1)", "at(r4,14,2)", "at(r4,14,3)", "at(r4,14,4)", "at(r4,14,5)", "at(r4,14,6)", "at(r4,14,7)"
          ],
          "Costs": [
            8
          ]
        },
        {
          "Value": [
            "at(r1,11,0)", "at(r2,12,0)", "at(r3,13,0)", "at(r4,14,0)", "assign(r4,j13,1)", "assign(r3,j14,1)", "assign(r2,j21,1)", "assign(r3,j12,2)", "assign(r4,j11,2)", "assign(r2,j22,2)", "at(r3,1,1)", "at(r3,2,2)", "at(r3,2,3)", "at(r3,1,4)", "at(r2,1,5)", "at(r3,2,5)", "at(r2,1,6)", "at(r3,2,6)", "at(r2,1,7)", "at(r3,2,7)", "at(r4,1,8)", "at(r2,2,8)", "at(r4,1,9)", "at(r2,2,9)", "at(r4,1,10)", "at(r2,2,10)", "at(r4,1,11)", "at(r2,2,11)", "at(r1,11,1)", "at(r1,11,2)", "at(r1,11,3)", "at(r1,11,4)", "at(r1,11,5)", "at(r1,11,6)", "at(r1,11,7)", "at(r1,11,8)", "at(r1,11,9)", "at(r1,11,10)", "at(r1,11,11)", "at(r2,12,1)", "at(r2,12,2)", "at(r2,12,3)", "at(r2,12,4)", "at(r3,3,8)", "at(r3,3,9)", "at(r3,3,10)", "at(r3,3,11)", "at(r4,14,1)", "at(r4,14,2)", "at(r4,14,3)", "at(r4,14,4)", "at(r4,14,5)", "at(r4,14,6)", "at(r4,14,7)"
          ],
          "Costs": [
            8
          ]
        },
        {
          "Value": [
            "at(r1,11,0)", "at(r2,12,0)", "at(r3,13,0)", "at(r4,14,0)", "assign(r3,j12,1)", "assign(r4,j13,1)", "assign(r2,j21,1)", "assign(r3,j14,2)", "assign(r4,j11,2)", "assign(r2,j22,2)", "at(r3,1,1)", "at(r3,2,2)", "at(r3,2,3)", "at(r3,1,4)", "at(r2,1,5)", "at(r3,2,5)", "at(r2,1,6)", "at(r3,2,6)", "at(r2,1,7)", "at(r3,2,7)", "at(r4,1,8)", "at(r2,2,8)", "at(r4,1,9)", "at(r2,2,9)", "at(r4,1,10)", "at(r2,2,10)", "at(r4,1,11)", "at(r2,2,11)", "at(r1,11,1)", "at(r1,11,2)", "at(r1,11,3)", "at(r1,11,4)", "at(r1,11,5)", "at(r1,11,6)", "at(r1,11,7)", "at(r1,11,8)", "at(r1,11,9)", "at(r1,11,10)", "at(r1,11,11)", "at(r2,12,1)", "at(r2,12,2)", "at(r2,12,3)", "at(r2,12,4)", "at(r3,3,8)", "at(r3,3,9)", "at(r3,3,10)", "at(r3,3,11)", "at(r4,14,1)", "at(r4,14,2)", "at(r4,14,3)", "at(r4,14,4)", "at(r4,14,5)", "at(r4,14,6)", "at(r4,14,7)"
          ],
          "Costs": [
            8
          ]
        },
        {
          "Value": [
            "at(r1,11,0)", "at(r2,12,0)", "at(r3,13,0)", "at(r4,14,0)", "assign(r3,j12,1)", "assign(r1,j13,1)", "assign(r2,j21,1)", "assign(r1,j11,2)", "assign(r3,j14,2)", "assign(r2,j22,2)", "at(r3,1,1)", "at(r3,2,2)", "at(r3,2,3)", "at(r3,1,4)", "at(r2,1,5)", "at(r3,2,5)", "at(r2,1,6)", "at(r3,2,6)", "at(r2,1,7)", "at(r1,1,8)", "at(r2,2,8)", "at(r1,1,9)", "at(r2,2,9)", "at(r1,1,10)", "at(r2,2,10)", "at(r1,1,11)", "at(r2,2,11)", "at(r1,11,1)", "at(r1,11,2)", "at(r1,11,3)", "at(r1,11,4)", "at(r1,11,5)", "at(r1,11,6)", "at(r1,11,7)", "at(r2,12,1)", "at(r2,12,2)", "at(r2,12,3)", "at(r2,12,4)", "at(r3,3,7)", "at(r3,3,8)", "at(r3,3,9)", "at(r3,3,10)", "at(r3,3,11)", "at(r4,14,1)", "at(r4,14,2)", "at(r4,14,3)", "at(r4,14,4)", "at(r4,14,5)", "at(r4,14,6)", "at(r4,14,7)", "at(r4,14,8)", "at(r4,14,9)", "at(r4,14,10)", "at(r4,14,11)"
          ],
          "Costs": [
            8
          ]
        },
        {
          "Value": [
            "at(r1,11,0)", "at(r2,12,0)", "at(r3,13,0)", "at(r4,14,0)", "assign(r1,j13,1)", "assign(r3,j14,1)", "assign(r2,j21,1)", "assign(r1,j11,2)", "assign(r3,j12,2)", "assign(r2,j22,2)", "at(r3,1,1)", "at(r3,2,2)", "at(r3,2,3)", "at(r3,1,4)", "at(r2,1,5)", "at(r3,2,5)", "at(r2,1,6)", "at(r3,2,6)", "at(r2,1,7)", "at(r1,1,8)", "at(r2,2,8)", "at(r1,1,9)", "at(r2,2,9)", "at(r1,1,10)", "at(r2,2,10)", "at(r1,1,11)", "at(r2,2,11)", "at(r1,11,1)", "at(r1,11,2)", "at(r1,11,3)", "at(r1,11,4)", "at(r1,11,5)", "at(r1,11,6)", "at(r1,11,7)", "at(r2,12,1)", "at(r2,12,2)", "at(r2,12,3)", "at(r2,12,4)", "at(r3,3,7)", "at(r3,3,8)", "at(r3,3,9)", "at(r3,3,10)", "at(r3,3,11)", "at(r4,14,1)", "at(r4,14,2)", "at(r4,14,3)", "at(r4,14,4)", "at(r4,14,5)", "at(r4,14,6)", "at(r4,14,7)", "at(r4,14,8)", "at(r4,14,9)", "at(r4,14,10)", "at(r4,14,11)"
          ],
          "Costs": [
            8
          ]
        },
        {
          "Value": [
            "at(r1,11,0)", "at(r2,12,0)", "at(r3,13,0)", "at(r4,14,0)", "assign(r3,j12,1)", "assign(r1,j13,1)", "assign(r2,j21,1)", "assign(r1,j11,2)", "assign(r3,j14,2)", "assign(r2,j22,2)", "at(r3,1,1)", "at(r3,2,2)", "at(r3,2,3)", "at(r3,1,4)", "at(r2,1,5)", "at(r3,2,5)", "at(r2,1,6)", "at(r3,2,6)", "at(r2,1,7)", "at(r3,2,7)", "at(r1,1,8)", "at(r2,2,8)", "at(r1,1,9)", "at(r2,2,9)", "at(r1,1,10)", "at(r2,2,10)", "at(r1,1,11)", "at(r2,2,11)", "at(r1,11,1)", "at(r1,11,2)", "at(r1,11,3)", "at(r1,11,4)", "at(r1,11,5)", "at(r1,11,6)", "at(r1,11,7)", "at(r2,12,1)", "at(r2,12,2)", "at(r2,12,3)", "at(r2,12,4)", "at(r3,3,8)", "at(r3,3,9)", "at(r3,3,10)", "at(r3,3,11)", "at(r4,14,1)", "at(r4,14,2)", "at(r4,14,3)", "at(r4,14,4)", "at(r4,14,5)", "at(r4,14,6)", "at(r4,14,7)", "at(r4,14,8)", "at(r4,14,9)", "at(r4,14,10)", "at(r4,14,11)"
          ],
          "Costs": [
            8
          ]
        },
        {
          "Value": [
            "at(r1,11,0)", "at(r2,12,0)", "at(r3,13,0)", "at(r4,14,0)", "assign(r1,j13,1)", "assign(r3,j14,1)", "assign(r2,j21,1)", "assign(r1,j11,2)", "assign(r3,j12,2)", "assign(r2,j22,2)", "at(r3,1,1)", "at(r3,2,2)", "at(r3,2,3)", "at(r3,1,4)", "at(r2,1,5)", "at(r3,2,5)", "at(r2,1,6)", "at(r3,2,6)", "at(r2,1,7)", "at(r3,2,7)", "at(r1,1,8)", "at(r2,2,8)", "at(r1,1,9)", "at(r2,2,9)", "at(r1,1,10)", "at(r2,2,10)", "at(r1,1,11)", "at(r2,2,11)", "at(r1,11,1)", "at(r1,11,2)", "at(r1,11,3)", "at(r1,11,4)", "at(r1,11,5)", "at(r1,11,6)", "at(r1,11,7)", "at(r2,12,1)", "at(r2,12,2)", "at(r2,12,3)", "at(r2,12,4)", "at(r3,3,8)", "at(r3,3,9)", "at(r3,3,10)", "at(r3,3,11)", "at(r4,14,1)", "at(r4,14,2)", "at(r4,14,3)", "at(r4,14,4)", "at(r4,14,5)", "at(r4,14,6)", "at(r4,14,7)", "at(r4,14,8)", "at(r4,14,9)", "at(r4,14,10)", "at(r4,14,11)"
          ],
          "Costs": [
            8
          ]
        },
        {
          "Value": [
            "at(r1,11,0)", "at(r2,12,0)", "at(r3,13,0)", "at(r4,14,0)", "assign(r4,j11,1)", "assign(r3,j13,1)", "assign(r2,j21,1)", "assign(r3,j14,2)", "assign(r3,j12,3)", "assign(r2,j22,2)", "at(r3,1,1)", "at(r3,1,2)", "at(r3,1,3)", "at(r3,2,4)", "at(r3,2,5)", "at(r3,1,6)", "at(r2,1,7)", "at(r3,2,7)", "at(r2,1,8)", "at(r3,2,8)", "at(r2,1,9)", "at(r3,2,9)", "at(r4,1,10)", "at(r2,2,10)", "at(r4,1,11)", "at(r2,2,11)", "at(r1,11,1)", "at(r1,11,2)", "at(r1,11,3)", "at(r1,11,4)", "at(r1,11,5)", "at(r1,11,6)", "at(r1,11,7)", "at(r1,11,8)", "at(r1,11,9)", "at(r1,11,10)", "at(r1,11,11)", "at(r2,12,1)", "at(r2,12,2)", "at(r2,12,3)", "at(r2,12,4)", "at(r2,12,5)", "at(r2,12,6)", "at(r3,3,10)", "at(r3,3,11)", "at(r4,14,1)", "at(r4,14,2)", "at(r4,14,3)", "at(r4,14,4)", "at(r4,14,5)", "at(r4,14,6)", "at(r4,14,7)", "at(r4,14,8)", "at(r4,14,9)"
          ],
          "Costs": [
            8
          ]
        },
        {
          "Value": [
            "at(r1,11,0)", "at(r2,12,0)", "at(r3,13,0)", "at(r4,14,0)", "assign(r4,j11,1)", "assign(r3,j13,1)", "assign(r2,j21,1)", "assign(r3,j12,2)", "assign(r3,j14,3)", "assign(r2,j22,2)", "at(r3,1,1)", "at(r3,1,2)", "at(r3,1,3)", "at(r3,2,4)", "at(r3,2,5)", "at(r3,1,6)", "at(r2,1,7)", "at(r3,2,7)", "at(r2,1,8)", "at(r3,2,8)", "at(r2,1,9)", "at(r3,2,9)", "at(r4,1,10)", "at(r2,2,10)", "at(r4,1,11)", "at(r2,2,11)", "at(r1,11,1)", "at(r1,11,2)", "at(r1,11,3)", "at(r1,11,4)", "at(r1,11,5)", "at(r1,11,6)", "at(r1,11,7)", "at(r1,11,8)", "at(r1,11,9)", "at(r1,11,10)", "at(r1,11,11)", "at(r2,12,1)", "at(r2,12,2)", "at(r2,12,3)", "at(r2,12,4)", "at(r2,12,5)", "at(r2,12,6)", "at(r3,3,10)", "at(r3,3,11)", "at(r4,14,1)", "at(r4,14,2)", "at(r4,14,3)", "at(r4,14,4)", "at(r4,14,5)", "at(r4,14,6)", "at(r4,14,7)", "at(r4,14,8)", "at(r4,14,9)"
          ],
          "Costs": [
            8
          ]
        },
        {
          "Value": [
            "at(r1,11,0)", "at(r2,12,0)", "at(r3,13,0)", "at(r4,14,0)", "assign(r1,j11,1)", "assign(r3,j13,1)", "assign(r2,j21,1)", "assign(r3,j14,2)", "assign(r3,j12,3)", "assign(r2,j22,2)", "at(r3,1,1)", "at(r3,1,2)", "at(r3,1,3)", "at(r3,2,4)", "at(r3,2,5)", "at(r3,1,6)", "at(r2,1,7)", "at(r3,2,7)", "at(r2,1,8)", "at(r3,2,8)", "at(r2,1,9)", "at(r3,2,9)", "at(r1,1,10)", "at(r2,2,10)", "at(r1,1,11)", "at(r2,2,11)", "at(r1,11,1)", "at(r1,11,2)", "at(r1,11,3)", "at(r1,11,4)", "at(r1,11,5)", "at(r1,11,6)", "at(r1,11,7)", "at(r1,11,8)", "at(r1,11,9)", "at(r2,12,1)", "at(r2,12,2)", "at(r2,12,3)", "at(r2,12,4)", "at(r2,12,5)", "at(r2,12,6)", "at(r3,3,10)", "at(r3,3,11)", "at(r4,14,1)", "at(r4,14,2)", "at(r4,14,3)", "at(r4,14,4)", "at(r4,14,5)", "at(r4,14,6)", "at(r4,14,7)", "at(r4,14,8)", "at(r4,14,9)", "at(r4,14,10)", "at(r4,14,11)"
          ],
          "Costs": [
            8
          ]
        },
        {
          "Value": [
            "at(r1,11,0)", "at(r2,12,0)", "at(r3,13,0)", "at(r4,14,0)", "assign(r1,j11,1)", "assign(r3,j13,1)", "assign(r2,j21,1)", "assign(r3,j12,2)", "assign(r3,j14,3)", "assign(r2,j22,2)", "at(r3,1,1)", "at(r3,1,2)", "at(r3,1,3)", "at(r3,2,4)", "at(r3,2,5)", "at(r3,1,6)", "at(r2,1,7)", "at(r3,2,7)", "at(r2,1,8)", "at(r3,2,8)", "at(r2,1,9)", "at(r3,2,9)", "at(r1,1,10)", "at(r2,2,10)", "at(r1,1,11)", "at(r2,2,11)", "at(r1,11,1)", "at(r1,11,2)", "at(r1,11,3)", "at(r1,11,4)", "at(r1,11,5)", "at(r1,11,6)", "at(r1,11,7)", "at(r1,11,8)", "at(r1,11,9)", "at(r2,12,1)", "at(r2,12,2)", "at(r2,12,3)", "at(r2,12,4)", "at(r2,12,5)", "at(r2,12,6)", "at(r3,3,10)", "at(r3,3,11)", "at(r4,14,1)", "at(r4,14,2)", "at(r4,14,3)", "at(r4,14,4)", "at(r4,14,5)", "at(r4,14,6)", "at(r4,14,7)", "at(r4,14,8)", "at(r4,14,9)", "at(r4,14,10)", "at(r4,14,11)"
          ],
          "Costs": [
            8
          ]
        },
        {
          "Value": [
            "at(r1,11,0)", "at(r2,12,0)", "at(r3,13,0)", "at(r4,14,0)", "assign(r4,j11,1)", "assign(r3,j13,1)", "assign(r2,j21,1)", "assign(r3,j14,2)", "assign(r3,j12,3)", "assign(r2,j22,2)", "at(r3,1,1)", "at(r3,1,2)", "at(r3,1,3)", "at(r3,2,4)", "at(r3,2,5)", "at(r3,1,6)", "at(r2,1,7)", "at(r3,2,7)", "at(r2,1,8)", "at(r3,2,8)", "at(r2,1,9)", "at(r4,1,10)", "at(r2,2,10)", "at(r4,1,11)", "at(r2,2,11)", "at(r1,11,1)", "at(r1,11,2)", "at(r1,11,3)", "at(r1,11,4)", "at(r1,11,5)", "at(r1,11,6)", "at(r1,11,7)", "at(r1,11,8)", "at(r1,11,9)", "at(r1,11,10)", "at(r1,11,11)", "at(r2,12,1)", "at(r2,12,2)", "at(r2,12,3)", "at(r2,12,4)", "at(r2,12,5)", "at(r2,12,6)", "at(r3,3,9)", "at(r3,3,10)", "at(r3,3,11)", "at(r4,14,1)", "at(r4,14,2)", "at(r4,14,3)", "at(r4,14,4)", "at(r4,14,5)", "at(r4,14,6)", "at(r4,14,7)", "at(r4,14,8)", "at(r4,14,9)"
          ],
          "Costs": [
            8
          ]
        },
        {
          "Value": [
            "at(r1,11,0)", "at(r2,12,0)", "at(r3,13,0)", "at(r4,14,0)", "assign(r1,j11,1)", "assign(r3,j13,1)", "assign(r2,j21,1)", "assign(r3,j14,2)", "assign(r3,j12,3)", "assign(r2,j22,2)", "at(r3,1,1)", "at(r3,1,2)", "at(r3,1,3)", "at(r3,2,4)", "at(r3,2,5)", "at(r3,1,6)", "at(r2,1,7)", "at(r3,2,7)", "at(r2,1,8)", "at(r3,2,8)", "at(r2,1,9)", "at(r1,1,10)", "at(r2,2,10)", "at(r1,1,11)", "at(r2,2,11)", "at(r1,11,1)", "at(r1,11,2)", "at(r1,11,3)", "at(r1,11,4)", "at(r1,11,5)", "at(r1,11,6)", "at(r1,11,7)", "at(r1,11,8)", "at(r1,11,9)", "at(r2,12,1)", "at(r2,12,2)", "at(r2,12,3)", "at(r2,12,4)", "at(r2,12,5)", "at(r2,12,6)", "at(r3,3,9)", "at(r3,3,10)", "at(r3,3,11)", "at(r4,14,1)", "at(r4,14,2)", "at(r4,14,3)", "at(r4,14,4)", "at(r4,14,5)", "at(r4,14,6)", "at(r4,14,7)", "at(r4,14,8)", "at(r4,14,9)", "at(r4,14,10)", "at(r4,14,11)"
          ],
          "Costs": [
            8
          ]
        },
        {
          "Value": [
            "at(r1,11,0)", "at(r2,12,0)", "at(r3,13,0)", "at(r4,14,0)", "assign(r4,j11,1)", "assign(r3,j13,1)", "assign(r2,j21,1)", "assign(r3,j12,2)", "assign(r3,j14,3)", "assign(r2,j22,2)", "at(r3,1,1)", "at(r3,1,2)", "at(r3,1,3)", "at(r3,2,4)", "at(r3,2,5)", "at(r3,1,6)", "at(r2,1,7)", "at(r3,2,7)", "at(r2,1,8)", "at(r3,2,8)", "at(r2,1,9)", "at(r4,1,10)", "at(r2,2,10)", "at(r4,1,11)", "at(r2,2,11)", "at(r1,11,1)", "at(r1,11,2)", "at(r1,11,3)", "at(r1,11,4)", "at(r1,11,5)", "at(r1,11,6)", "at(r1,11,7)", "at(r1,11,8)", "at(r1,11,9)", "at(r1,11,10)", "at(r1,11,11)", "at(r2,12,1)", "at(r2,12,2)", "at(r2,12,3)", "at(r2,12,4)", "at(r2,12,5)", "at(r2,12,6)", "at(r3,3,9)", "at(r3,3,10)", "at(r3,3,11)", "at(r4,14,1)", "at(r4,14,2)", "at(r4,14,3)", "at(r4,14,4)", "at(r4,14,5)", "at(r4,14,6)", "at(r4,14,7)", "at(r4,14,8)", "at(r4,14,9)"
          ],
          "Costs": [
            8
          ]
        },
        {
          "Value": [
            "at(r1,11,0)", "at(r2,12,0)", "at(r3,13,0)", "at(r4,14,0)", "assign(r1,j11,1)", "assign(r3,j13,1)", "assign(r2,j21,1)", "assign(r3,j12,2)", "assign(r3,j14,3)", "assign(r2,j22,2)", "at(r3,1,1)", "at(r3,1,2)", "at(r3,1,3)", "at(r3,2,4)", "at(r3,2,5)", "at(r3,1,6)", "at(r2,1,7)", "at(r3,2,7)", "at(r2,1,8)", "at(r3,2,8)", "at(r2,1,9)", "at(r1,1,10)", "at(r2,2,10)", "at(r1,1,11)", "at(r2,2,11)", "at(r1,11,1)", "at(r1,11,2)", "at(r1,11,3)", "at(r1,11,4)", "at(r1,11,5)", "at(r1,11,6)", "at(r1,11,7)", "at(r1,11,8)", "at(r1,11,9)", "at(r2,12,1)", "at(r2,12,2)", "at(r2,12,3)", "at(r2,12,4)", "at(r2,12,5)", "at(r2,12,6)", "at(r3,3,9)", "at(r3,3,10)", "at(r3,3,11)", "at(r4,14,1)", "at(r4,14,2)", "at(r4,14,3)", "at(r4,14,4)", "at(r4,14,5)", "at(r4,14,6)", "at(r4,14,7)", "at(r4,14,8)", "at(r4,14,9)", "at(r4,14,10)", "at(r4,14,11)"
          ],
          "Costs": [
            8
          ]
        },
        {
          "Value": [
            "at(r1,11,0)", "at(r2,12,0)", "at(r3,13,0)", "at(r4,14,0)", "assign(r1,j11,1)", "assign(r4,j13,1)", "assign(r2,j21,1)", "assign(r4,j14,2)", "assign(r4,j12,3)", "assign(r2,j22,2)", "at(r4,1,1)", "at(r4,1,2)", "at(r4,1,3)", "at(r4,2,4)", "at(r4,2,5)", "at(r4,1,6)", "at(r2,1,7)", "at(r4,2,7)", "at(r2,1,8)", "at(r4,2,8)", "at(r2,1,9)", "at(r4,2,9)", "at(r1,1,10)", "at(r2,2,10)", "at(r1,1,11)", "at(r2,2,11)", "at(r1,11,1)", "at(r1,11,2)", "at(r1,11,3)", "at(r1,11,4)", "at(r1,11,5)", "at(r1,11,6)", "at(r1,11,7)", "at(r1,11,8)", "at(r1,11,9)", "at(r2,12,1)", "at(r2,12,2)", "at(r2,12,3)", "at(r2,12,4)", "at(r2,12,5)", "at(r2,12,6)", "at(r3,13,1)", "at(r3,13,2)", "at(r3,13,3)", "at(r3,13,4)", "at(r3,13,5)", "at(r3,13,6)", "at(r3,13,7)", "at(r3,13,8)", "at(r3,13,9)", "at(r3,13,10)", "at(r3,13,11)", "at(r4,3,10)", "at(r4,3,11)"
          ],
          "Costs": [
            8
          ]
        },
        {
          "Value": [
            "at(r1,11,0)", "at(r2,12,0)", "at(r3,13,0)", "at(r4,14,0)", "assign(r1,j11,1)", "assign(r4,j13,1)", "assign(r2,j21,1)", "assign(r4,j12,2)", "assign(r4,j14,3)", "assign(r2,j22,2)", "at(r4,1,1)", "at(r4,1,2)", "at(r4,1,3)", "at(r4,2,4)", "at(r4,2,5)", "at(r4,1,6)", "at(r2,1,7)", "at(r4,2,7)", "at(r2,1,8)", "at(r4,2,8)", "at(r2,1,9)", "at(r4,2,9)", "at(r1,1,10)", "at(r2,2,10)", "at(r1,1,11)", "at(r2,2,11)", "at(r1,11,1)", "at(r1,11,2)", "at(r1,11,3)", "at(r1,11,4)", "at(r1,11,5)", "at(r1,11,6)", "at(r1,11,7)", "at(r1,11,8)", "at(r1,11,9)", "at(r2,12,1)", "at(r2,12,2)", "at(r2,12,3)", "at(r2,12,4)", "at(r2,12,5)", "at(r2,12,6)", "at(r3,13,1)", "at(r3,13,2)", "at(r3,13,3)", "at(r3,13,4)", "at(r3,13,5)", "at(r3,13,6)", "at(r3,13,7)", "at(r3,13,8)", "at(r3,13,9)", "at(r3,13,10)", "at(r3,13,11)", "at(r4,3,10)", "at(r4,3,11)"
          ],
          "Costs": [
            8
          ]
        },
        {
          "Value": [
            "at(r1,11,0)", "at(r2,12,0)", "at(r3,13,0)", "at(r4,14,0)", "assign(r1,j11,1)", "assign(r4,j13,1)", "assign(r2,j21,1)", "assign(r4,j14,2)", "assign(r4,j12,3)", "assign(r2,j22,2)", "at(r4,1,1)", "at(r4,1,2)", "at(r4,1,3)", "at(r4,2,4)", "at(r4,2,5)", "at(r4,1,6)", "at(r2,1,7)", "at(r4,2,7)", "at(r2,1,8)", "at(r4,2,8)", "at(r2,1,9)", "at(r1,1,10)", "at(r2,2,10)", "at(r1,1,11)", "at(r2,2,11)", "at(r1,11,1)", "at(r1,11,2)", "at(r1,11,3)", "at(r1,11,4)", "at(r1,11,5)", "at(r1,11,6)", "at(r1,11,7)", "at(r1,11,8)", "at(r1,11,9)", "at(r2,12,1)", "at(r2,12,2)", "at(r2,12,3)", "at(r2,12,4)", "at(r2,12,5)", "at(r2,12,6)", "at(r3,13,1)", "at(r3,13,2)", "at(r3,13,3)", "at(r3,13,4)", "at(r3,13,5)", "at(r3,13,6)", "at(r3,13,7)", "at(r3,13,8)", "at(r3,13,9)", "at(r3,13,10)", "at(r3,13,11)", "at(r4,3,9)", "at(r4,3,10)", "at(r4,3,11)"
          ],
          "Costs": [
            8
          ]
        },
        {
          "Value": [
            "at(r1,11,0)", "at(r2,12,0)", "at(r3,13,0)", "at(r4,14,0)", "assign(r1,j11,1)", "assign(r4,j13,1)", "assign(r2,j21,1)", "assign(r4,j12,2)", "assign(r4,j14,3)", "assign(r2,j22,2)", "at(r4,1,1)", "at(r4,1,2)", "at(r4,1,3)", "at(r4,2,4)", "at(r4,2,5)", "at(r4,1,6)", "at(r2,1,7)", "at(r4,2,7)", "at(r2,1,8)", "at(r4,2,8)", "at(r2,1,9)", "at(r1,1,10)", "at(r2,2,10)", "at(r1,1,11)", "at(r2,2,11)", "at(r1,11,1)", "at(r1,11,2)", "at(r1,11,3)", "at(r1,11,4)", "at(r1,11,5)", "at(r1,11,6)", "at(r1,11,7)", "at(r1,11,8)", "at(r1,11,9)", "at(r2,12,1)", "at(r2,12,2)", "at(r2,12,3)", "at(r2,12,4)", "at(r2,12,5)", "at(r2,12,6)", "at(r3,13,1)", "at(r3,13,2)", "at(r3,13,3)", "at(r3,13,4)", "at(r3,13,5)", "at(r3,13,6)", "at(r3,13,7)", "at(r3,13,8)", "at(r3,13,9)", "at(r3,13,10)", "at(r3,13,11)", "at(r4,3,9)", "at(r4,3,10)", "at(r4,3,11)"
          ],
          "Costs": [
            8
          ]
        },
        {
          "Value": [
            "at(r1,11,0)", "at(r2,12,0)", "at(r3,13,0)", "at(r4,14,0)", "assign(r3,j11,1)", "assign(r4,j13,1)", "assign(r2,j21,1)", "assign(r4,j14,2)", "assign(r4,j12,3)", "assign(r2,j22,2)", "at(r4,1,1)", "at(r4,1,2)", "at(r4,1,3)", "at(r4,2,4)", "at(r4,2,5)", "at(r4,1,6)", "at(r2,1,7)", "at(r4,2,7)", "at(r2,1,8)", "at(r4,2,8)", "at(r2,1,9)", "at(r4,2,9)", "at(r3,1,10)", "at(r2,2,10)", "at(r3,1,11)", "at(r2,2,11)", "at(r1,11,1)", "at(r1,11,2)", "at(r1,11,3)", "at(r1,11,4)", "at(r1,11,5)", "at(r1,11,6)", "at(r1,11,7)", "at(r1,11,8)", "at(r1,11,9)", "at(r1,11,10)", "at(r1,11,11)", "at(r2,12,1)", "at(r2,12,2)", "at(r2,12,3)", "at(r2,12,4)", "at(r2,12,5)", "at(r2,12,6)", "at(r3,13,1)", "at(r3,13,2)", "at(r3,13,3)", "at(r3,13,4)", "at(r3,13,5)", "at(r3,13,6)", "at(r3,13,7)", "at(r3,13,8)", "at(r3,13,9)", "at(r4,3,10)", "at(r4,3,11)"
          ],
          "Costs": [
            8
          ]
        },
        {
          "Value": [
            "at(r1,11,0)", "at(r2,12,0)", "at(r3,13,0)", "at(r4,14,0)", "assign(r3,j11,1)", "assign(r4,j13,1)", "assign(r2,j21,1)", "assign(r4,j12,2)", "assign(r4,j14,3)", "assign(r2,j22,2)", "at(r4,1,1)", "at(r4,1,2)", "at(r4,1,3)", "at(r4,2,4)", "at(r4,2,5)", "at(r4,1,6)", "at(r2,1,7)", "at(r4,2,7)", "at(r2,1,8)", "at(r4,2,8)", "at(r2,1,9)", "at(r4,2,9)", "at(r3,1,10)", "at(r2,2,10)", "at(r3,1,11)", "at(r2,2,11)", "at(r1,11,1)", "at(r1,11,2)", "at(r1,11,3)", "at(r1,11,4)", "at(r1,11,5)", "at(r1,11,6)", "at(r1,11,7)", "at(r1,11,8)", "at(r1,11,9)", "at(r1,11,10)", "at(r1,11,11)", "at(r2,12,1)", "at(r2,12,2)", "at(r2,12,3)", "at(r2,12,4)", "at(r2,12,5)", "at(r2,12,6)", "at(r3,13,1)", "at(r3,13,2)", "at(r3,13,3)", "at(r3,13,4)", "at(r3,13,5)", "at(r3,13,6)", "at(r3,13,7)", "at(r3,13,8)", "at(r3,13,9)", "at(r4,3,10)", "at(r4,3,11)"
          ],
          "Costs": [
            8
          ]
        },
        {
          "Value": [
            "at(r1,11,0)", "at(r2,12,0)", "at(r3,13,0)", "at(r4,14,0)", "assign(r3,j11,1)", "assign(r4,j13,1)", "assign(r2,j21,1)", "assign(r4,j14,2)", "assign(r4,j12,3)", "assign(r2,j22,2)", "at(r4,1,1)", "at(r4,1,2)", "at(r4,1,3)", "at(r4,2,4)", "at(r4,2,5)", "at(r4,1,6)", "at(r2,1,7)", "at(r4,2,7)", "at(r2,1,8)", "at(r4,2,8)", "at(r2,1,9)", "at(r3,1,10)", "at(r2,2,10)", "at(r3,1,11)", "at(r2,2,11)", "at(r1,11,1)", "at(r1,11,2)", "at(r1,11,3)", "at(r1,11,4)", "at(r1,11,5)", "at(r1,11,6)", "at(r1,11,7)", "at(r1,11,8)", "at(r1,11,9)", "at(r1,11,10)", "at(r1,11,11)", "at(r2,12,1)", "at(r2,12,2)", "at(r2,12,3)", "at(r2,12,4)", "at(r2,12,5)", "at(r2,12,6)", "at(r3,13,1)", "at(r3,13,2)", "at(r3,13,3)", "at(r3,13,4)", "at(r3,13,5)", "at(r3,13,6)", "at(r3,13,7)", "at(r3,13,8)", "at(r3,13,9)", "at(r4,3,9)", "at(r4,3,10)", "at(r4,3,11)"
          ],
          "Costs": [
            8
          ]
        },
        {
          "Value": [
            "at(r1,11,0)", "at(r2,12,0)", "at(r3,13,0)", "at(r4,14,0)", "assign(r3,j11,1)", "assign(r4,j13,1)", "assign(r2,j21,1)", "assign(r4,j12,2)", "assign(r4,j14,3)", "assign(r2,j22,2)", "at(r4,1,1)", "at(r4,1,2)", "at(r4,1,3)", "at(r4,2,4)", "at(r4,2,5)", "at(r4,1,6)", "at(r2,1,7)", "at(r4,2,7)", "at(r2,1,8)", "at(r4,2,8)", "at(r2,1,9)", "at(r3,1,10)", "at(r2,2,10)", "at(r3,1,11)", "at(r2,2,11)", "at(r1,11,1)", "at(r1,11,2)", "at(r1,11,3)", "at(r1,11,4)", "at(r1,11,5)", "at(r1,11,6)", "at(r1,11,7)", "at(r1,11,8)", "at(r1,11,9)", "at(r1,11,10)", "at(r1,11,11)", "at(r2,12,1)", "at(r2,12,2)", "at(r2,12,3)", "at(r2,12,4)", "at(r2,12,5)", "at(r2,12,6)", "at(r3,13,1)", "at(r3,13,2)", "at(r3,13,3)", "at(r3,13,4)", "at(r3,13,5)", "at(r3,13,6)", "at(r3,13,7)", "at(r3,13,8)", "at(r3,13,9)", "at(r4,3,9)", "at(r4,3,10)", "at(r4,3,11)"
          ],
          "Costs": [
            8
          ]
        },
        {
          "Value": [
            "at(r1,11,0)", "at(r2,12,0)", "at(r3,13,0)", "at(r4,14,0)", "assign(r1,j11,1)", "assign(r4,j12,1)", "assign(r2,j21,1)", "assign(r4,j13,2)", "assign(r4,j14,3)", "assign(r2,j22,2)", "at(r4,1,1)", "at(r4,2,2)", "at(r4,2,3)", "at(r4,1,4)", "at(r4,1,5)", "at(r4,1,6)", "at(r2,1,7)", "at(r4,2,7)", "at(r2,1,8)", "at(r4,2,8)", "at(r2,1,9)", "at(r4,2,9)", "at(r1,1,10)", "at(r2,2,10)", "at(r1,1,11)", "at(r2,2,11)", "at(r1,11,1)", "at(r1,11,2)", "at(r1,11,3)", "at(r1,11,4)", "at(r1,11,5)", "at(r1,11,6)", "at(r1,11,7)", "at(r1,11,8)", "at(r1,11,9)", "at(r2,12,1)", "at(r2,12,2)", "at(r2,12,3)", "at(r2,12,4)", "at(r2,12,5)", "at(r2,12,6)", "at(r3,13,1)", "at(r3,13,2)", "at(r3,13,3)", "at(r3,13,4)", "at(r3,13,5)", "at(r3,13,6)", "at(r3,13,7)", "at(r3,13,8)", "at(r3,13,9)", "at(r3,13,10)", "at(r3,13,11)", "at(r4,3,10)", "at(r4,3,11)"
          ],
          "Costs": [
            8
          ]
        },
        {
          "Value": [
            "at(r1,11,0)", "at(r2,12,0)", "at(r3,13,0)", "at(r4,14,0)", "assign(r1,j11,1)", "assign(r4,j14,1)", "assign(r2,j21,1)", "assign(r4,j13,2)", "assign(r4,j12,3)", "assign(r2,j22,2)", "at(r4,1,1)", "at(r4,2,2)", "at(r4,2,3)", "at(r4,1,4)", "at(r4,1,5)", "at(r4,1,6)", "at(r2,1,7)", "at(r4,2,7)", "at(r2,1,8)", "at(r4,2,8)", "at(r2,1,9)", "at(r4,2,9)", "at(r1,1,10)", "at(r2,2,10)", "at(r1,1,11)", "at(r2,2,11)", "at(r1,11,1)", "at(r1,11,2)", "at(r1,11,3)", "at(r1,11,4)", "at(r1,11,5)", "at(r1,11,6)", "at(r1,11,7)", "at(r1,11,8)", "at(r1,11,9)", "at(r2,12,1)", "at(r2,12,2)", "at(r2,12,3)", "at(r2,12,4)", "at(r2,12,5)", "at(r2,12,6)", "at(r3,13,1)", "at(r3,13,2)", "at(r3,13,3)", "at(r3,13,4)", "at(r3,13,5)", "at(r3,13,6)", "at(r3,13,7)", "at(r3,13,8)", "at(r3,13,9)", "at(r3,13,10)", "at(r3,13,11)", "at(r4,3,10)", "at(r4,3,11)"
          ],
          "Costs": [
            8
          ]
        },
        {
          "Value": [
            "at(r1,11,0)", "at(r2,12,0)", "at(r3,13,0)", "at(r4,14,0)", "assign(r1,j11,1)", "assign(r4,j14,1)", "assign(r2,j21,1)", "assign(r4,j13,2)", "assign(r4,j12,3)", "assign(r2,j22,2)", "at(r4,1,1)", "at(r4,2,2)", "at(r4,2,3)", "at(r4,1,4)", "at(r4,1,5)", "at(r4,1,6)", "at(r2,1,7)", "at(r4,2,7)", "at(r2,1,8)", "at(r4,2,8)", "at(r2,1,9)", "at(r1,1,10)", "at(r2,2,10)", "at(r1,1,11)", "at(r2,2,11)", "at(r1,11,1)", "at(r1,11,2)", "at(r1,11,3)", "at(r1,11,4)", "at(r1,11,5)", "at(r1,11,6)", "at(r1,11,7)", "at(r1,11,8)", "at(r1,11,9)", "at(r2,12,1)", "at(r2,12,2)", "at(r2,12,3)", "at(r2,12,4)", "at(r2,12,5)", "at(r2,12,6)", "at(r3,13,1)", "at(r3,13,2)", "at(r3,13,3)", "at(r3,13,4)", "at(r3,13,5)", "at(r3,13,6)", "at(r3,13,7)", "at(r3,13,8)", "at(r3,13,9)", "at(r3,13,10)", "at(r3,13,11)", "at(r4,3,9)", "at(r4,3,10)", "at(r4,3,11)"
          ],
          "Costs": [
            8
          ]
        },
        {
          "Value": [
            "at(r1,11,0)", "at(r2,12,0)", "at(r3,13,0)", "at(r4,14,0)", "assign(r1,j11,1)", "assign(r4,j12,1)", "assign(r2,j21,1)", "assign(r4,j13,2)", "assign(r4,j14,3)", "assign(r2,j22,2)", "at(r4,1,1)", "at(r4,2,2)", "at(r4,2,3)", "at(r4,1,4)", "at(r4,1,5)", "at(r4,1,6)", "at(r2,1,7)", "at(r4,2,7)", "at(r2,1,8)", "at(r4,2,8)", "at(r2,1,9)", "at(r1,1,10)", "at(r2,2,10)", "at(r1,1,11)", "at(r2,2,11)", "at(r1,11,1)", "at(r1,11,2)", "at(r1,11,3)", "at(r1,11,4)", "at(r1,11,5)", "at(r1,11,6)", "at(r1,11,7)", "at(r1,11,8)", "at(r1,11,9)", "at(r2,12,1)", "at(r2,12,2)", "at(r2,12,3)", "at(r2,12,4)", "at(r2,12,5)", "at(r2,12,6)", "at(r3,13,1)", "at(r3,13,2)", "at(r3,13,3)", "at(r3,13,4)", "at(r3,13,5)", "at(r3,13,6)", "at(r3,13,7)", "at(r3,13,8)", "at(r3,13,9)", "at(r3,13,10)", "at(r3,13,11)", "at(r4,3,9)", "at(r4,3,10)", "at(r4,3,11)"
          ],
          "Costs": [
            8
          ]
        },
        {
          "Value": [
            "at(r1,11,0)", "at(r2,12,0)", "at(r3,13,0)", "at(r4,14,0)", "assign(r3,j11,1)", "assign(r4,j14,1)", "assign(r2,j21,1)", "assign(r4,j13,2)", "assign(r4,j12,3)", "assign(r2,j22,2)", "at(r4,1,1)", "at(r4,2,2)", "at(r4,2,3)", "at(r4,1,4)", "at(r4,1,5)", "at(r4,1,6)", "at(r2,1,7)", "at(r4,2,7)", "at(r2,1,8)", "at(r4,2,8)", "at(r2,1,9)", "at(r4,2,9)", "at(r3,1,10)", "at(r2,2,10)", "at(r3,1,11)", "at(r2,2,11)", "at(r1,11,1)", "at(r1,11,2)", "at(r1,11,3)", "at(r1,11,4)", "at(r1,11,5)", "at(r1,11,6)", "at(r1,11,7)", "at(r1,11,8)", "at(r1,11,9)", "at(r1,11,10)", "at(r1,11,11)", "at(r2,12,1)", "at(r2,12,2)", "at(r2,12,3)", "at(r2,12,4)", "at(r2,12,5)", "at(r2,12,6)", "at(r3,13,1)", "at(r3,13,2)", "at(r3,13,3)", "at(r3,13,4)", "at(r3,13,5)", "at(r3,13,6)", "at(r3,13,7)", "at(r3,13,8)", "at(r3,13,9)", "at(r4,3,10)", "at(r4,3,11)"
          ],
          "Costs": [
            8
          ]
        },
        {
          "Value": [
            "at(r1,11,0)", "at(r2,12,0)", "at(r3,13,0)", "at(r4,14,0)", "assign(r3,j11,1)", "assign(r4,j14,1)", "assign(r2,j21,1)", "assign(r4,j13,2)", "assign(r4,j12,3)", "assign(r2,j22,2)", "at(r4,1,1)", "at(r4,2,2)", "at(r4,2,3)", "at(r4,1,4)", "at(r4,1,5)", "at(r4,1,6)", "at(r2,1,7)", "at(r4,2,7)", "at(r2,1,8)", "at(r4,2,8)", "at(r2,1,9)", "at(r3,1,10)", "at(r2,2,10)", "at(r3,1,11)", "at(r2,2,11)", "at(r1,11,1)", "at(r1,11,2)", "at(r1,11,3)", "at(r1,11,4)", "at(r1,11,5)", "at(r1,11,6)", "at(r1,11,7)", "at(r1,11,8)", "at(r1,11,9)", "at(r1,11,10)", "at(r1,11,11)", "at(r2,12,1)", "at(r2,12,2)", "at(r2,12,3)", "at(r2,12,4)", "at(r2,12,5)", "at(r2,12,6)", "at(r3,13,1)", "at(r3,13,2)", "at(r3,13,3)", "at(r3,13,4)", "at(r3,13,5)", "at(r3,13,6)", "at(r3,13,7)", "at(r3,13,8)", "at(r3,13,9)", "at(r4,3,9)", "at(r4,3,10)", "at(r4,3,11)"
          ],
          "Costs": [
            8
          ]
        },
        {
          "Value": [
            "at(r1,11,0)", "at(r2,12,0)", "at(r3,13,0)", "at(r4,14,0)", "assign(r3,j11,1)", "assign(r4,j12,1)", "assign(r2,j21,1)", "assign(r4,j13,2)", "assign(r4,j14,3)", "assign(r2,j22,2)", "at(r4,1,1)", "at(r4,2,2)", "at(r4,2,3)", "at(r4,1,4)", "at(r4,1,5)", "at(r4,1,6)", "at(r2,1,7)", "at(r4,2,7)", "at(r2,1,8)", "at(r4,2,8)", "at(r2,1,9)", "at(r4,2,9)", "at(r3,1,10)", "at(r2,2,10)", "at(r3,1,11)", "at(r2,2,11)", "at(r1,11,1)", "at(r1,11,2)", "at(r1,11,3)", "at(r1,11,4)", "at(r1,11,5)", "at(r1,11,6)", "at(r1,11,7)", "at(r1,11,8)", "at(r1,11,9)", "at(r1,11,10)", "at(r1,11,11)", "at(r2,12,1)", "at(r2,12,2)", "at(r2,12,3)", "at(r2,12,4)", "at(r2,12,5)", "at(r2,12,6)", "at(r3,13,1)", "at(r3,13,2)", "at(r3,13,3)", "at(r3,13,4)", "at(r3,13,5)", "at(r3,13,6)", "at(r3,13,7)", "at(r3,13,8)", "at(r3,13,9)", "at(r4,3,10)", "at(r4,3,11)"
          ],
          "Costs": [
            8
          ]
        },
        {
          "Value": [
            "at(r1,11,0)", "at(r2,12,0)", "at(r3,13,0)", "at(r4,14,0)", "assign(r3,j11,1)", "assign(r4,j12,1)", "assign(r2,j21,1)", "assign(r4,j13,2)", "assign(r4,j14,3)", "assign(r2,j22,2)", "at(r4,1,1)", "at(r4,2,2)", "at(r4,2,3)", "at(r4,1,4)", "at(r4,1,5)", "at(r4,1,6)", "at(r2,1,7)", "at(r4,2,7)", "at(r2,1,8)", "at(r4,2,8)", "at(r2,1,9)", "at(r3,1,10)", "at(r2,2,10)", "at(r3,1,11)", "at(r2,2,11)", "at(r1,11,1)", "at(r1,11,2)", "at(r1,11,3)", "at(r1,11,4)", "at(r1,11,5)", "at(r1,11,6)", "at(r1,11,7)", "at(r1,11,8)", "at(r1,11,9)", "at(r1,11,10)", "at(r1,11,11)", "at(r2,12,1)", "at(r2,12,2)", "at(r2,12,3)", "at(r2,12,4)", "at(r2,12,5)", "at(r2,12,6)", "at(r3,13,1)", "at(r3,13,2)", "at(r3,13,3)", "at(r3,13,4)", "at(r3,13,5)", "at(r3,13,6)", "at(r3,13,7)", "at(r3,13,8)", "at(r3,13,9)", "at(r4,3,9)", "at(r4,3,10)", "at(r4,3,11)"
          ],
          "Costs": [
            8
          ]
        }
      ]
    }
  ],
  "Result": "OPTIMUM FOUND",
  "Models": {
    "Number": 103,
    "More": "no",
    "Optimum": "yes",
    "Optimal": 96,
    "Costs": [
      8
    ]
  },
  "Calls": 1,
  "Time": {
    "Total": 4.792,
    "Solve": 4.784,
    "Model": 0.005,
    "Unsat": 0.440,
    "CPU": 19.138
  },
  "Threads": 4,
  "Winner": 1
}
