{
 "Solver": "clingo version 5.4.0",
 "Input": [
  "meta-constraints.lp",
  "-"
 ],
 "Call": [
  {
   "Witnesses": [
    {
     "Value": [
      "latin(3,1,1)",
      "latin(1,2,1)",
      "latin(4,3,1)",
      "latin(2,4,1)",
      "latin(1,1,2)",
      "latin(4,2,2)",
      "latin(2,3,2)",
      "latin(3,4,2)",
      "latin(4,1,3)",
      "latin(2,2,3)",
      "latin(3,3,3)",
      "latin(1,4,3)",
      "latin(2,1,4)",
      "latin(3,2,4)",
      "latin(1,3,4)",
      "latin(4,4,4)"
     ]
    },
    {
     "Value": [
      "latin(3,1,1)",
      "latin(1,2,1)",
      "latin(4,3,1)",
      "latin(2,4,1)",
      "latin(2,1,2)",
      "latin(4,2,2)",
      "latin(1,3,2)",
      "latin(3,4,2)",
      "latin(4,1,3)",
      "latin(2,2,3)",
      "latin(3,3,3)",
      "latin(1,4,3)",
      "latin(1,1,4)",
      "latin(3,2,4)",
      "latin(2,3,4)",
      "latin(4,4,4)"
     ]
    },
    {
     "Value": [
      "latin(3,1,1)",
      "latin(1,2,1)",
      "latin(4,3,1)",
      "latin(2,4,1)",
      "latin(2,1,2)",
      "latin(3,2,2)",
      "latin(1,3,2)",
      "latin(4,4,2)",
      "latin(4,1,3)",
      "latin(2,2,3)",
      "latin(3,3,3)",
      "latin(1,4,3)",
      "latin(1,1,4)",
      "latin(4,2,4)",
      "latin(2,3,4)",
      "latin(3,4,4)"
     ]
    },
    {
     "Value": [
      "latin(3,1,1)",
      "latin(1,2,1)",
      "latin(4,3,1)",
      "latin(2,4,1)",
      "latin(2,1,2)",
      "latin(4,2,2)",
      "latin(1,3,2)",
      "latin(3,4,2)",
      "latin(4,1,3)",
      "latin(3,2,3)",
      "latin(2,3,3)",
      "latin(1,4,3)",
      "latin(1,1,4)",
      "latin(2,2,4)",
      "latin(3,3,4)",
      "latin(4,4,4)"
     ]
    },
    {
     "Value": [
      "latin(3,1,1)",
      "latin(1,2,1)",
      "latin(4,3,1)",
      "latin(2,4,1)",
      "latin(1,1,2)",
      "latin(3,2,2)",
      "latin(2,3,2)",
      "latin(4,4,2)",
      "latin(4,1,3)",
      "latin(2,2,3)",
      "latin(3,3,3)",
      "latin(1,4,3)",
      "latin(2,1,4)",
      "latin(4,2,4)",
      "latin(1,3,4)",
      "latin(3,4,4)"
     ]
    },
    {
     "Value": [
      "latin(3,1,1)",
      "latin(1,2,1)",
      "latin(4,3,1)",
      "latin(2,4,1)",
      "latin(1,1,2)",
      "latin(2,2,2)",
      "latin(3,3,2)",
      "latin(4,4,2)",
      "latin(4,1,3)",
      "latin(3,2,3)",
      "latin(2,3,3)",
      "latin(1,4,3)",
      "latin(2,1,4)",
      "latin(4,2,4)",
      "latin(1,3,4)",
      "latin(3,4,4)"
     ]
    },
    {
     "Value": [
      "latin(3,1,1)",
      "latin(2,2,1)",
      "latin(4,3,1)",
      "latin(1,4,1)",
      "latin(1,1,2)",
      "latin(3,2,2)",
      "latin(2,3,2)",
      "latin(4,4,2)",
      "latin(4,1,3)",
      "latin(1,2,3)",
      "latin(3,3,3)",
      "latin(2,4,3)",
      "latin(2,1,4)",
      "latin(4,2,4)",
      "latin(1,3,4)",
      "latin(3,4,4)"
     ]
    },
    {
     "Value": [
      "latin(3,1,1)",
      "latin(2,2,1)",
      "latin(4,3,1)",
      "latin(1,4,1)",
      "latin(2,1,2)",
      "latin(3,2,2)",
      "latin(1,3,2)",
      "latin(4,4,2)",
      "latin(4,1,3)",
      "latin(1,2,3)",
      "latin(3,3,3)",
      "latin(2,4,3)",
      "latin(1,1,4)",
      "latin(4,2,4)",
      "latin(2,3,4)",
      "latin(3,4,4)"
     ]
    },
    {
     "Value": [
      "latin(3,1,1)",
      "latin(2,2,1)",
      "latin(4,3,1)",
      "latin(1,4,1)",
      "latin(2,1,2)",
      "latin(1,2,2)",
      "latin(3,3,2)",
      "latin(4,4,2)",
      "latin(4,1,3)",
      "latin(3,2,3)",
      "latin(1,3,3)",
      "latin(2,4,3)",
      "latin(1,1,4)",
      "latin(4,2,4)",
      "latin(2,3,4)",
      "latin(3,4,4)"
     ]
    },
    {
     "Value": [
      "latin(3,1,1)",
      "latin(2,2,1)",
      "latin(4,3,1)",
      "latin(1,4,1)",
      "latin(2,1,2)",
      "latin(4,2,2)",
      "latin(1,3,2)",
      "latin(3,4,2)",
      "latin(4,1,3)",
      "latin(1,2,3)",
      "latin(3,3,3)",
      "latin(2,4,3)",
      "latin(1,1,4)",
      "latin(3,2,4)",
      "latin(2,3,4)",
      "latin(4,4,4)"
     ]
    },
    {
     "Value": [
      "latin(3,1,1)",
      "latin(2,2,1)",
      "latin(4,3,1)",
      "latin(1,4,1)",
      "latin(1,1,2)",
      "latin(4,2,2)",
      "latin(2,3,2)",
      "latin(3,4,2)",
      "latin(4,1,3)",
      "latin(3,2,3)",
      "latin(1,3,3)",
      "latin(2,4,3)",
      "latin(2,1,4)",
      "latin(1,2,4)",
      "latin(3,3,4)",
      "latin(4,4,4)"
     ]
    },
    {
     "Value": [
      "latin(3,1,1)",
      "latin(2,2,1)",
      "latin(4,3,1)",
      "latin(1,4,1)",
      "latin(1,1,2)",
      "latin(4,2,2)",
      "latin(2,3,2)",
      "latin(3,4,2)",
      "latin(4,1,3)",
      "latin(1,2,3)",
      "latin(3,3,3)",
      "latin(2,4,3)",
      "latin(2,1,4)",
      "latin(3,2,4)",
      "latin(1,3,4)",
      "latin(4,4,4)"
     ]
    },
    {
     "Value": [
      "latin(2,1,1)",
      "latin(3,2,1)",
      "latin(4,3,1)",
      "latin(1,4,1)",
      "latin(1,1,2)",
      "latin(2,2,2)",
      "latin(3,3,2)",
      "latin(4,4,2)",
      "latin(3,1,3)",
      "latin(4,2,3)",
      "latin(1,3,3)",
      "latin(2,4,3)",
      "latin(4,1,4)",
      "latin(1,2,4)",
      "latin(2,3,4)",
      "latin(3,4,4)"
     ]
    },
    {
     "Value": [
      "latin(2,1,1)",
      "latin(3,2,1)",
      "latin(4,3,1)",
      "latin(1,4,1)",
      "latin(4,1,2)",
      "latin(1,2,2)",
      "latin(2,3,2)",
      "latin(3,4,2)",
      "latin(3,1,3)",
      "latin(4,2,3)",
      "latin(1,3,3)",
      "latin(2,4,3)",
      "latin(1,1,4)",
      "latin(2,2,4)",
      "latin(3,3,4)",
      "latin(4,4,4)"
     ]
    },
    {
     "Value": [
      "latin(2,1,1)",
      "latin(4,2,1)",
      "latin(1,3,1)",
      "latin(3,4,1)",
      "latin(3,1,2)",
      "latin(1,2,2)",
      "latin(4,3,2)",
      "latin(2,4,2)",
      "latin(4,1,3)",
      "latin(2,2,3)",
      "latin(3,3,3)",
      "latin(1,4,3)",
      "latin(1,1,4)",
      "latin(3,2,4)",
      "latin(2,3,4)",
      "latin(4,4,4)"
     ]
    },
    {
     "Value": [
      "latin(4,1,1)",
      "latin(2,2,1)",
      "latin(1,3,1)",
      "latin(3,4,1)",
      "latin(3,1,2)",
      "latin(1,2,2)",
      "latin(4,3,2)",
      "latin(2,4,2)",
      "latin(2,1,3)",
      "latin(4,2,3)",
      "latin(3,3,3)",
      "latin(1,4,3)",
      "latin(1,1,4)",
      "latin(3,2,4)",
      "latin(2,3,4)",
      "latin(4,4,4)"
     ]
    },
    {
     "Value": [
      "latin(3,1,1)",
      "latin(4,2,1)",
      "latin(1,3,1)",
      "latin(2,4,1)",
      "latin(2,1,2)",
      "latin(1,2,2)",
      "latin(4,3,2)",
      "latin(3,4,2)",
      "latin(4,1,3)",
      "latin(2,2,3)",
      "latin(3,3,3)",
      "latin(1,4,3)",
      "latin(1,1,4)",
      "latin(3,2,4)",
      "latin(2,3,4)",
      "latin(4,4,4)"
     ]
    },
    {
     "Value": [
      "latin(3,1,1)",
      "latin(4,2,1)",
      "latin(1,3,1)",
      "latin(2,4,1)",
      "latin(1,1,2)",
      "latin(2,2,2)",
      "latin(3,3,2)",
      "latin(4,4,2)",
      "latin(4,1,3)",
      "latin(1,2,3)",
      "latin(2,3,3)",
      "latin(3,4,3)",
      "latin(2,1,4)",
      "latin(3,2,4)",
      "latin(4,3,4)",
      "latin(1,4,4)"
     ]
    },
    {
     "Value": [
      "latin(2,1,1)",
      "latin(4,2,1)",
      "latin(1,3,1)",
      "latin(3,4,1)",
      "latin(3,1,2)",
      "latin(1,2,2)",
      "latin(2,3,2)",
      "latin(4,4,2)",
      "latin(4,1,3)",
      "latin(2,2,3)",
      "latin(3,3,3)",
      "latin(1,4,3)",
      "latin(1,1,4)",
      "latin(3,2,4)",
      "latin(4,3,4)",
      "latin(2,4,4)"
     ]
    },
    {
     "Value": [
      "latin(4,1,1)",
      "latin(2,2,1)",
      "latin(1,3,1)",
      "latin(3,4,1)",
      "latin(3,1,2)",
      "latin(1,2,2)",
      "latin(2,3,2)",
      "latin(4,4,2)",
      "latin(2,1,3)",
      "latin(4,2,3)",
      "latin(3,3,3)",
      "latin(1,4,3)",
      "latin(1,1,4)",
      "latin(3,2,4)",
      "latin(4,3,4)",
      "latin(2,4,4)"
     ]
    },
    {
     "Value": [
      "latin(4,1,1)",
      "latin(2,2,1)",
      "latin(1,3,1)",
      "latin(3,4,1)",
      "latin(2,1,2)",
      "latin(1,2,2)",
      "latin(3,3,2)",
      "latin(4,4,2)",
      "latin(3,1,3)",
      "latin(4,2,3)",
      "latin(2,3,3)",
      "latin(1,4,3)",
      "latin(1,1,4)",
      "latin(3,2,4)",
      "latin(4,3,4)",
      "latin(2,4,4)"
     ]
    },
    {
     "Value": [
      "latin(3,1,1)",
      "latin(2,2,1)",
      "latin(1,3,1)",
      "latin(4,4,1)",
      "latin(2,1,2)",
      "latin(1,2,2)",
      "latin(4,3,2)",
      "latin(3,4,2)",
      "latin(4,1,3)",
      "latin(3,2,3)",
      "latin(2,3,3)",
      "latin(1,4,3)",
      "latin(1,1,4)",
      "latin(4,2,4)",
      "latin(3,3,4)",
      "latin(2,4,4)"
     ]
    },
    {
     "Value": [
      "latin(4,1,1)",
      "latin(3,2,1)",
      "latin(1,3,1)",
      "latin(2,4,1)",
      "latin(1,1,2)",
      "latin(2,2,2)",
      "latin(4,3,2)",
      "latin(3,4,2)",
      "latin(2,1,3)",
      "latin(4,2,3)",
      "latin(3,3,3)",
      "latin(1,4,3)",
      "latin(3,1,4)",
      "latin(1,2,4)",
      "latin(2,3,4)",
      "latin(4,4,4)"
     ]
    },
    {
     "Value": [
      "latin(4,1,1)",
      "latin(3,2,1)",
      "latin(1,3,1)",
      "latin(2,4,1)",
      "latin(1,1,2)",
      "latin(2,2,2)",
      "latin(4,3,2)",
      "latin(3,4,2)",
      "latin(3,1,3)",
      "latin(4,2,3)",
      "latin(2,3,3)",
      "latin(1,4,3)",
      "latin(2,1,4)",
      "latin(1,2,4)",
      "latin(3,3,4)",
      "latin(4,4,4)"
     ]
    },
    {
     "Value": [
      "latin(3,1,1)",
      "latin(4,2,1)",
      "latin(1,3,1)",
      "latin(2,4,1)",
      "latin(1,1,2)",
      "latin(2,2,2)",
      "latin(4,3,2)",
      "latin(3,4,2)",
      "latin(4,1,3)",
      "latin(3,2,3)",
      "latin(2,3,3)",
      "latin(1,4,3)",
      "latin(2,1,4)",
      "latin(1,2,4)",
      "latin(3,3,4)",
      "latin(4,4,4)"
     ]
    },
    {
     "Value": [
      "latin(2,1,1)",
      "latin(4,2,1)",
      "latin(1,3,1)",
      "latin(3,4,1)",
      "latin(3,1,2)",
      "latin(1,2,2)",
      "latin(4,3,2)",
      "latin(2,4,2)",
      "latin(4,1,3)",
      "latin(3,2,3)",
      "latin(2,3,3)",
      "latin(1,4,3)",
      "latin(1,1,4)",
      "latin(2,2,4)",
      "latin(3,3,4)",
      "latin(4,4,4)"
     ]
    },
    {
     "Value": [
      "latin(4,1,1)",
      "latin(3,2,1)",
      "latin(1,3,1)",
      "latin(2,4,1)",
      "latin(2,1,2)",
      "latin(1,2,2)",
      "latin(4,3,2)",
      "latin(3,4,2)",
      "latin(3,1,3)",
      "latin(4,2,3)",
      "latin(2,3,3)",
      "latin(1,4,3)",
      "latin(1,1,4)",
      "latin(2,2,4)",
      "latin(3,3,4)",
      "latin(4,4,4)"
     ]
    },
    {
     "Value": [
      "latin(3,1,1)",
      "latin(4,2,1)",
      "latin(1,3,1)",
      "latin(2,4,1)",
      "latin(2,1,2)",
      "latin(1,2,2)",
      "latin(4,3,2)",
      "latin(3,4,2)",
      "latin(4,1,3)",
      "latin(3,2,3)",
      "latin(2,3,3)",
      "latin(1,4,3)",
      "latin(1,1,4)",
      "latin(2,2,4)",
      "latin(3,3,4)",
      "latin(4,4,4)"
     ]
    },
    {
     "Value": [
      "latin(3,1,1)",
      "latin(4,2,1)",
      "latin(1,3,1)",
      "latin(2,4,1)",
      "latin(2,1,2)",
      "latin(3,2,2)",
      "latin(4,3,2)",
      "latin(1,4,2)",
      "latin(4,1,3)",
      "latin(1,2,3)",
      "latin(2,3,3)",
      "latin(3,4,3)",
      "latin(1,1,4)",
      "latin(2,2,4)",
      "latin(3,3,4)",
      "latin(4,4,4)"
     ]
    },
    {
     "Value": [
      "latin(4,1,1)",
      "latin(2,2,1)",
      "latin(1,3,1)",
      "latin(3,4,1)",
      "latin(1,1,2)",
      "latin(3,2,2)",
      "latin(4,3,2)",
      "latin(2,4,2)",
      "latin(2,1,3)",
      "latin(4,2,3)",
      "latin(3,3,3)",
      "latin(1,4,3)",
      "latin(3,1,4)",
      "latin(1,2,4)",
      "latin(2,3,4)",
      "latin(4,4,4)"
     ]
    },
    {
     "Value": [
      "latin(2,1,1)",
      "latin(4,2,1)",
      "latin(1,3,1)",
      "latin(3,4,1)",
      "latin(1,1,2)",
      "latin(3,2,2)",
      "latin(4,3,2)",
      "latin(2,4,2)",
      "latin(4,1,3)",
      "latin(2,2,3)",
      "latin(3,3,3)",
      "latin(1,4,3)",
      "latin(3,1,4)",
      "latin(1,2,4)",
      "latin(2,3,4)",
      "latin(4,4,4)"
     ]
    },
    {
     "Value": [
      "latin(4,1,1)",
      "latin(2,2,1)",
      "latin(1,3,1)",
      "latin(3,4,1)",
      "latin(1,1,2)",
      "latin(3,2,2)",
      "latin(4,3,2)",
      "latin(2,4,2)",
      "latin(3,1,3)",
      "latin(4,2,3)",
      "latin(2,3,3)",
      "latin(1,4,3)",
      "latin(2,1,4)",
      "latin(1,2,4)",
      "latin(3,3,4)",
      "latin(4,4,4)"
     ]
    },
    {
     "Value": [
      "latin(2,1,1)",
      "latin(4,2,1)",
      "latin(1,3,1)",
      "latin(3,4,1)",
      "latin(1,1,2)",
      "latin(3,2,2)",
      "latin(2,3,2)",
      "latin(4,4,2)",
      "latin(4,1,3)",
      "latin(2,2,3)",
      "latin(3,3,3)",
      "latin(1,4,3)",
      "latin(3,1,4)",
      "latin(1,2,4)",
      "latin(4,3,4)",
      "latin(2,4,4)"
     ]
    },
    {
     "Value": [
      "latin(4,1,1)",
      "latin(2,2,1)",
      "latin(1,3,1)",
      "latin(3,4,1)",
      "latin(1,1,2)",
      "latin(3,2,2)",
      "latin(2,3,2)",
      "latin(4,4,2)",
      "latin(2,1,3)",
      "latin(4,2,3)",
      "latin(3,3,3)",
      "latin(1,4,3)",
      "latin(3,1,4)",
      "latin(1,2,4)",
      "latin(4,3,4)",
      "latin(2,4,4)"
     ]
    },
    {
     "Value": [
      "latin(3,1,1)",
      "latin(4,2,1)",
      "latin(1,3,1)",
      "latin(2,4,1)",
      "latin(1,1,2)",
      "latin(3,2,2)",
      "latin(2,3,2)",
      "latin(4,4,2)",
      "latin(4,1,3)",
      "latin(2,2,3)",
      "latin(3,3,3)",
      "latin(1,4,3)",
      "latin(2,1,4)",
      "latin(1,2,4)",
      "latin(4,3,4)",
      "latin(3,4,4)"
     ]
    },
    {
     "Value": [
      "latin(3,1,1)",
      "latin(4,2,1)",
      "latin(1,3,1)",
      "latin(2,4,1)",
      "latin(1,1,2)",
      "latin(2,2,2)",
      "latin(3,3,2)",
      "latin(4,4,2)",
      "latin(4,1,3)",
      "latin(3,2,3)",
      "latin(2,3,3)",
      "latin(1,4,3)",
      "latin(2,1,4)",
      "latin(1,2,4)",
      "latin(4,3,4)",
      "latin(3,4,4)"
     ]
    },
    {
     "Value": [
      "latin(3,1,1)",
      "latin(4,2,1)",
      "latin(1,3,1)",
      "latin(2,4,1)",
      "latin(2,1,2)",
      "latin(1,2,2)",
      "latin(3,3,2)",
      "latin(4,4,2)",
      "latin(4,1,3)",
      "latin(3,2,3)",
      "latin(2,3,3)",
      "latin(1,4,3)",
      "latin(1,1,4)",
      "latin(2,2,4)",
      "latin(4,3,4)",
      "latin(3,4,4)"
     ]
    },
    {
     "Value": [
      "latin(4,1,1)",
      "latin(3,2,1)",
      "latin(1,3,1)",
      "latin(2,4,1)",
      "latin(1,1,2)",
      "latin(2,2,2)",
      "latin(3,3,2)",
      "latin(4,4,2)",
      "latin(3,1,3)",
      "latin(4,2,3)",
      "latin(2,3,3)",
      "latin(1,4,3)",
      "latin(2,1,4)",
      "latin(1,2,4)",
      "latin(4,3,4)",
      "latin(3,4,4)"
     ]
    },
    {
     "Value": [
      "latin(4,1,1)",
      "latin(3,2,1)",
      "latin(1,3,1)",
      "latin(2,4,1)",
      "latin(2,1,2)",
      "latin(1,2,2)",
      "latin(3,3,2)",
      "latin(4,4,2)",
      "latin(3,1,3)",
      "latin(4,2,3)",
      "latin(2,3,3)",
      "latin(1,4,3)",
      "latin(1,1,4)",
      "latin(2,2,4)",
      "latin(4,3,4)",
      "latin(3,4,4)"
     ]
    },
    {
     "Value": [
      "latin(4,1,1)",
      "latin(3,2,1)",
      "latin(1,3,1)",
      "latin(2,4,1)",
      "latin(3,1,2)",
      "latin(1,2,2)",
      "latin(2,3,2)",
      "latin(4,4,2)",
      "latin(2,1,3)",
      "latin(4,2,3)",
      "latin(3,3,3)",
      "latin(1,4,3)",
      "latin(1,1,4)",
      "latin(2,2,4)",
      "latin(4,3,4)",
      "latin(3,4,4)"
     ]
    },
    {
     "Value": [
      "latin(2,1,1)",
      "latin(4,2,1)",
      "latin(1,3,1)",
      "latin(3,4,1)",
      "latin(1,1,2)",
      "latin(2,2,2)",
      "latin(3,3,2)",
      "latin(4,4,2)",
      "latin(4,1,3)",
      "latin(3,2,3)",
      "latin(2,3,3)",
      "latin(1,4,3)",
      "latin(3,1,4)",
      "latin(1,2,4)",
      "latin(4,3,4)",
      "latin(2,4,4)"
     ]
    },
    {
     "Value": [
      "latin(3,1,1)",
      "latin(2,2,1)",
      "latin(1,3,1)",
      "latin(4,4,1)",
      "latin(1,1,2)",
      "latin(4,2,2)",
      "latin(3,3,2)",
      "latin(2,4,2)",
      "latin(4,1,3)",
      "latin(3,2,3)",
      "latin(2,3,3)",
      "latin(1,4,3)",
      "latin(2,1,4)",
      "latin(1,2,4)",
      "latin(4,3,4)",
      "latin(3,4,4)"
     ]
    },
    {
     "Value": [
      "latin(3,1,1)",
      "latin(4,2,1)",
      "latin(1,3,1)",
      "latin(2,4,1)",
      "latin(4,1,2)",
      "latin(1,2,2)",
      "latin(2,3,2)",
      "latin(3,4,2)",
      "latin(2,1,3)",
      "latin(3,2,3)",
      "latin(4,3,3)",
      "latin(1,4,3)",
      "latin(1,1,4)",
      "latin(2,2,4)",
      "latin(3,3,4)",
      "latin(4,4,4)"
     ]
    },
    {
     "Value": [
      "latin(3,1,1)",
      "latin(4,2,1)",
      "latin(1,3,1)",
      "latin(2,4,1)",
      "latin(1,1,2)",
      "latin(2,2,2)",
      "latin(3,3,2)",
      "latin(4,4,2)",
      "latin(2,1,3)",
      "latin(3,2,3)",
      "latin(4,3,3)",
      "latin(1,4,3)",
      "latin(4,1,4)",
      "latin(1,2,4)",
      "latin(2,3,4)",
      "latin(3,4,4)"
     ]
    },
    {
     "Value": [
      "latin(4,1,1)",
      "latin(3,2,1)",
      "latin(1,3,1)",
      "latin(2,4,1)",
      "latin(1,1,2)",
      "latin(4,2,2)",
      "latin(2,3,2)",
      "latin(3,4,2)",
      "latin(3,1,3)",
      "latin(2,2,3)",
      "latin(4,3,3)",
      "latin(1,4,3)",
      "latin(2,1,4)",
      "latin(1,2,4)",
      "latin(3,3,4)",
      "latin(4,4,4)"
     ]
    },
    {
     "Value": [
      "latin(4,1,1)",
      "latin(3,2,1)",
      "latin(1,3,1)",
      "latin(2,4,1)",
      "latin(2,1,2)",
      "latin(1,2,2)",
      "latin(3,3,2)",
      "latin(4,4,2)",
      "latin(3,1,3)",
      "latin(2,2,3)",
      "latin(4,3,3)",
      "latin(1,4,3)",
      "latin(1,1,4)",
      "latin(4,2,4)",
      "latin(2,3,4)",
      "latin(3,4,4)"
     ]
    },
    {
     "Value": [
      "latin(4,1,1)",
      "latin(3,2,1)",
      "latin(2,3,1)",
      "latin(1,4,1)",
      "latin(1,1,2)",
      "latin(2,2,2)",
      "latin(3,3,2)",
      "latin(4,4,2)",
      "latin(2,1,3)",
      "latin(4,2,3)",
      "latin(1,3,3)",
      "latin(3,4,3)",
      "latin(3,1,4)",
      "latin(1,2,4)",
      "latin(4,3,4)",
      "latin(2,4,4)"
     ]
    },
    {
     "Value": [
      "latin(3,1,1)",
      "latin(4,2,1)",
      "latin(2,3,1)",
      "latin(1,4,1)",
      "latin(2,1,2)",
      "latin(1,2,2)",
      "latin(3,3,2)",
      "latin(4,4,2)",
      "latin(4,1,3)",
      "latin(3,2,3)",
      "latin(1,3,3)",
      "latin(2,4,3)",
      "latin(1,1,4)",
      "latin(2,2,4)",
      "latin(4,3,4)",
      "latin(3,4,4)"
     ]
    },
    {
     "Value": [
      "latin(3,1,1)",
      "latin(4,2,1)",
      "latin(2,3,1)",
      "latin(1,4,1)",
      "latin(2,1,2)",
      "latin(3,2,2)",
      "latin(1,3,2)",
      "latin(4,4,2)",
      "latin(4,1,3)",
      "latin(1,2,3)",
      "latin(3,3,3)",
      "latin(2,4,3)",
      "latin(1,1,4)",
      "latin(2,2,4)",
      "latin(4,3,4)",
      "latin(3,4,4)"
     ]
    },
    {
     "Value": [
      "latin(3,1,1)",
      "latin(4,2,1)",
      "latin(2,3,1)",
      "latin(1,4,1)",
      "latin(2,1,2)",
      "latin(1,2,2)",
      "latin(3,3,2)",
      "latin(4,4,2)",
      "latin(4,1,3)",
      "latin(2,2,3)",
      "latin(1,3,3)",
      "latin(3,4,3)",
      "latin(1,1,4)",
      "latin(3,2,4)",
      "latin(4,3,4)",
      "latin(2,4,4)"
     ]
    },
    {
     "Value": [
      "latin(3,1,1)",
      "latin(4,2,1)",
      "latin(2,3,1)",
      "latin(1,4,1)",
      "latin(1,1,2)",
      "latin(2,2,2)",
      "latin(3,3,2)",
      "latin(4,4,2)",
      "latin(4,1,3)",
      "latin(3,2,3)",
      "latin(1,3,3)",
      "latin(2,4,3)",
      "latin(2,1,4)",
      "latin(1,2,4)",
      "latin(4,3,4)",
      "latin(3,4,4)"
     ]
    },
    {
     "Value": [
      "latin(4,1,1)",
      "latin(3,2,1)",
      "latin(2,3,1)",
      "latin(1,4,1)",
      "latin(1,1,2)",
      "latin(2,2,2)",
      "latin(3,3,2)",
      "latin(4,4,2)",
      "latin(3,1,3)",
      "latin(1,2,3)",
      "latin(4,3,3)",
      "latin(2,4,3)",
      "latin(2,1,4)",
      "latin(4,2,4)",
      "latin(1,3,4)",
      "latin(3,4,4)"
     ]
    },
    {
     "Value": [
      "latin(4,1,1)",
      "latin(3,2,1)",
      "latin(2,3,1)",
      "latin(1,4,1)",
      "latin(2,1,2)",
      "latin(4,2,2)",
      "latin(1,3,2)",
      "latin(3,4,2)",
      "latin(3,1,3)",
      "latin(1,2,3)",
      "latin(4,3,3)",
      "latin(2,4,3)",
      "latin(1,1,4)",
      "latin(2,2,4)",
      "latin(3,3,4)",
      "latin(4,4,4)"
     ]
    },
    {
     "Value": [
      "latin(4,1,1)",
      "latin(1,2,1)",
      "latin(2,3,1)",
      "latin(3,4,1)",
      "latin(1,1,2)",
      "latin(2,2,2)",
      "latin(3,3,2)",
      "latin(4,4,2)",
      "latin(3,1,3)",
      "latin(4,2,3)",
      "latin(1,3,3)",
      "latin(2,4,3)",
      "latin(2,1,4)",
      "latin(3,2,4)",
      "latin(4,3,4)",
      "latin(1,4,4)"
     ]
    },
    {
     "Value": [
      "latin(4,1,1)",
      "latin(3,2,1)",
      "latin(2,3,1)",
      "latin(1,4,1)",
      "latin(3,1,2)",
      "latin(2,2,2)",
      "latin(1,3,2)",
      "latin(4,4,2)",
      "latin(1,1,3)",
      "latin(4,2,3)",
      "latin(3,3,3)",
      "latin(2,4,3)",
      "latin(2,1,4)",
      "latin(1,2,4)",
      "latin(4,3,4)",
      "latin(3,4,4)"
     ]
    },
    {
     "Value": [
      "latin(4,1,1)",
      "latin(3,2,1)",
      "latin(2,3,1)",
      "latin(1,4,1)",
      "latin(1,1,2)",
      "latin(2,2,2)",
      "latin(3,3,2)",
      "latin(4,4,2)",
      "latin(3,1,3)",
      "latin(4,2,3)",
      "latin(1,3,3)",
      "latin(2,4,3)",
      "latin(2,1,4)",
      "latin(1,2,4)",
      "latin(4,3,4)",
      "latin(3,4,4)"
     ]
    },
    {
     "Value": [
      "latin(4,1,1)",
      "latin(3,2,1)",
      "latin(2,3,1)",
      "latin(1,4,1)",
      "latin(1,1,2)",
      "latin(4,2,2)",
      "latin(3,3,2)",
      "latin(2,4,2)",
      "latin(3,1,3)",
      "latin(2,2,3)",
      "latin(1,3,3)",
      "latin(4,4,3)",
      "latin(2,1,4)",
      "latin(1,2,4)",
      "latin(4,3,4)",
      "latin(3,4,4)"
     ]
    },
    {
     "Value": [
      "latin(4,1,1)",
      "latin(3,2,1)",
      "latin(2,3,1)",
      "latin(1,4,1)",
      "latin(2,1,2)",
      "latin(1,2,2)",
      "latin(3,3,2)",
      "latin(4,4,2)",
      "latin(3,1,3)",
      "latin(4,2,3)",
      "latin(1,3,3)",
      "latin(2,4,3)",
      "latin(1,1,4)",
      "latin(2,2,4)",
      "latin(4,3,4)",
      "latin(3,4,4)"
     ]
    },
    {
     "Value": [
      "latin(3,1,1)",
      "latin(4,2,1)",
      "latin(2,3,1)",
      "latin(1,4,1)",
      "latin(1,1,2)",
      "latin(3,2,2)",
      "latin(4,3,2)",
      "latin(2,4,2)",
      "latin(4,1,3)",
      "latin(2,2,3)",
      "latin(1,3,3)",
      "latin(3,4,3)",
      "latin(2,1,4)",
      "latin(1,2,4)",
      "latin(3,3,4)",
      "latin(4,4,4)"
     ]
    },
    {
     "Value": [
      "latin(4,1,1)",
      "latin(3,2,1)",
      "latin(2,3,1)",
      "latin(1,4,1)",
      "latin(3,1,2)",
      "latin(1,2,2)",
      "latin(4,3,2)",
      "latin(2,4,2)",
      "latin(2,1,3)",
      "latin(4,2,3)",
      "latin(1,3,3)",
      "latin(3,4,3)",
      "latin(1,1,4)",
      "latin(2,2,4)",
      "latin(3,3,4)",
      "latin(4,4,4)"
     ]
    },
    {
     "Value": [
      "latin(3,1,1)",
      "latin(4,2,1)",
      "latin(2,3,1)",
      "latin(1,4,1)",
      "latin(1,1,2)",
      "latin(2,2,2)",
      "latin(4,3,2)",
      "latin(3,4,2)",
      "latin(4,1,3)",
      "latin(1,2,3)",
      "latin(3,3,3)",
      "latin(2,4,3)",
      "latin(2,1,4)",
      "latin(3,2,4)",
      "latin(1,3,4)",
      "latin(4,4,4)"
     ]
    },
    {
     "Value": [
      "latin(3,1,1)",
      "latin(4,2,1)",
      "latin(2,3,1)",
      "latin(1,4,1)",
      "latin(1,1,2)",
      "latin(2,2,2)",
      "latin(4,3,2)",
      "latin(3,4,2)",
      "latin(4,1,3)",
      "latin(3,2,3)",
      "latin(1,3,3)",
      "latin(2,4,3)",
      "latin(2,1,4)",
      "latin(1,2,4)",
      "latin(3,3,4)",
      "latin(4,4,4)"
     ]
    },
    {
     "Value": [
      "latin(4,1,1)",
      "latin(3,2,1)",
      "latin(2,3,1)",
      "latin(1,4,1)",
      "latin(1,1,2)",
      "latin(2,2,2)",
      "latin(4,3,2)",
      "latin(3,4,2)",
      "latin(3,1,3)",
      "latin(4,2,3)",
      "latin(1,3,3)",
      "latin(2,4,3)",
      "latin(2,1,4)",
      "latin(1,2,4)",
      "latin(3,3,4)",
      "latin(4,4,4)"
     ]
    },
    {
     "Value": [
      "latin(4,1,1)",
      "latin(3,2,1)",
      "latin(2,3,1)",
      "latin(1,4,1)",
      "latin(2,1,2)",
      "latin(1,2,2)",
      "latin(4,3,2)",
      "latin(3,4,2)",
      "latin(3,1,3)",
      "latin(2,2,3)",
      "latin(1,3,3)",
      "latin(4,4,3)",
      "latin(1,1,4)",
      "latin(4,2,4)",
      "latin(3,3,4)",
      "latin(2,4,4)"
     ]
    },
    {
     "Value": [
      "latin(3,1,1)",
      "latin(4,2,1)",
      "latin(2,3,1)",
      "latin(1,4,1)",
      "latin(2,1,2)",
      "latin(1,2,2)",
      "latin(4,3,2)",
      "latin(3,4,2)",
      "latin(4,1,3)",
      "latin(3,2,3)",
      "latin(1,3,3)",
      "latin(2,4,3)",
      "latin(1,1,4)",
      "latin(2,2,4)",
      "latin(3,3,4)",
      "latin(4,4,4)"
     ]
    },
    {
     "Value": [
      "latin(4,1,1)",
      "latin(3,2,1)",
      "latin(2,3,1)",
      "latin(1,4,1)",
      "latin(2,1,2)",
      "latin(1,2,2)",
      "latin(4,3,2)",
      "latin(3,4,2)",
      "latin(1,1,3)",
      "latin(4,2,3)",
      "latin(3,3,3)",
      "latin(2,4,3)",
      "latin(3,1,4)",
      "latin(2,2,4)",
      "latin(1,3,4)",
      "latin(4,4,4)"
     ]
    },
    {
     "Value": [
      "latin(4,1,1)",
      "latin(3,2,1)",
      "latin(2,3,1)",
      "latin(1,4,1)",
      "latin(2,1,2)",
      "latin(1,2,2)",
      "latin(4,3,2)",
      "latin(3,4,2)",
      "latin(3,1,3)",
      "latin(4,2,3)",
      "latin(1,3,3)",
      "latin(2,4,3)",
      "latin(1,1,4)",
      "latin(2,2,4)",
      "latin(3,3,4)",
      "latin(4,4,4)"
     ]
    },
    {
     "Value": [
      "latin(4,1,1)",
      "latin(1,2,1)",
      "latin(2,3,1)",
      "latin(3,4,1)",
      "latin(2,1,2)",
      "latin(3,2,2)",
      "latin(4,3,2)",
      "latin(1,4,2)",
      "latin(3,1,3)",
      "latin(4,2,3)",
      "latin(1,3,3)",
      "latin(2,4,3)",
      "latin(1,1,4)",
      "latin(2,2,4)",
      "latin(3,3,4)",
      "latin(4,4,4)"
     ]
    },
    {
     "Value": [
      "latin(2,1,1)",
      "latin(4,2,1)",
      "latin(3,3,1)",
      "latin(1,4,1)",
      "latin(1,1,2)",
      "latin(3,2,2)",
      "latin(2,3,2)",
      "latin(4,4,2)",
      "latin(4,1,3)",
      "latin(2,2,3)",
      "latin(1,3,3)",
      "latin(3,4,3)",
      "latin(3,1,4)",
      "latin(1,2,4)",
      "latin(4,3,4)",
      "latin(2,4,4)"
     ]
    },
    {
     "Value": [
      "latin(2,1,1)",
      "latin(4,2,1)",
      "latin(3,3,1)",
      "latin(1,4,1)",
      "latin(3,1,2)",
      "latin(1,2,2)",
      "latin(2,3,2)",
      "latin(4,4,2)",
      "latin(4,1,3)",
      "latin(2,2,3)",
      "latin(1,3,3)",
      "latin(3,4,3)",
      "latin(1,1,4)",
      "latin(3,2,4)",
      "latin(4,3,4)",
      "latin(2,4,4)"
     ]
    },
    {
     "Value": [
      "latin(2,1,1)",
      "latin(4,2,1)",
      "latin(3,3,1)",
      "latin(1,4,1)",
      "latin(3,1,2)",
      "latin(1,2,2)",
      "latin(2,3,2)",
      "latin(4,4,2)",
      "latin(4,1,3)",
      "latin(3,2,3)",
      "latin(1,3,3)",
      "latin(2,4,3)",
      "latin(1,1,4)",
      "latin(2,2,4)",
      "latin(4,3,4)",
      "latin(3,4,4)"
     ]
    },
    {
     "Value": [
      "latin(1,1,1)",
      "latin(4,2,1)",
      "latin(3,3,1)",
      "latin(2,4,1)",
      "latin(3,1,2)",
      "latin(2,2,2)",
      "latin(1,3,2)",
      "latin(4,4,2)",
      "latin(4,1,3)",
      "latin(3,2,3)",
      "latin(2,3,3)",
      "latin(1,4,3)",
      "latin(2,1,4)",
      "latin(1,2,4)",
      "latin(4,3,4)",
      "latin(3,4,4)"
     ]
    },
    {
     "Value": [
      "latin(1,1,1)",
      "latin(4,2,1)",
      "latin(3,3,1)",
      "latin(2,4,1)",
      "latin(2,1,2)",
      "latin(1,2,2)",
      "latin(4,3,2)",
      "latin(3,4,2)",
      "latin(4,1,3)",
      "latin(3,2,3)",
      "latin(2,3,3)",
      "latin(1,4,3)",
      "latin(3,1,4)",
      "latin(2,2,4)",
      "latin(1,3,4)",
      "latin(4,4,4)"
     ]
    },
    {
     "Value": [
      "latin(2,1,1)",
      "latin(4,2,1)",
      "latin(3,3,1)",
      "latin(1,4,1)",
      "latin(1,1,2)",
      "latin(2,2,2)",
      "latin(4,3,2)",
      "latin(3,4,2)",
      "latin(4,1,3)",
      "latin(3,2,3)",
      "latin(1,3,3)",
      "latin(2,4,3)",
      "latin(3,1,4)",
      "latin(1,2,4)",
      "latin(2,3,4)",
      "latin(4,4,4)"
     ]
    },
    {
     "Value": [
      "latin(2,1,1)",
      "latin(4,2,1)",
      "latin(3,3,1)",
      "latin(1,4,1)",
      "latin(1,1,2)",
      "latin(3,2,2)",
      "latin(4,3,2)",
      "latin(2,4,2)",
      "latin(4,1,3)",
      "latin(2,2,3)",
      "latin(1,3,3)",
      "latin(3,4,3)",
      "latin(3,1,4)",
      "latin(1,2,4)",
      "latin(2,3,4)",
      "latin(4,4,4)"
     ]
    },
    {
     "Value": [
      "latin(2,1,1)",
      "latin(4,2,1)",
      "latin(3,3,1)",
      "latin(1,4,1)",
      "latin(3,1,2)",
      "latin(1,2,2)",
      "latin(4,3,2)",
      "latin(2,4,2)",
      "latin(4,1,3)",
      "latin(2,2,3)",
      "latin(1,3,3)",
      "latin(3,4,3)",
      "latin(1,1,4)",
      "latin(3,2,4)",
      "latin(2,3,4)",
      "latin(4,4,4)"
     ]
    },
    {
     "Value": [
      "latin(4,1,1)",
      "latin(2,2,1)",
      "latin(3,3,1)",
      "latin(1,4,1)",
      "latin(1,1,2)",
      "latin(4,2,2)",
      "latin(2,3,2)",
      "latin(3,4,2)",
      "latin(3,1,3)",
      "latin(1,2,3)",
      "latin(4,3,3)",
      "latin(2,4,3)",
      "latin(2,1,4)",
      "latin(3,2,4)",
      "latin(1,3,4)",
      "latin(4,4,4)"
     ]
    },
    {
     "Value": [
      "latin(4,1,1)",
      "latin(2,2,1)",
      "latin(3,3,1)",
      "latin(1,4,1)",
      "latin(1,1,2)",
      "latin(3,2,2)",
      "latin(2,3,2)",
      "latin(4,4,2)",
      "latin(3,1,3)",
      "latin(1,2,3)",
      "latin(4,3,3)",
      "latin(2,4,3)",
      "latin(2,1,4)",
      "latin(4,2,4)",
      "latin(1,3,4)",
      "latin(3,4,4)"
     ]
    },
    {
     "Value": [
      "latin(4,1,1)",
      "latin(2,2,1)",
      "latin(3,3,1)",
      "latin(1,4,1)",
      "latin(2,1,2)",
      "latin(4,2,2)",
      "latin(1,3,2)",
      "latin(3,4,2)",
      "latin(3,1,3)",
      "latin(1,2,3)",
      "latin(4,3,3)",
      "latin(2,4,3)",
      "latin(1,1,4)",
      "latin(3,2,4)",
      "latin(2,3,4)",
      "latin(4,4,4)"
     ]
    },
    {
     "Value": [
      "latin(4,1,1)",
      "latin(2,2,1)",
      "latin(3,3,1)",
      "latin(1,4,1)",
      "latin(2,1,2)",
      "latin(3,2,2)",
      "latin(1,3,2)",
      "latin(4,4,2)",
      "latin(3,1,3)",
      "latin(1,2,3)",
      "latin(4,3,3)",
      "latin(2,4,3)",
      "latin(1,1,4)",
      "latin(4,2,4)",
      "latin(2,3,4)",
      "latin(3,4,4)"
     ]
    },
    {
     "Value": [
      "latin(4,1,1)",
      "latin(1,2,1)",
      "latin(3,3,1)",
      "latin(2,4,1)",
      "latin(1,1,2)",
      "latin(4,2,2)",
      "latin(2,3,2)",
      "latin(3,4,2)",
      "latin(3,1,3)",
      "latin(2,2,3)",
      "latin(4,3,3)",
      "latin(1,4,3)",
      "latin(2,1,4)",
      "latin(3,2,4)",
      "latin(1,3,4)",
      "latin(4,4,4)"
     ]
    },
    {
     "Value": [
      "latin(4,1,1)",
      "latin(1,2,1)",
      "latin(3,3,1)",
      "latin(2,4,1)",
      "latin(1,1,2)",
      "latin(3,2,2)",
      "latin(2,3,2)",
      "latin(4,4,2)",
      "latin(3,1,3)",
      "latin(2,2,3)",
      "latin(4,3,3)",
      "latin(1,4,3)",
      "latin(2,1,4)",
      "latin(4,2,4)",
      "latin(1,3,4)",
      "latin(3,4,4)"
     ]
    },
    {
     "Value": [
      "latin(4,1,1)",
      "latin(1,2,1)",
      "latin(3,3,1)",
      "latin(2,4,1)",
      "latin(2,1,2)",
      "latin(4,2,2)",
      "latin(1,3,2)",
      "latin(3,4,2)",
      "latin(3,1,3)",
      "latin(2,2,3)",
      "latin(4,3,3)",
      "latin(1,4,3)",
      "latin(1,1,4)",
      "latin(3,2,4)",
      "latin(2,3,4)",
      "latin(4,4,4)"
     ]
    },
    {
     "Value": [
      "latin(4,1,1)",
      "latin(1,2,1)",
      "latin(3,3,1)",
      "latin(2,4,1)",
      "latin(2,1,2)",
      "latin(3,2,2)",
      "latin(1,3,2)",
      "latin(4,4,2)",
      "latin(3,1,3)",
      "latin(2,2,3)",
      "latin(4,3,3)",
      "latin(1,4,3)",
      "latin(1,1,4)",
      "latin(4,2,4)",
      "latin(2,3,4)",
      "latin(3,4,4)"
     ]
    },
    {
     "Value": [
      "latin(4,1,1)",
      "latin(1,2,1)",
      "latin(3,3,1)",
      "latin(2,4,1)",
      "latin(2,1,2)",
      "latin(3,2,2)",
      "latin(1,3,2)",
      "latin(4,4,2)",
      "latin(3,1,3)",
      "latin(4,2,3)",
      "latin(2,3,3)",
      "latin(1,4,3)",
      "latin(1,1,4)",
      "latin(2,2,4)",
      "latin(4,3,4)",
      "latin(3,4,4)"
     ]
    },
    {
     "Value": [
      "latin(4,1,1)",
      "latin(2,2,1)",
      "latin(3,3,1)",
      "latin(1,4,1)",
      "latin(3,1,2)",
      "latin(1,2,2)",
      "latin(2,3,2)",
      "latin(4,4,2)",
      "latin(2,1,3)",
      "latin(4,2,3)",
      "latin(1,3,3)",
      "latin(3,4,3)",
      "latin(1,1,4)",
      "latin(3,2,4)",
      "latin(4,3,4)",
      "latin(2,4,4)"
     ]
    },
    {
     "Value": [
      "latin(4,1,1)",
      "latin(2,2,1)",
      "latin(3,3,1)",
      "latin(1,4,1)",
      "latin(2,1,2)",
      "latin(1,2,2)",
      "latin(4,3,2)",
      "latin(3,4,2)",
      "latin(3,1,3)",
      "latin(4,2,3)",
      "latin(1,3,3)",
      "latin(2,4,3)",
      "latin(1,1,4)",
      "latin(3,2,4)",
      "latin(2,3,4)",
      "latin(4,4,4)"
     ]
    },
    {
     "Value": [
      "latin(4,1,1)",
      "latin(2,2,1)",
      "latin(3,3,1)",
      "latin(1,4,1)",
      "latin(3,1,2)",
      "latin(1,2,2)",
      "latin(4,3,2)",
      "latin(2,4,2)",
      "latin(2,1,3)",
      "latin(4,2,3)",
      "latin(1,3,3)",
      "latin(3,4,3)",
      "latin(1,1,4)",
      "latin(3,2,4)",
      "latin(2,3,4)",
      "latin(4,4,4)"
     ]
    },
    {
     "Value": [
      "latin(4,1,1)",
      "latin(2,2,1)",
      "latin(3,3,1)",
      "latin(1,4,1)",
      "latin(1,1,2)",
      "latin(3,2,2)",
      "latin(4,3,2)",
      "latin(2,4,2)",
      "latin(2,1,3)",
      "latin(4,2,3)",
      "latin(1,3,3)",
      "latin(3,4,3)",
      "latin(3,1,4)",
      "latin(1,2,4)",
      "latin(2,3,4)",
      "latin(4,4,4)"
     ]
    },
    {
     "Value": [
      "latin(4,1,1)",
      "latin(2,2,1)",
      "latin(3,3,1)",
      "latin(1,4,1)",
      "latin(1,1,2)",
      "latin(3,2,2)",
      "latin(2,3,2)",
      "latin(4,4,2)",
      "latin(3,1,3)",
      "latin(4,2,3)",
      "latin(1,3,3)",
      "latin(2,4,3)",
      "latin(2,1,4)",
      "latin(1,2,4)",
      "latin(4,3,4)",
      "latin(3,4,4)"
     ]
    },
    {
     "Value": [
      "latin(4,1,1)",
      "latin(2,2,1)",
      "latin(3,3,1)",
      "latin(1,4,1)",
      "latin(1,1,2)",
      "latin(3,2,2)",
      "latin(2,3,2)",
      "latin(4,4,2)",
      "latin(2,1,3)",
      "latin(4,2,3)",
      "latin(1,3,3)",
      "latin(3,4,3)",
      "latin(3,1,4)",
      "latin(1,2,4)",
      "latin(4,3,4)",
      "latin(2,4,4)"
     ]
    },
    {
     "Value": [
      "latin(4,1,1)",
      "latin(1,2,1)",
      "latin(3,3,1)",
      "latin(2,4,1)",
      "latin(1,1,2)",
      "latin(2,2,2)",
      "latin(4,3,2)",
      "latin(3,4,2)",
      "latin(3,1,3)",
      "latin(4,2,3)",
      "latin(2,3,3)",
      "latin(1,4,3)",
      "latin(2,1,4)",
      "latin(3,2,4)",
      "latin(1,3,4)",
      "latin(4,4,4)"
     ]
    }
   ]
  }
 ],
 "Result": "SATISFIABLE",
 "Models": {
  "Number": 92,
  "More": "no"
 },
 "Calls": 1,
 "Time": {
  "Total": 2.756,
  "Solve": 1.377,
  "Model": 0.067,
  "Unsat": 0.01,
  "CPU": 2.755
 }
}