{
 "Solver": "clingo version 5.6.2",
 "Input": [
  "asp/lightbulb.lp",
  "asp/instances/instance07.lp"
 ],
 "Call": [
  {
   "Witnesses": [
    {
     "Value": [
      "light(6,1)",
      "light(1,2)",
      "light(5,3)",
      "light(2,4)",
      "light(4,5)",
      "light(1,6)",
      "light(3,6)",
      "light(6,6)"
     ]
    }
   ]
  }
 ],
 "Result": "SATISFIABLE",
 "Models": {
  "Number": 1,
  "More": "no"
 },
 "Calls": 1,
 "Time": {
  "Total": 0.004,
  "Solve": 0.0,
  "Model": 0.0,
  "Unsat": 0.0,
  "CPU": 0.004
 }
}