{
 "Solver": "clingo version 5.6.2",
 "Input": [
  "asp/lightbulb.lp",
  "asp/instances/instance09.lp"
 ],
 "Call": [
  {
   "Witnesses": [
    {
     "Value": [
      "light(5,1)",
      "light(3,2)",
      "light(2,3)",
      "light(7,3)",
      "light(3,4)",
      "light(1,5)",
      "light(7,5)",
      "light(2,6)",
      "light(4,7)",
      "light(6,7)"
     ]
    }
   ]
  }
 ],
 "Result": "SATISFIABLE",
 "Models": {
  "Number": 1,
  "More": "no"
 },
 "Calls": 1,
 "Time": {
  "Total": 0.006,
  "Solve": 0.0,
  "Model": 0.0,
  "Unsat": 0.0,
  "CPU": 0.006
 }
}