{
 "Solver": "clingo version 5.6.2",
 "Input": [
  "asp/lightbulb.lp",
  "asp/instances/instance12.lp"
 ],
 "Call": [
  {
   "Witnesses": [
    {
     "Value": [
      "light(1,1)",
      "light(8,1)",
      "light(6,2)",
      "light(5,3)",
      "light(3,4)",
      "light(2,5)",
      "light(8,5)",
      "light(6,6)",
      "light(1,7)",
      "light(3,7)",
      "light(7,7)",
      "light(2,8)"
     ]
    }
   ]
  }
 ],
 "Result": "SATISFIABLE",
 "Models": {
  "Number": 1,
  "More": "no"
 },
 "Calls": 1,
 "Time": {
  "Total": 0.008,
  "Solve": 0.0,
  "Model": 0.0,
  "Unsat": 0.0,
  "CPU": 0.008
 }
}