{
 "Solver": "clingo version 5.6.2",
 "Input": [
  "asp/lightbulb.lp",
  "asp/instances/instance14.lp"
 ],
 "Call": [
  {
   "Witnesses": [
    {
     "Value": [
      "light(2,1)",
      "light(6,1)",
      "light(9,1)",
      "light(8,2)",
      "light(1,3)",
      "light(9,3)",
      "light(3,4)",
      "light(5,5)",
      "light(2,6)",
      "light(6,7)",
      "light(4,8)",
      "light(9,8)",
      "light(1,9)",
      "light(6,9)",
      "light(10,9)",
      "light(2,10)",
      "light(9,10)"
     ]
    }
   ]
  }
 ],
 "Result": "SATISFIABLE",
 "Models": {
  "Number": 1,
  "More": "no"
 },
 "Calls": 1,
 "Time": {
  "Total": 0.012,
  "Solve": 0.0,
  "Model": 0.0,
  "Unsat": 0.0,
  "CPU": 0.012
 }
}