{
 "Solver": "clingo version 5.6.2",
 "Input": [
  "asp/lightbulb.lp",
  "asp/instances/instance17.lp"
 ],
 "Call": [
  {
   "Witnesses": [
    {
     "Value": [
      "light(1,1)",
      "light(10,1)",
      "light(13,1)",
      "light(4,2)",
      "light(6,2)",
      "light(12,2)",
      "light(5,3)",
      "light(9,3)",
      "light(13,3)",
      "light(7,4)",
      "light(14,4)",
      "light(3,5)",
      "light(12,5)",
      "light(2,6)",
      "light(9,6)",
      "light(11,6)",
      "light(13,6)",
      "light(6,7)",
      "light(10,8)",
      "light(2,9)",
      "light(4,9)",
      "light(8,9)",
      "light(12,9)",
      "light(7,10)",
      "light(14,10)",
      "light(2,11)",
      "light(11,11)",
      "light(6,12)",
      "light(13,12)",
      "light(1,13)",
      "light(5,13)",
      "light(9,13)",
      "light(12,13)",
      "light(14,13)",
      "light(2,14)",
      "light(10,14)"
     ]
    }
   ]
  }
 ],
 "Result": "SATISFIABLE",
 "Models": {
  "Number": 1,
  "More": "no"
 },
 "Calls": 1,
 "Time": {
  "Total": 0.01,
  "Solve": 0.0,
  "Model": 0.0,
  "Unsat": 0.0,
  "CPU": 0.01
 }
}