{
 "Solver": "clingo version 5.6.2",
 "Input": [
  "asp/lightbulb.lp",
  "asp/instances/instance22.lp"
 ],
 "Call": [
  {
   "Witnesses": [
    {
     "Value": [
      "light(4,1)",
      "light(3,2)",
      "light(5,2)",
      "light(8,2)",
      "light(6,3)",
      "light(1,4)",
      "light(7,4)",
      "light(2,5)",
      "light(4,5)",
      "light(8,6)",
      "light(1,7)",
      "light(6,7)",
      "light(2,8)",
      "light(7,8)"
     ]
    }
   ]
  }
 ],
 "Result": "SATISFIABLE",
 "Models": {
  "Number": 1,
  "More": "no"
 },
 "Calls": 1,
 "Time": {
  "Total": 0.007,
  "Solve": 0.0,
  "Model": 0.0,
  "Unsat": 0.0,
  "CPU": 0.007
 }
}