{
 "Solver": "clingo version 5.6.2",
 "Input": [
  "asp/lightbulb.lp",
  "asp/instances/instance23.lp"
 ],
 "Call": [
  {
   "Witnesses": [
    {
     "Value": [
      "light(5,1)",
      "light(9,1)",
      "light(1,2)",
      "light(7,2)",
      "light(4,3)",
      "light(8,3)",
      "light(6,4)",
      "light(1,5)",
      "light(7,5)",
      "light(2,6)",
      "light(4,7)",
      "light(9,7)",
      "light(1,8)",
      "light(3,8)",
      "light(7,8)",
      "light(2,9)",
      "light(9,9)"
     ]
    }
   ]
  }
 ],
 "Result": "SATISFIABLE",
 "Models": {
  "Number": 1,
  "More": "no"
 },
 "Calls": 1,
 "Time": {
  "Total": 0.003,
  "Solve": 0.0,
  "Model": 0.0,
  "Unsat": 0.0,
  "CPU": 0.003
 }
}