{
 "Solver": "clingo version 5.6.2",
 "Input": [
  "asp/lightbulb.lp",
  "asp/instances/instance24.lp"
 ],
 "Call": [
  {
   "Witnesses": [
    {
     "Value": [
      "light(1,1)",
      "light(3,1)",
      "light(7,1)",
      "light(10,1)",
      "light(2,2)",
      "light(8,2)",
      "light(4,3)",
      "light(10,3)",
      "light(1,4)",
      "light(5,4)",
      "light(9,4)",
      "light(3,5)",
      "light(7,5)",
      "light(4,6)",
      "light(8,6)",
      "light(10,6)",
      "light(5,7)",
      "light(9,7)",
      "light(1,8)",
      "light(7,8)",
      "light(4,9)",
      "light(8,9)",
      "light(2,10)",
      "light(6,10)",
      "light(10,10)"
     ]
    }
   ]
  }
 ],
 "Result": "SATISFIABLE",
 "Models": {
  "Number": 1,
  "More": "no"
 },
 "Calls": 1,
 "Time": {
  "Total": 0.01,
  "Solve": 0.0,
  "Model": 0.0,
  "Unsat": 0.0,
  "CPU": 0.01
 }
}