{
 "Solver": "clingo version 5.6.2",
 "Input": [
  "asp/lightbulb.lp",
  "asp/instances/instance25.lp"
 ],
 "Call": [
  {
   "Witnesses": [
    {
     "Value": [
      "light(6,1)",
      "light(11,1)",
      "light(2,2)",
      "light(1,3)",
      "light(3,3)",
      "light(8,3)",
      "light(6,4)",
      "light(2,5)",
      "light(9,5)",
      "light(4,6)",
      "light(8,6)",
      "light(10,6)",
      "light(1,7)",
      "light(5,7)",
      "light(2,8)",
      "light(10,9)",
      "light(3,10)",
      "light(7,10)",
      "light(11,10)",
      "light(1,11)",
      "light(6,11)",
      "light(9,11)"
     ]
    }
   ]
  }
 ],
 "Result": "SATISFIABLE",
 "Models": {
  "Number": 1,
  "More": "no"
 },
 "Calls": 1,
 "Time": {
  "Total": 0.006,
  "Solve": 0.0,
  "Model": 0.0,
  "Unsat": 0.0,
  "CPU": 0.006
 }
}