{
 "Solver": "clingo version 5.6.2",
 "Input": [
  "asp/lightbulb.lp",
  "asp/instances/instance28.lp"
 ],
 "Call": [
  {
   "Witnesses": [
    {
     "Value": [
      "light(4,1)",
      "light(8,1)",
      "light(17,1)",
      "light(1,2)",
      "light(3,2)",
      "light(7,2)",
      "light(10,2)",
      "light(15,2)",
      "light(2,3)",
      "light(8,3)",
      "light(11,3)",
      "light(6,4)",
      "light(12,4)",
      "light(5,5)",
      "light(1,6)",
      "light(10,6)",
      "light(13,6)",
      "light(9,7)",
      "light(16,7)",
      "light(17,8)",
      "light(4,9)",
      "light(7,9)",
      "light(10,9)",
      "light(1,10)",
      "light(17,10)",
      "light(2,11)",
      "light(5,11)",
      "light(11,11)",
      "light(6,12)",
      "light(8,12)",
      "light(7,13)",
      "light(15,13)",
      "light(1,14)",
      "light(14,14)",
      "light(3,15)",
      "light(5,15)",
      "light(9,15)",
      "light(13,15)",
      "light(16,15)",
      "light(4,16)",
      "light(8,16)",
      "light(11,16)",
      "light(14,16)",
      "light(17,16)",
      "light(1,17)",
      "light(6,17)",
      "light(12,17)",
      "light(16,17)"
     ]
    }
   ]
  }
 ],
 "Result": "SATISFIABLE",
 "Models": {
  "Number": 1,
  "More": "no"
 },
 "Calls": 1,
 "Time": {
  "Total": 0.048,
  "Solve": 0.0,
  "Model": 0.0,
  "Unsat": 0.0,
  "CPU": 0.048
 }
}