{
 "Solver": "clingo version 5.4.0",
 "Input": [
  "jobshop.lp",
  "instances/ins-16-5-4.lp"
 ],
 "Call": [
  {
   "Witnesses": [
    {
     "Value": [
      "perm(1,3,1)",
      "perm(4,1,1)",
      "perm(2,3,4)",
      "perm(3,3,3)",
      "perm(4,3,5)",
      "perm(5,1,3)",
      "perm(1,1,2)",
      "perm(2,1,5)",
      "perm(3,1,4)",
      "perm(5,3,2)",
      "perm(3,4,5)",
      "perm(1,4,1)",
      "perm(5,4,3)",
      "perm(3,2,2)",
      "perm(2,4,2)",
      "perm(4,4,4)",
      "perm(5,2,4)",
      "perm(1,2,1)",
      "perm(2,2,3)",
      "perm(4,2,5)"
     ],
     "Costs": [
      40
     ]
    },
    {
     "Value": [
      "perm(1,3,1)",
      "perm(2,3,4)",
      "perm(3,3,3)",
      "perm(4,3,5)",
      "perm(5,1,3)",
      "perm(1,1,1)",
      "perm(2,1,5)",
      "perm(3,1,4)",
      "perm(5,3,2)",
      "perm(3,4,5)",
      "perm(1,4,1)",
      "perm(5,4,3)",
      "perm(3,2,2)",
      "perm(2,4,2)",
      "perm(4,4,4)",
      "perm(5,2,4)",
      "perm(1,2,1)",
      "perm(4,1,2)",
      "perm(2,2,3)",
      "perm(4,2,5)"
     ],
     "Costs": [
      40
     ]
    },
    {
     "Value": [
      "perm(1,3,1)",
      "perm(2,4,1)",
      "perm(4,1,1)",
      "perm(2,3,4)",
      "perm(3,3,3)",
      "perm(4,3,5)",
      "perm(5,1,3)",
      "perm(1,1,2)",
      "perm(2,1,5)",
      "perm(3,1,4)",
      "perm(5,3,2)",
      "perm(3,4,5)",
      "perm(1,4,2)",
      "perm(5,4,3)",
      "perm(3,2,2)",
      "perm(4,4,4)",
      "perm(5,2,4)",
      "perm(1,2,1)",
      "perm(2,2,3)",
      "perm(4,2,5)"
     ],
     "Costs": [
      40
     ]
    },
    {
     "Value": [
      "perm(1,3,1)",
      "perm(2,4,1)",
      "perm(4,1,1)",
      "perm(2,3,3)",
      "perm(3,3,4)",
      "perm(4,3,5)",
      "perm(5,1,3)",
      "perm(1,1,2)",
      "perm(2,1,5)",
      "perm(3,1,4)",
      "perm(5,3,2)",
      "perm(3,4,5)",
      "perm(1,4,2)",
      "perm(5,4,3)",
      "perm(3,2,3)",
      "perm(4,4,4)",
      "perm(5,2,4)",
      "perm(1,2,1)",
      "perm(2,2,2)",
      "perm(4,2,5)"
     ],
     "Costs": [
      40
     ]
    }
   ]
  }
 ],
 "Result": "OPTIMUM FOUND",
 "Models": {
  "Number": 22,
  "More": "no",
  "Optimum": "yes",
  "Optimal": 4,
  "Costs": [
   40
  ]
 },
 "Calls": 1,
 "Time": {
  "Total": 0.491,
  "Solve": 0.063,
  "Model": 0.005,
  "Unsat": 0.001,
  "CPU": 0.49
 }
}