{
 "Solver": "clingo version 5.4.0",
 "Input": [
  "jobshop.lp",
  "instances/ins-03-3-2.lp"
 ],
 "Call": [
  {
   "Witnesses": [
    {
     "Value": [
      "perm(2,2,1)",
      "perm(3,1,1)",
      "perm(1,1,2)",
      "perm(3,2,2)",
      "perm(1,2,3)",
      "perm(2,1,3)"
     ],
     "Costs": [
      19
     ]
    },
    {
     "Value": [
      "perm(1,1,1)",
      "perm(2,2,1)",
      "perm(3,2,3)",
      "perm(1,2,2)",
      "perm(3,1,2)",
      "perm(2,1,3)"
     ],
     "Costs": [
      19
     ]
    }
   ]
  }
 ],
 "Result": "OPTIMUM FOUND",
 "Models": {
  "Number": 4,
  "More": "no",
  "Optimum": "yes",
  "Optimal": 2,
  "Costs": [
   19
  ]
 },
 "Calls": 1,
 "Time": {
  "Total": 0.029,
  "Solve": 0.001,
  "Model": 0.0,
  "Unsat": 0.0,
  "CPU": 0.029
 }
}