{
 "Solver": "clingo version 5.4.0",
 "Input": [
  "jobshop.lp",
  "instances/ins-15-5-4.lp"
 ],
 "Call": [
  {
   "Witnesses": [
    {
     "Value": [
      "perm(1,3,1)",
      "perm(2,4,1)",
      "perm(3,2,1)",
      "perm(1,4,4)",
      "perm(3,4,5)",
      "perm(4,4,2)",
      "perm(5,4,3)",
      "perm(4,2,4)",
      "perm(1,2,3)",
      "perm(2,2,2)",
      "perm(2,3,5)",
      "perm(4,3,2)",
      "perm(5,3,4)",
      "perm(3,1,2)",
      "perm(2,1,1)",
      "perm(1,1,3)",
      "perm(5,1,5)",
      "perm(4,1,4)",
      "perm(3,3,3)",
      "perm(5,2,5)"
     ],
     "Costs": [
      37
     ]
    },
    {
     "Value": [
      "perm(1,3,1)",
      "perm(2,4,1)",
      "perm(3,2,1)",
      "perm(1,4,4)",
      "perm(3,4,5)",
      "perm(4,4,2)",
      "perm(5,4,3)",
      "perm(4,2,4)",
      "perm(1,2,3)",
      "perm(2,2,2)",
      "perm(2,3,4)",
      "perm(4,3,2)",
      "perm(5,3,5)",
      "perm(3,1,2)",
      "perm(2,1,1)",
      "perm(1,1,3)",
      "perm(5,1,5)",
      "perm(4,1,4)",
      "perm(3,3,3)",
      "perm(5,2,5)"
     ],
     "Costs": [
      37
     ]
    },
    {
     "Value": [
      "perm(1,3,1)",
      "perm(2,4,1)",
      "perm(3,2,1)",
      "perm(1,4,4)",
      "perm(3,4,5)",
      "perm(4,4,2)",
      "perm(5,4,3)",
      "perm(4,2,4)",
      "perm(1,2,3)",
      "perm(2,2,2)",
      "perm(2,3,5)",
      "perm(4,3,2)",
      "perm(5,3,4)",
      "perm(3,1,3)",
      "perm(2,1,1)",
      "perm(1,1,2)",
      "perm(5,1,5)",
      "perm(4,1,4)",
      "perm(3,3,3)",
      "perm(5,2,5)"
     ],
     "Costs": [
      37
     ]
    },
    {
     "Value": [
      "perm(1,3,1)",
      "perm(2,4,1)",
      "perm(3,2,1)",
      "perm(1,4,4)",
      "perm(3,4,5)",
      "perm(4,4,2)",
      "perm(5,4,3)",
      "perm(4,2,4)",
      "perm(1,2,3)",
      "perm(2,2,2)",
      "perm(2,3,4)",
      "perm(4,3,2)",
      "perm(5,3,5)",
      "perm(3,1,3)",
      "perm(2,1,1)",
      "perm(1,1,2)",
      "perm(5,1,5)",
      "perm(4,1,4)",
      "perm(3,3,3)",
      "perm(5,2,5)"
     ],
     "Costs": [
      37
     ]
    },
    {
     "Value": [
      "perm(1,3,1)",
      "perm(2,4,1)",
      "perm(3,2,1)",
      "perm(1,4,4)",
      "perm(3,4,5)",
      "perm(4,4,2)",
      "perm(5,4,3)",
      "perm(4,2,4)",
      "perm(1,2,3)",
      "perm(2,2,2)",
      "perm(2,3,3)",
      "perm(4,3,2)",
      "perm(5,3,5)",
      "perm(3,1,2)",
      "perm(2,1,1)",
      "perm(1,1,3)",
      "perm(5,1,5)",
      "perm(4,1,4)",
      "perm(3,3,4)",
      "perm(5,2,5)"
     ],
     "Costs": [
      37
     ]
    },
    {
     "Value": [
      "perm(1,3,1)",
      "perm(2,4,1)",
      "perm(3,2,1)",
      "perm(1,4,4)",
      "perm(3,4,5)",
      "perm(4,4,2)",
      "perm(5,4,3)",
      "perm(4,2,4)",
      "perm(1,2,3)",
      "perm(2,2,2)",
      "perm(2,3,3)",
      "perm(4,3,2)",
      "perm(5,3,5)",
      "perm(3,1,3)",
      "perm(2,1,1)",
      "perm(1,1,2)",
      "perm(5,1,5)",
      "perm(4,1,4)",
      "perm(3,3,4)",
      "perm(5,2,5)"
     ],
     "Costs": [
      37
     ]
    },
    {
     "Value": [
      "perm(1,3,1)",
      "perm(2,4,1)",
      "perm(3,2,1)",
      "perm(1,4,4)",
      "perm(3,4,5)",
      "perm(4,4,3)",
      "perm(5,4,2)",
      "perm(4,2,4)",
      "perm(1,2,3)",
      "perm(2,2,2)",
      "perm(2,3,5)",
      "perm(4,3,2)",
      "perm(5,3,4)",
      "perm(3,1,2)",
      "perm(2,1,1)",
      "perm(1,1,3)",
      "perm(5,1,5)",
      "perm(4,1,4)",
      "perm(3,3,3)",
      "perm(5,2,5)"
     ],
     "Costs": [
      37
     ]
    },
    {
     "Value": [
      "perm(1,3,1)",
      "perm(2,4,1)",
      "perm(3,2,1)",
      "perm(1,4,4)",
      "perm(3,4,5)",
      "perm(4,4,3)",
      "perm(5,4,2)",
      "perm(4,2,4)",
      "perm(1,2,3)",
      "perm(2,2,2)",
      "perm(2,3,5)",
      "perm(4,3,2)",
      "perm(5,3,4)",
      "perm(3,1,3)",
      "perm(2,1,1)",
      "perm(1,1,2)",
      "perm(5,1,5)",
      "perm(4,1,4)",
      "perm(3,3,3)",
      "perm(5,2,5)"
     ],
     "Costs": [
      37
     ]
    }
   ]
  }
 ],
 "Result": "OPTIMUM FOUND",
 "Models": {
  "Number": 24,
  "More": "no",
  "Optimum": "yes",
  "Optimal": 8,
  "Costs": [
   37
  ]
 },
 "Calls": 1,
 "Time": {
  "Total": 0.535,
  "Solve": 0.068,
  "Model": 0.006,
  "Unsat": 0.0,
  "CPU": 0.534
 }
}