{
 "Solver": "clingo version 5.4.0",
 "Input": [
  "jobshop.lp",
  "instances/ins-07-4-4.lp"
 ],
 "Call": [
  {
   "Witnesses": [
    {
     "Value": [
      "perm(1,3,1)",
      "perm(3,1,1)",
      "perm(4,2,1)",
      "perm(2,2,2)",
      "perm(3,2,3)",
      "perm(4,1,3)",
      "perm(1,1,4)",
      "perm(2,1,2)",
      "perm(1,2,4)",
      "perm(3,3,3)",
      "perm(4,3,4)",
      "perm(2,3,2)",
      "perm(3,4,1)",
      "perm(4,4,2)",
      "perm(1,4,4)",
      "perm(2,4,3)"
     ],
     "Costs": [
      22
     ]
    },
    {
     "Value": [
      "perm(1,3,1)",
      "perm(3,1,1)",
      "perm(4,2,1)",
      "perm(2,2,2)",
      "perm(3,2,3)",
      "perm(4,1,3)",
      "perm(1,1,4)",
      "perm(2,1,2)",
      "perm(1,2,4)",
      "perm(3,3,3)",
      "perm(4,3,4)",
      "perm(2,3,2)",
      "perm(3,4,1)",
      "perm(4,4,2)",
      "perm(1,4,3)",
      "perm(2,4,4)"
     ],
     "Costs": [
      22
     ]
    },
    {
     "Value": [
      "perm(1,3,1)",
      "perm(3,1,1)",
      "perm(4,2,1)",
      "perm(2,2,2)",
      "perm(3,2,4)",
      "perm(4,1,3)",
      "perm(1,1,4)",
      "perm(2,1,2)",
      "perm(1,2,3)",
      "perm(3,3,3)",
      "perm(4,3,4)",
      "perm(2,3,2)",
      "perm(3,4,1)",
      "perm(4,4,2)",
      "perm(1,4,4)",
      "perm(2,4,3)"
     ],
     "Costs": [
      22
     ]
    },
    {
     "Value": [
      "perm(1,3,1)",
      "perm(3,1,1)",
      "perm(4,2,1)",
      "perm(2,2,2)",
      "perm(3,2,4)",
      "perm(4,1,3)",
      "perm(1,1,4)",
      "perm(2,1,2)",
      "perm(1,2,3)",
      "perm(3,3,3)",
      "perm(4,3,4)",
      "perm(2,3,2)",
      "perm(3,4,1)",
      "perm(4,4,2)",
      "perm(1,4,3)",
      "perm(2,4,4)"
     ],
     "Costs": [
      22
     ]
    },
    {
     "Value": [
      "perm(1,3,1)",
      "perm(2,2,1)",
      "perm(3,1,1)",
      "perm(3,2,3)",
      "perm(4,1,3)",
      "perm(1,1,4)",
      "perm(2,1,2)",
      "perm(4,2,2)",
      "perm(1,2,4)",
      "perm(3,3,3)",
      "perm(4,3,4)",
      "perm(2,3,2)",
      "perm(3,4,1)",
      "perm(4,4,2)",
      "perm(1,4,4)",
      "perm(2,4,3)"
     ],
     "Costs": [
      22
     ]
    },
    {
     "Value": [
      "perm(1,3,1)",
      "perm(2,2,1)",
      "perm(3,1,1)",
      "perm(3,2,3)",
      "perm(4,1,3)",
      "perm(1,1,4)",
      "perm(2,1,2)",
      "perm(4,2,2)",
      "perm(1,2,4)",
      "perm(3,3,3)",
      "perm(4,3,4)",
      "perm(2,3,2)",
      "perm(3,4,1)",
      "perm(4,4,2)",
      "perm(1,4,3)",
      "perm(2,4,4)"
     ],
     "Costs": [
      22
     ]
    },
    {
     "Value": [
      "perm(1,3,1)",
      "perm(2,2,1)",
      "perm(3,1,1)",
      "perm(3,2,4)",
      "perm(4,1,3)",
      "perm(1,1,4)",
      "perm(2,1,2)",
      "perm(4,2,2)",
      "perm(1,2,3)",
      "perm(3,3,3)",
      "perm(4,3,4)",
      "perm(2,3,2)",
      "perm(3,4,1)",
      "perm(4,4,2)",
      "perm(1,4,4)",
      "perm(2,4,3)"
     ],
     "Costs": [
      22
     ]
    },
    {
     "Value": [
      "perm(1,3,1)",
      "perm(2,2,1)",
      "perm(3,1,1)",
      "perm(3,2,4)",
      "perm(4,1,3)",
      "perm(1,1,4)",
      "perm(2,1,2)",
      "perm(4,2,2)",
      "perm(1,2,3)",
      "perm(3,3,3)",
      "perm(4,3,4)",
      "perm(2,3,2)",
      "perm(3,4,1)",
      "perm(4,4,2)",
      "perm(1,4,3)",
      "perm(2,4,4)"
     ],
     "Costs": [
      22
     ]
    },
    {
     "Value": [
      "perm(1,3,1)",
      "perm(2,2,1)",
      "perm(3,1,1)",
      "perm(3,2,4)",
      "perm(4,1,3)",
      "perm(1,1,4)",
      "perm(2,1,2)",
      "perm(4,2,3)",
      "perm(1,2,2)",
      "perm(3,3,3)",
      "perm(4,3,4)",
      "perm(2,3,2)",
      "perm(3,4,1)",
      "perm(4,4,2)",
      "perm(1,4,4)",
      "perm(2,4,3)"
     ],
     "Costs": [
      22
     ]
    },
    {
     "Value": [
      "perm(1,3,1)",
      "perm(2,2,1)",
      "perm(3,1,1)",
      "perm(3,2,4)",
      "perm(4,1,3)",
      "perm(1,1,4)",
      "perm(2,1,2)",
      "perm(4,2,3)",
      "perm(1,2,2)",
      "perm(3,3,3)",
      "perm(4,3,4)",
      "perm(2,3,2)",
      "perm(3,4,1)",
      "perm(4,4,2)",
      "perm(1,4,3)",
      "perm(2,4,4)"
     ],
     "Costs": [
      22
     ]
    }
   ]
  }
 ],
 "Result": "OPTIMUM FOUND",
 "Models": {
  "Number": 21,
  "More": "no",
  "Optimum": "yes",
  "Optimal": 10,
  "Costs": [
   22
  ]
 },
 "Calls": 1,
 "Time": {
  "Total": 0.127,
  "Solve": 0.01,
  "Model": 0.001,
  "Unsat": 0.0,
  "CPU": 0.126
 }
}