{
 "Solver": "clingo version 5.4.0",
 "Input": [
  "jobshop.lp",
  "instances/ins-10-5-3.lp"
 ],
 "Call": [
  {
   "Witnesses": [
    {
     "Value": [
      "perm(5,1,1)",
      "perm(1,1,5)",
      "perm(2,1,3)",
      "perm(3,1,4)",
      "perm(4,1,2)",
      "perm(2,2,5)",
      "perm(3,2,3)",
      "perm(4,2,4)",
      "perm(5,2,1)",
      "perm(4,3,1)",
      "perm(2,3,3)",
      "perm(3,3,4)",
      "perm(5,3,2)",
      "perm(1,3,5)",
      "perm(1,2,2)"
     ],
     "Costs": [
      31
     ]
    },
    {
     "Value": [
      "perm(5,1,1)",
      "perm(1,1,5)",
      "perm(2,1,3)",
      "perm(3,1,4)",
      "perm(4,1,2)",
      "perm(2,2,4)",
      "perm(3,2,3)",
      "perm(4,2,5)",
      "perm(5,2,1)",
      "perm(4,3,1)",
      "perm(2,3,3)",
      "perm(3,3,4)",
      "perm(5,3,2)",
      "perm(1,3,5)",
      "perm(1,2,2)"
     ],
     "Costs": [
      31
     ]
    },
    {
     "Value": [
      "perm(5,1,1)",
      "perm(1,1,5)",
      "perm(2,1,3)",
      "perm(3,1,4)",
      "perm(4,1,2)",
      "perm(2,2,5)",
      "perm(3,2,3)",
      "perm(4,2,4)",
      "perm(5,2,1)",
      "perm(4,3,1)",
      "perm(2,3,3)",
      "perm(3,3,5)",
      "perm(5,3,2)",
      "perm(1,3,4)",
      "perm(1,2,2)"
     ],
     "Costs": [
      31
     ]
    },
    {
     "Value": [
      "perm(5,1,1)",
      "perm(1,1,5)",
      "perm(2,1,3)",
      "perm(3,1,4)",
      "perm(4,1,2)",
      "perm(2,2,4)",
      "perm(3,2,3)",
      "perm(4,2,5)",
      "perm(5,2,1)",
      "perm(4,3,1)",
      "perm(2,3,3)",
      "perm(3,3,5)",
      "perm(5,3,2)",
      "perm(1,3,4)",
      "perm(1,2,2)"
     ],
     "Costs": [
      31
     ]
    }
   ]
  }
 ],
 "Result": "OPTIMUM FOUND",
 "Models": {
  "Number": 11,
  "More": "no",
  "Optimum": "yes",
  "Optimal": 4,
  "Costs": [
   31
  ]
 },
 "Calls": 1,
 "Time": {
  "Total": 0.175,
  "Solve": 0.017,
  "Model": 0.002,
  "Unsat": 0.0,
  "CPU": 0.175
 }
}