{
 "Solver": "clingo version 5.4.0",
 "Input": [
  "jobshop.lp",
  "instances/ins-12-5-3.lp"
 ],
 "Call": [
  {
   "Witnesses": [
    {
     "Value": [
      "perm(3,3,1)",
      "perm(4,1,1)",
      "perm(5,2,1)",
      "perm(1,2,4)",
      "perm(2,2,2)",
      "perm(3,2,3)",
      "perm(4,2,5)",
      "perm(5,1,2)",
      "perm(2,1,5)",
      "perm(4,3,4)",
      "perm(1,3,2)",
      "perm(2,3,3)",
      "perm(5,3,5)",
      "perm(3,1,3)",
      "perm(1,1,4)"
     ],
     "Costs": [
      28
     ]
    },
    {
     "Value": [
      "perm(3,3,1)",
      "perm(4,1,1)",
      "perm(5,2,1)",
      "perm(1,2,4)",
      "perm(2,2,2)",
      "perm(3,2,3)",
      "perm(4,2,5)",
      "perm(5,1,3)",
      "perm(2,1,5)",
      "perm(4,3,4)",
      "perm(1,3,2)",
      "perm(2,3,3)",
      "perm(5,3,5)",
      "perm(3,1,2)",
      "perm(1,1,4)"
     ],
     "Costs": [
      28
     ]
    },
    {
     "Value": [
      "perm(2,2,1)",
      "perm(3,3,1)",
      "perm(4,1,1)",
      "perm(1,2,4)",
      "perm(3,2,3)",
      "perm(4,2,5)",
      "perm(5,1,3)",
      "perm(2,1,5)",
      "perm(4,3,4)",
      "perm(1,3,2)",
      "perm(2,3,3)",
      "perm(5,2,2)",
      "perm(5,3,5)",
      "perm(3,1,2)",
      "perm(1,1,4)"
     ],
     "Costs": [
      28
     ]
    },
    {
     "Value": [
      "perm(3,3,1)",
      "perm(5,2,1)",
      "perm(1,2,4)",
      "perm(2,2,2)",
      "perm(3,2,3)",
      "perm(4,2,5)",
      "perm(5,1,1)",
      "perm(2,1,5)",
      "perm(4,3,4)",
      "perm(1,3,2)",
      "perm(2,3,3)",
      "perm(5,3,5)",
      "perm(3,1,2)",
      "perm(1,1,4)",
      "perm(4,1,3)"
     ],
     "Costs": [
      28
     ]
    },
    {
     "Value": [
      "perm(3,3,1)",
      "perm(4,1,1)",
      "perm(5,2,1)",
      "perm(1,2,4)",
      "perm(2,2,2)",
      "perm(3,2,3)",
      "perm(4,2,5)",
      "perm(5,1,4)",
      "perm(2,1,5)",
      "perm(4,3,4)",
      "perm(1,3,2)",
      "perm(2,3,3)",
      "perm(5,3,5)",
      "perm(3,1,2)",
      "perm(1,1,3)"
     ],
     "Costs": [
      28
     ]
    },
    {
     "Value": [
      "perm(2,2,1)",
      "perm(3,3,1)",
      "perm(4,1,1)",
      "perm(1,2,4)",
      "perm(3,2,3)",
      "perm(4,2,5)",
      "perm(5,1,4)",
      "perm(2,1,5)",
      "perm(4,3,4)",
      "perm(1,3,2)",
      "perm(2,3,3)",
      "perm(5,2,2)",
      "perm(5,3,5)",
      "perm(3,1,2)",
      "perm(1,1,3)"
     ],
     "Costs": [
      28
     ]
    },
    {
     "Value": [
      "perm(1,3,1)",
      "perm(4,1,1)",
      "perm(5,2,1)",
      "perm(1,2,3)",
      "perm(2,2,2)",
      "perm(3,2,4)",
      "perm(4,2,5)",
      "perm(5,1,2)",
      "perm(2,1,5)",
      "perm(4,3,4)",
      "perm(2,3,3)",
      "perm(3,3,2)",
      "perm(5,3,5)",
      "perm(3,1,4)",
      "perm(1,1,3)"
     ],
     "Costs": [
      28
     ]
    },
    {
     "Value": [
      "perm(1,3,1)",
      "perm(4,1,1)",
      "perm(5,2,1)",
      "perm(1,2,3)",
      "perm(2,2,2)",
      "perm(3,2,4)",
      "perm(4,2,5)",
      "perm(5,1,4)",
      "perm(2,1,5)",
      "perm(4,3,4)",
      "perm(2,3,3)",
      "perm(3,3,2)",
      "perm(5,3,5)",
      "perm(3,1,3)",
      "perm(1,1,2)"
     ],
     "Costs": [
      28
     ]
    },
    {
     "Value": [
      "perm(1,3,1)",
      "perm(2,2,1)",
      "perm(4,1,1)",
      "perm(1,2,3)",
      "perm(3,2,4)",
      "perm(4,2,5)",
      "perm(5,1,4)",
      "perm(2,1,5)",
      "perm(4,3,4)",
      "perm(2,3,3)",
      "perm(5,2,2)",
      "perm(3,3,2)",
      "perm(5,3,5)",
      "perm(3,1,3)",
      "perm(1,1,2)"
     ],
     "Costs": [
      28
     ]
    }
   ]
  }
 ],
 "Result": "OPTIMUM FOUND",
 "Models": {
  "Number": 24,
  "More": "no",
  "Optimum": "yes",
  "Optimal": 9,
  "Costs": [
   28
  ]
 },
 "Calls": 1,
 "Time": {
  "Total": 0.177,
  "Solve": 0.024,
  "Model": 0.003,
  "Unsat": 0.0,
  "CPU": 0.177
 }
}