{
 "Solver": "clingo version 5.4.0",
 "Input": [
  "mino.lp",
  "instances/level03.lp"
 ],
 "Call": [
  {
   "Witnesses": [
    {
     "Value": [
      "at(2,3,0)",
      "at(2,2,1)",
      "at(2,1,2)",
      "at(1,1,3)",
      "at(1,1,4)",
      "at(2,1,5)",
      "at(2,2,6)",
      "at(3,2,7)",
      "at(3,3,8)"
     ],
     "Costs": [
      9
     ]
    },
    {
     "Value": [
      "at(2,3,0)",
      "at(2,2,1)",
      "at(2,1,2)",
      "at(1,1,3)",
      "at(1,1,4)",
      "at(2,1,5)",
      "at(3,1,6)",
      "at(3,2,7)",
      "at(3,3,8)"
     ],
     "Costs": [
      9
     ]
    }
   ]
  }
 ],
 "Result": "OPTIMUM FOUND",
 "Models": {
  "Number": 8,
  "More": "no",
  "Optimum": "yes",
  "Optimal": 2,
  "Costs": [
   9
  ]
 },
 "Calls": 1,
 "Time": {
  "Total": 0.031,
  "Solve": 0.01,
  "Model": 0.002,
  "Unsat": 0.002,
  "CPU": 0.031
 }
}