{
 "Solver": "clingo version 5.4.0",
 "Input": [
  "mino.lp",
  "instances/level14.lp"
 ],
 "Call": [
  {
   "Witnesses": [
    {
     "Value": [
      "at(2,2,0)",
      "at(3,2,1)",
      "at(3,3,2)",
      "at(2,3,3)",
      "at(1,3,4)",
      "at(1,4,5)",
      "at(1,3,6)",
      "at(2,3,7)",
      "at(3,3,8)",
      "at(3,2,9)",
      "at(2,2,10)",
      "at(2,1,11)",
      "at(1,1,12)",
      "at(1,1,13)",
      "at(2,1,14)",
      "at(2,2,15)",
      "at(3,2,16)",
      "at(3,1,17)",
      "at(4,1,18)",
      "at(4,2,19)",
      "at(4,3,20)",
      "at(4,4,21)",
      "at(3,4,22)",
      "at(2,4,23)"
     ],
     "Costs": [
      24
     ]
    }
   ]
  }
 ],
 "Result": "OPTIMUM FOUND",
 "Models": {
  "Number": 20,
  "More": "no",
  "Optimum": "yes",
  "Optimal": 1,
  "Costs": [
   24
  ]
 },
 "Calls": 1,
 "Time": {
  "Total": 1.305,
  "Solve": 1.215,
  "Model": 0.508,
  "Unsat": 0.11,
  "CPU": 1.302
 }
}