{
 "Solver": "clingo version 5.4.0",
 "Input": [
  "mino.lp",
  "instances/level17.lp"
 ],
 "Call": [
  {
   "Witnesses": [
    {
     "Value": [
      "at(9,1,0)",
      "at(8,1,1)",
      "at(8,2,2)",
      "at(9,2,3)",
      "at(9,3,4)",
      "at(8,3,5)",
      "at(8,4,6)",
      "at(8,5,7)",
      "at(8,6,8)",
      "at(7,6,9)",
      "at(6,6,10)",
      "at(5,6,11)",
      "at(5,5,12)",
      "at(5,4,13)",
      "at(4,4,14)",
      "at(4,3,15)",
      "at(4,2,16)",
      "at(4,1,17)",
      "at(3,1,18)",
      "at(2,1,19)",
      "at(1,1,20)",
      "at(2,1,21)",
      "at(3,1,22)",
      "at(4,1,23)",
      "at(4,2,24)",
      "at(5,2,25)",
      "at(5,3,26)",
      "at(6,3,27)",
      "at(7,3,28)",
      "at(7,2,29)",
      "at(7,1,30)",
      "at(7,2,31)",
      "at(7,3,32)",
      "at(8,3,33)",
      "at(8,4,34)",
      "at(8,5,35)",
      "at(8,6,36)",
      "at(7,6,37)",
      "at(6,6,38)",
      "at(5,6,39)",
      "at(4,6,40)",
      "at(5,6,41)",
      "at(6,6,42)",
      "at(7,6,43)",
      "at(6,6,44)",
      "at(5,6,45)",
      "at(5,5,46)",
      "at(5,4,47)",
      "at(4,4,48)",
      "at(4,3,49)",
      "at(4,2,50)",
      "at(4,1,51)",
      "at(3,1,52)",
      "at(3,2,53)",
      "at(3,3,54)",
      "at(2,3,55)",
      "at(2,4,56)",
      "at(3,4,57)",
      "at(3,5,58)",
      "at(3,6,59)"
     ],
     "Costs": [
      60
     ]
    },
    {
     "Value": [
      "at(9,1,0)",
      "at(8,1,1)",
      "at(8,2,2)",
      "at(9,2,3)",
      "at(9,3,4)",
      "at(9,4,5)",
      "at(9,5,6)",
      "at(9,6,7)",
      "at(9,5,8)",
      "at(9,4,9)",
      "at(9,3,10)",
      "at(8,3,11)",
      "at(7,3,12)",
      "at(6,3,13)",
      "at(5,3,14)",
      "at(5,2,15)",
      "at(4,2,16)",
      "at(4,1,17)",
      "at(3,1,18)",
      "at(2,1,19)",
      "at(1,1,20)",
      "at(2,1,21)",
      "at(3,1,22)",
      "at(4,1,23)",
      "at(4,2,24)",
      "at(5,2,25)",
      "at(5,3,26)",
      "at(6,3,27)",
      "at(7,3,28)",
      "at(7,2,29)",
      "at(7,1,30)",
      "at(7,2,31)",
      "at(7,3,32)",
      "at(8,3,33)",
      "at(8,4,34)",
      "at(8,5,35)",
      "at(8,6,36)",
      "at(7,6,37)",
      "at(6,6,38)",
      "at(5,6,39)",
      "at(4,6,40)",
      "at(5,6,41)",
      "at(6,6,42)",
      "at(7,6,43)",
      "at(6,6,44)",
      "at(5,6,45)",
      "at(5,5,46)",
      "at(5,4,47)",
      "at(4,4,48)",
      "at(4,3,49)",
      "at(4,2,50)",
      "at(4,1,51)",
      "at(3,1,52)",
      "at(3,2,53)",
      "at(3,3,54)",
      "at(2,3,55)",
      "at(2,4,56)",
      "at(3,4,57)",
      "at(3,5,58)",
      "at(3,6,59)"
     ],
     "Costs": [
      60
     ]
    },
    {
     "Value": [
      "at(9,1,0)",
      "at(8,1,1)",
      "at(8,2,2)",
      "at(9,2,3)",
      "at(9,3,4)",
      "at(8,3,5)",
      "at(8,4,6)",
      "at(8,5,7)",
      "at(8,6,8)",
      "at(8,5,9)",
      "at(8,4,10)",
      "at(8,3,11)",
      "at(7,3,12)",
      "at(6,3,13)",
      "at(5,3,14)",
      "at(5,2,15)",
      "at(4,2,16)",
      "at(4,1,17)",
      "at(3,1,18)",
      "at(2,1,19)",
      "at(1,1,20)",
      "at(2,1,21)",
      "at(3,1,22)",
      "at(4,1,23)",
      "at(4,2,24)",
      "at(5,2,25)",
      "at(5,3,26)",
      "at(6,3,27)",
      "at(7,3,28)",
      "at(7,2,29)",
      "at(7,1,30)",
      "at(7,2,31)",
      "at(7,3,32)",
      "at(8,3,33)",
      "at(8,4,34)",
      "at(8,5,35)",
      "at(8,6,36)",
      "at(7,6,37)",
      "at(6,6,38)",
      "at(5,6,39)",
      "at(4,6,40)",
      "at(5,6,41)",
      "at(6,6,42)",
      "at(7,6,43)",
      "at(6,6,44)",
      "at(5,6,45)",
      "at(5,5,46)",
      "at(5,4,47)",
      "at(4,4,48)",
      "at(4,3,49)",
      "at(4,2,50)",
      "at(4,1,51)",
      "at(3,1,52)",
      "at(3,2,53)",
      "at(3,3,54)",
      "at(2,3,55)",
      "at(2,4,56)",
      "at(3,4,57)",
      "at(3,5,58)",
      "at(3,6,59)"
     ],
     "Costs": [
      60
     ]
    }
   ]
  }
 ],
 "Result": "OPTIMUM FOUND",
 "Models": {
  "Number": 14,
  "More": "no",
  "Optimum": "yes",
  "Optimal": 3,
  "Costs": [
   60
  ]
 },
 "Calls": 1,
 "Time": {
  "Total": 143.217,
  "Solve": 142.777,
  "Model": 85.821,
  "Unsat": 6.573,
  "CPU": 142.878
 }
}