{
 "Solver": "clingo version 5.4.0",
 "Input": [
  "mino.lp",
  "instances/level18.lp"
 ],
 "Call": [
  {
   "Witnesses": [
    {
     "Value": [
      "at(9,8,0)",
      "at(8,8,1)",
      "at(8,7,2)",
      "at(7,7,3)",
      "at(6,7,4)",
      "at(6,6,5)",
      "at(6,5,6)",
      "at(6,4,7)",
      "at(6,3,8)",
      "at(6,2,9)",
      "at(6,1,10)",
      "at(7,1,11)",
      "at(8,1,12)",
      "at(9,1,13)",
      "at(8,1,14)",
      "at(8,2,15)",
      "at(7,2,16)",
      "at(6,2,17)",
      "at(5,2,18)",
      "at(4,2,19)",
      "at(3,2,20)",
      "at(2,2,21)",
      "at(1,2,22)",
      "at(1,3,23)",
      "at(1,4,24)",
      "at(1,5,25)",
      "at(1,6,26)",
      "at(1,5,27)",
      "at(1,4,28)",
      "at(1,3,29)",
      "at(1,2,30)",
      "at(2,2,31)",
      "at(2,3,32)",
      "at(3,3,33)",
      "at(4,3,34)",
      "at(5,3,35)",
      "at(6,3,36)",
      "at(6,2,37)",
      "at(7,2,38)",
      "at(7,3,39)",
      "at(7,4,40)",
      "at(8,4,41)",
      "at(8,5,42)",
      "at(8,6,43)",
      "at(8,7,44)",
      "at(8,8,45)",
      "at(7,8,46)",
      "at(6,8,47)",
      "at(5,8,48)",
      "at(4,8,49)"
     ],
     "Costs": [
      50
     ]
    },
    {
     "Value": [
      "at(9,8,0)",
      "at(9,7,1)",
      "at(8,7,2)",
      "at(7,7,3)",
      "at(6,7,4)",
      "at(6,6,5)",
      "at(6,5,6)",
      "at(6,4,7)",
      "at(6,3,8)",
      "at(6,2,9)",
      "at(6,1,10)",
      "at(7,1,11)",
      "at(8,1,12)",
      "at(9,1,13)",
      "at(8,1,14)",
      "at(8,2,15)",
      "at(7,2,16)",
      "at(6,2,17)",
      "at(5,2,18)",
      "at(4,2,19)",
      "at(3,2,20)",
      "at(2,2,21)",
      "at(1,2,22)",
      "at(1,3,23)",
      "at(1,4,24)",
      "at(1,5,25)",
      "at(1,6,26)",
      "at(1,5,27)",
      "at(1,4,28)",
      "at(1,3,29)",
      "at(1,2,30)",
      "at(2,2,31)",
      "at(2,3,32)",
      "at(3,3,33)",
      "at(4,3,34)",
      "at(5,3,35)",
      "at(6,3,36)",
      "at(6,2,37)",
      "at(7,2,38)",
      "at(7,3,39)",
      "at(7,4,40)",
      "at(8,4,41)",
      "at(8,5,42)",
      "at(8,6,43)",
      "at(8,7,44)",
      "at(8,8,45)",
      "at(7,8,46)",
      "at(6,8,47)",
      "at(5,8,48)",
      "at(4,8,49)"
     ],
     "Costs": [
      50
     ]
    },
    {
     "Value": [
      "at(9,8,0)",
      "at(8,8,1)",
      "at(7,8,2)",
      "at(7,7,3)",
      "at(6,7,4)",
      "at(6,6,5)",
      "at(6,5,6)",
      "at(6,4,7)",
      "at(6,3,8)",
      "at(6,2,9)",
      "at(6,1,10)",
      "at(7,1,11)",
      "at(8,1,12)",
      "at(9,1,13)",
      "at(8,1,14)",
      "at(8,2,15)",
      "at(7,2,16)",
      "at(6,2,17)",
      "at(5,2,18)",
      "at(4,2,19)",
      "at(3,2,20)",
      "at(2,2,21)",
      "at(1,2,22)",
      "at(1,3,23)",
      "at(1,4,24)",
      "at(1,5,25)",
      "at(1,6,26)",
      "at(1,5,27)",
      "at(1,4,28)",
      "at(1,3,29)",
      "at(1,2,30)",
      "at(2,2,31)",
      "at(2,3,32)",
      "at(3,3,33)",
      "at(4,3,34)",
      "at(5,3,35)",
      "at(6,3,36)",
      "at(6,2,37)",
      "at(7,2,38)",
      "at(7,3,39)",
      "at(7,4,40)",
      "at(8,4,41)",
      "at(8,5,42)",
      "at(8,6,43)",
      "at(8,7,44)",
      "at(8,8,45)",
      "at(7,8,46)",
      "at(6,8,47)",
      "at(5,8,48)",
      "at(4,8,49)"
     ],
     "Costs": [
      50
     ]
    },
    {
     "Value": [
      "at(9,8,0)",
      "at(8,8,1)",
      "at(8,7,2)",
      "at(7,7,3)",
      "at(6,7,4)",
      "at(6,6,5)",
      "at(6,5,6)",
      "at(6,4,7)",
      "at(6,3,8)",
      "at(6,2,9)",
      "at(6,1,10)",
      "at(7,1,11)",
      "at(8,1,12)",
      "at(9,1,13)",
      "at(8,1,14)",
      "at(8,2,15)",
      "at(7,2,16)",
      "at(6,2,17)",
      "at(5,2,18)",
      "at(4,2,19)",
      "at(3,2,20)",
      "at(2,2,21)",
      "at(1,2,22)",
      "at(1,3,23)",
      "at(1,4,24)",
      "at(1,5,25)",
      "at(1,6,26)",
      "at(1,5,27)",
      "at(1,4,28)",
      "at(1,3,29)",
      "at(1,2,30)",
      "at(2,2,31)",
      "at(2,3,32)",
      "at(3,3,33)",
      "at(4,3,34)",
      "at(5,3,35)",
      "at(6,3,36)",
      "at(6,2,37)",
      "at(6,3,38)",
      "at(6,4,39)",
      "at(7,4,40)",
      "at(8,4,41)",
      "at(8,5,42)",
      "at(8,6,43)",
      "at(8,7,44)",
      "at(8,8,45)",
      "at(7,8,46)",
      "at(6,8,47)",
      "at(5,8,48)",
      "at(4,8,49)"
     ],
     "Costs": [
      50
     ]
    },
    {
     "Value": [
      "at(9,8,0)",
      "at(8,8,1)",
      "at(7,8,2)",
      "at(7,7,3)",
      "at(6,7,4)",
      "at(6,6,5)",
      "at(6,5,6)",
      "at(6,4,7)",
      "at(6,3,8)",
      "at(6,2,9)",
      "at(6,1,10)",
      "at(7,1,11)",
      "at(8,1,12)",
      "at(9,1,13)",
      "at(8,1,14)",
      "at(8,2,15)",
      "at(7,2,16)",
      "at(6,2,17)",
      "at(5,2,18)",
      "at(4,2,19)",
      "at(3,2,20)",
      "at(2,2,21)",
      "at(1,2,22)",
      "at(1,3,23)",
      "at(1,4,24)",
      "at(1,5,25)",
      "at(1,6,26)",
      "at(1,5,27)",
      "at(1,4,28)",
      "at(1,3,29)",
      "at(1,2,30)",
      "at(2,2,31)",
      "at(2,3,32)",
      "at(3,3,33)",
      "at(4,3,34)",
      "at(5,3,35)",
      "at(6,3,36)",
      "at(6,2,37)",
      "at(6,3,38)",
      "at(6,4,39)",
      "at(7,4,40)",
      "at(8,4,41)",
      "at(8,5,42)",
      "at(8,6,43)",
      "at(8,7,44)",
      "at(8,8,45)",
      "at(7,8,46)",
      "at(6,8,47)",
      "at(5,8,48)",
      "at(4,8,49)"
     ],
     "Costs": [
      50
     ]
    },
    {
     "Value": [
      "at(9,8,0)",
      "at(9,7,1)",
      "at(8,7,2)",
      "at(7,7,3)",
      "at(6,7,4)",
      "at(6,6,5)",
      "at(6,5,6)",
      "at(6,4,7)",
      "at(6,3,8)",
      "at(6,2,9)",
      "at(6,1,10)",
      "at(7,1,11)",
      "at(8,1,12)",
      "at(9,1,13)",
      "at(8,1,14)",
      "at(8,2,15)",
      "at(7,2,16)",
      "at(6,2,17)",
      "at(5,2,18)",
      "at(4,2,19)",
      "at(3,2,20)",
      "at(2,2,21)",
      "at(1,2,22)",
      "at(1,3,23)",
      "at(1,4,24)",
      "at(1,5,25)",
      "at(1,6,26)",
      "at(1,5,27)",
      "at(1,4,28)",
      "at(1,3,29)",
      "at(1,2,30)",
      "at(2,2,31)",
      "at(2,3,32)",
      "at(3,3,33)",
      "at(4,3,34)",
      "at(5,3,35)",
      "at(6,3,36)",
      "at(6,2,37)",
      "at(6,3,38)",
      "at(6,4,39)",
      "at(7,4,40)",
      "at(8,4,41)",
      "at(8,5,42)",
      "at(8,6,43)",
      "at(8,7,44)",
      "at(8,8,45)",
      "at(7,8,46)",
      "at(6,8,47)",
      "at(5,8,48)",
      "at(4,8,49)"
     ],
     "Costs": [
      50
     ]
    },
    {
     "Value": [
      "at(9,8,0)",
      "at(8,8,1)",
      "at(8,7,2)",
      "at(7,7,3)",
      "at(6,7,4)",
      "at(6,6,5)",
      "at(6,5,6)",
      "at(6,4,7)",
      "at(6,3,8)",
      "at(6,2,9)",
      "at(6,1,10)",
      "at(7,1,11)",
      "at(8,1,12)",
      "at(9,1,13)",
      "at(8,1,14)",
      "at(8,2,15)",
      "at(7,2,16)",
      "at(6,2,17)",
      "at(5,2,18)",
      "at(4,2,19)",
      "at(3,2,20)",
      "at(2,2,21)",
      "at(1,2,22)",
      "at(1,3,23)",
      "at(1,4,24)",
      "at(1,5,25)",
      "at(1,6,26)",
      "at(1,5,27)",
      "at(1,4,28)",
      "at(1,3,29)",
      "at(1,2,30)",
      "at(2,2,31)",
      "at(2,3,32)",
      "at(3,3,33)",
      "at(4,3,34)",
      "at(5,3,35)",
      "at(6,3,36)",
      "at(6,2,37)",
      "at(6,3,38)",
      "at(7,3,39)",
      "at(7,4,40)",
      "at(8,4,41)",
      "at(8,5,42)",
      "at(8,6,43)",
      "at(8,7,44)",
      "at(8,8,45)",
      "at(7,8,46)",
      "at(6,8,47)",
      "at(5,8,48)",
      "at(4,8,49)"
     ],
     "Costs": [
      50
     ]
    },
    {
     "Value": [
      "at(9,8,0)",
      "at(8,8,1)",
      "at(7,8,2)",
      "at(7,7,3)",
      "at(6,7,4)",
      "at(6,6,5)",
      "at(6,5,6)",
      "at(6,4,7)",
      "at(6,3,8)",
      "at(6,2,9)",
      "at(6,1,10)",
      "at(7,1,11)",
      "at(8,1,12)",
      "at(9,1,13)",
      "at(8,1,14)",
      "at(8,2,15)",
      "at(7,2,16)",
      "at(6,2,17)",
      "at(5,2,18)",
      "at(4,2,19)",
      "at(3,2,20)",
      "at(2,2,21)",
      "at(1,2,22)",
      "at(1,3,23)",
      "at(1,4,24)",
      "at(1,5,25)",
      "at(1,6,26)",
      "at(1,5,27)",
      "at(1,4,28)",
      "at(1,3,29)",
      "at(1,2,30)",
      "at(2,2,31)",
      "at(2,3,32)",
      "at(3,3,33)",
      "at(4,3,34)",
      "at(5,3,35)",
      "at(6,3,36)",
      "at(6,2,37)",
      "at(6,3,38)",
      "at(7,3,39)",
      "at(7,4,40)",
      "at(8,4,41)",
      "at(8,5,42)",
      "at(8,6,43)",
      "at(8,7,44)",
      "at(8,8,45)",
      "at(7,8,46)",
      "at(6,8,47)",
      "at(5,8,48)",
      "at(4,8,49)"
     ],
     "Costs": [
      50
     ]
    },
    {
     "Value": [
      "at(9,8,0)",
      "at(9,7,1)",
      "at(8,7,2)",
      "at(7,7,3)",
      "at(6,7,4)",
      "at(6,6,5)",
      "at(6,5,6)",
      "at(6,4,7)",
      "at(6,3,8)",
      "at(6,2,9)",
      "at(6,1,10)",
      "at(7,1,11)",
      "at(8,1,12)",
      "at(9,1,13)",
      "at(8,1,14)",
      "at(8,2,15)",
      "at(7,2,16)",
      "at(6,2,17)",
      "at(5,2,18)",
      "at(4,2,19)",
      "at(3,2,20)",
      "at(2,2,21)",
      "at(1,2,22)",
      "at(1,3,23)",
      "at(1,4,24)",
      "at(1,5,25)",
      "at(1,6,26)",
      "at(1,5,27)",
      "at(1,4,28)",
      "at(1,3,29)",
      "at(1,2,30)",
      "at(2,2,31)",
      "at(2,3,32)",
      "at(3,3,33)",
      "at(4,3,34)",
      "at(5,3,35)",
      "at(6,3,36)",
      "at(6,2,37)",
      "at(6,3,38)",
      "at(7,3,39)",
      "at(7,4,40)",
      "at(8,4,41)",
      "at(8,5,42)",
      "at(8,6,43)",
      "at(8,7,44)",
      "at(8,8,45)",
      "at(7,8,46)",
      "at(6,8,47)",
      "at(5,8,48)",
      "at(4,8,49)"
     ],
     "Costs": [
      50
     ]
    },
    {
     "Value": [
      "at(9,8,0)",
      "at(8,8,1)",
      "at(8,7,2)",
      "at(7,7,3)",
      "at(6,7,4)",
      "at(6,6,5)",
      "at(6,5,6)",
      "at(6,4,7)",
      "at(6,3,8)",
      "at(6,2,9)",
      "at(6,1,10)",
      "at(7,1,11)",
      "at(8,1,12)",
      "at(9,1,13)",
      "at(8,1,14)",
      "at(8,2,15)",
      "at(7,2,16)",
      "at(6,2,17)",
      "at(5,2,18)",
      "at(4,2,19)",
      "at(3,2,20)",
      "at(2,2,21)",
      "at(1,2,22)",
      "at(1,3,23)",
      "at(1,4,24)",
      "at(1,5,25)",
      "at(1,6,26)",
      "at(1,5,27)",
      "at(1,4,28)",
      "at(1,3,29)",
      "at(1,2,30)",
      "at(2,2,31)",
      "at(2,3,32)",
      "at(3,3,33)",
      "at(4,3,34)",
      "at(5,3,35)",
      "at(6,3,36)",
      "at(7,3,37)",
      "at(7,2,38)",
      "at(7,3,39)",
      "at(7,4,40)",
      "at(8,4,41)",
      "at(8,5,42)",
      "at(8,6,43)",
      "at(8,7,44)",
      "at(8,8,45)",
      "at(7,8,46)",
      "at(6,8,47)",
      "at(5,8,48)",
      "at(4,8,49)"
     ],
     "Costs": [
      50
     ]
    },
    {
     "Value": [
      "at(9,8,0)",
      "at(9,7,1)",
      "at(8,7,2)",
      "at(7,7,3)",
      "at(6,7,4)",
      "at(6,6,5)",
      "at(6,5,6)",
      "at(6,4,7)",
      "at(6,3,8)",
      "at(6,2,9)",
      "at(6,1,10)",
      "at(7,1,11)",
      "at(8,1,12)",
      "at(9,1,13)",
      "at(8,1,14)",
      "at(8,2,15)",
      "at(7,2,16)",
      "at(6,2,17)",
      "at(5,2,18)",
      "at(4,2,19)",
      "at(3,2,20)",
      "at(2,2,21)",
      "at(1,2,22)",
      "at(1,3,23)",
      "at(1,4,24)",
      "at(1,5,25)",
      "at(1,6,26)",
      "at(1,5,27)",
      "at(1,4,28)",
      "at(1,3,29)",
      "at(1,2,30)",
      "at(2,2,31)",
      "at(2,3,32)",
      "at(3,3,33)",
      "at(4,3,34)",
      "at(5,3,35)",
      "at(6,3,36)",
      "at(7,3,37)",
      "at(7,2,38)",
      "at(7,3,39)",
      "at(7,4,40)",
      "at(8,4,41)",
      "at(8,5,42)",
      "at(8,6,43)",
      "at(8,7,44)",
      "at(8,8,45)",
      "at(7,8,46)",
      "at(6,8,47)",
      "at(5,8,48)",
      "at(4,8,49)"
     ],
     "Costs": [
      50
     ]
    },
    {
     "Value": [
      "at(9,8,0)",
      "at(8,8,1)",
      "at(7,8,2)",
      "at(7,7,3)",
      "at(6,7,4)",
      "at(6,6,5)",
      "at(6,5,6)",
      "at(6,4,7)",
      "at(6,3,8)",
      "at(6,2,9)",
      "at(6,1,10)",
      "at(7,1,11)",
      "at(8,1,12)",
      "at(9,1,13)",
      "at(8,1,14)",
      "at(8,2,15)",
      "at(7,2,16)",
      "at(6,2,17)",
      "at(5,2,18)",
      "at(4,2,19)",
      "at(3,2,20)",
      "at(2,2,21)",
      "at(1,2,22)",
      "at(1,3,23)",
      "at(1,4,24)",
      "at(1,5,25)",
      "at(1,6,26)",
      "at(1,5,27)",
      "at(1,4,28)",
      "at(1,3,29)",
      "at(1,2,30)",
      "at(2,2,31)",
      "at(2,3,32)",
      "at(3,3,33)",
      "at(4,3,34)",
      "at(5,3,35)",
      "at(6,3,36)",
      "at(7,3,37)",
      "at(7,2,38)",
      "at(7,3,39)",
      "at(7,4,40)",
      "at(8,4,41)",
      "at(8,5,42)",
      "at(8,6,43)",
      "at(8,7,44)",
      "at(8,8,45)",
      "at(7,8,46)",
      "at(6,8,47)",
      "at(5,8,48)",
      "at(4,8,49)"
     ],
     "Costs": [
      50
     ]
    },
    {
     "Value": [
      "at(9,8,0)",
      "at(8,8,1)",
      "at(8,7,2)",
      "at(7,7,3)",
      "at(6,7,4)",
      "at(6,6,5)",
      "at(6,5,6)",
      "at(6,4,7)",
      "at(6,3,8)",
      "at(6,2,9)",
      "at(6,1,10)",
      "at(7,1,11)",
      "at(8,1,12)",
      "at(9,1,13)",
      "at(8,1,14)",
      "at(8,2,15)",
      "at(7,2,16)",
      "at(6,2,17)",
      "at(5,2,18)",
      "at(4,2,19)",
      "at(3,2,20)",
      "at(2,2,21)",
      "at(1,2,22)",
      "at(1,3,23)",
      "at(1,4,24)",
      "at(1,5,25)",
      "at(1,6,26)",
      "at(1,5,27)",
      "at(1,4,28)",
      "at(1,3,29)",
      "at(1,2,30)",
      "at(2,2,31)",
      "at(2,3,32)",
      "at(3,3,33)",
      "at(4,3,34)",
      "at(5,3,35)",
      "at(6,3,36)",
      "at(7,3,37)",
      "at(7,2,38)",
      "at(7,3,39)",
      "at(7,4,40)",
      "at(7,5,41)",
      "at(8,5,42)",
      "at(8,6,43)",
      "at(8,7,44)",
      "at(8,8,45)",
      "at(7,8,46)",
      "at(6,8,47)",
      "at(5,8,48)",
      "at(4,8,49)"
     ],
     "Costs": [
      50
     ]
    },
    {
     "Value": [
      "at(9,8,0)",
      "at(9,7,1)",
      "at(8,7,2)",
      "at(7,7,3)",
      "at(6,7,4)",
      "at(6,6,5)",
      "at(6,5,6)",
      "at(6,4,7)",
      "at(6,3,8)",
      "at(6,2,9)",
      "at(6,1,10)",
      "at(7,1,11)",
      "at(8,1,12)",
      "at(9,1,13)",
      "at(8,1,14)",
      "at(8,2,15)",
      "at(7,2,16)",
      "at(6,2,17)",
      "at(5,2,18)",
      "at(4,2,19)",
      "at(3,2,20)",
      "at(2,2,21)",
      "at(1,2,22)",
      "at(1,3,23)",
      "at(1,4,24)",
      "at(1,5,25)",
      "at(1,6,26)",
      "at(1,5,27)",
      "at(1,4,28)",
      "at(1,3,29)",
      "at(1,2,30)",
      "at(2,2,31)",
      "at(2,3,32)",
      "at(3,3,33)",
      "at(4,3,34)",
      "at(5,3,35)",
      "at(6,3,36)",
      "at(7,3,37)",
      "at(7,2,38)",
      "at(7,3,39)",
      "at(7,4,40)",
      "at(7,5,41)",
      "at(8,5,42)",
      "at(8,6,43)",
      "at(8,7,44)",
      "at(8,8,45)",
      "at(7,8,46)",
      "at(6,8,47)",
      "at(5,8,48)",
      "at(4,8,49)"
     ],
     "Costs": [
      50
     ]
    },
    {
     "Value": [
      "at(9,8,0)",
      "at(8,8,1)",
      "at(7,8,2)",
      "at(7,7,3)",
      "at(6,7,4)",
      "at(6,6,5)",
      "at(6,5,6)",
      "at(6,4,7)",
      "at(6,3,8)",
      "at(6,2,9)",
      "at(6,1,10)",
      "at(7,1,11)",
      "at(8,1,12)",
      "at(9,1,13)",
      "at(8,1,14)",
      "at(8,2,15)",
      "at(7,2,16)",
      "at(6,2,17)",
      "at(5,2,18)",
      "at(4,2,19)",
      "at(3,2,20)",
      "at(2,2,21)",
      "at(1,2,22)",
      "at(1,3,23)",
      "at(1,4,24)",
      "at(1,5,25)",
      "at(1,6,26)",
      "at(1,5,27)",
      "at(1,4,28)",
      "at(1,3,29)",
      "at(1,2,30)",
      "at(2,2,31)",
      "at(2,3,32)",
      "at(3,3,33)",
      "at(4,3,34)",
      "at(5,3,35)",
      "at(6,3,36)",
      "at(7,3,37)",
      "at(7,2,38)",
      "at(7,3,39)",
      "at(7,4,40)",
      "at(7,5,41)",
      "at(8,5,42)",
      "at(8,6,43)",
      "at(8,7,44)",
      "at(8,8,45)",
      "at(7,8,46)",
      "at(6,8,47)",
      "at(5,8,48)",
      "at(4,8,49)"
     ],
     "Costs": [
      50
     ]
    }
   ]
  }
 ],
 "Result": "OPTIMUM FOUND",
 "Models": {
  "Number": 17,
  "More": "no",
  "Optimum": "yes",
  "Optimal": 15,
  "Costs": [
   50
  ]
 },
 "Calls": 1,
 "Time": {
  "Total": 2882.411,
  "Solve": 2881.759,
  "Model": 2460.044,
  "Unsat": 3.159,
  "CPU": 2869.01
 }
}