{
 "Solver": "clingo version 5.4.0",
 "Input": [
  "mino.lp",
  "instances/level13.lp"
 ],
 "Call": [
  {
   "Witnesses": [
    {
     "Value": [
      "at(2,1,0)",
      "at(2,2,1)",
      "at(3,2,2)",
      "at(4,2,3)",
      "at(4,3,4)",
      "at(5,3,5)",
      "at(5,4,6)",
      "at(6,4,7)",
      "at(7,4,8)",
      "at(8,4,9)",
      "at(8,3,10)"
     ],
     "Costs": [
      11
     ]
    },
    {
     "Value": [
      "at(2,1,0)",
      "at(3,1,1)",
      "at(3,2,2)",
      "at(4,2,3)",
      "at(4,3,4)",
      "at(5,3,5)",
      "at(5,4,6)",
      "at(6,4,7)",
      "at(7,4,8)",
      "at(8,4,9)",
      "at(8,3,10)"
     ],
     "Costs": [
      11
     ]
    },
    {
     "Value": [
      "at(2,1,0)",
      "at(3,1,1)",
      "at(4,1,2)",
      "at(4,2,3)",
      "at(4,3,4)",
      "at(5,3,5)",
      "at(5,4,6)",
      "at(6,4,7)",
      "at(7,4,8)",
      "at(8,4,9)",
      "at(8,3,10)"
     ],
     "Costs": [
      11
     ]
    },
    {
     "Value": [
      "at(2,1,0)",
      "at(2,2,1)",
      "at(3,2,2)",
      "at(3,3,3)",
      "at(4,3,4)",
      "at(5,3,5)",
      "at(5,4,6)",
      "at(6,4,7)",
      "at(7,4,8)",
      "at(8,4,9)",
      "at(8,3,10)"
     ],
     "Costs": [
      11
     ]
    },
    {
     "Value": [
      "at(2,1,0)",
      "at(3,1,1)",
      "at(3,2,2)",
      "at(3,3,3)",
      "at(4,3,4)",
      "at(5,3,5)",
      "at(5,4,6)",
      "at(6,4,7)",
      "at(7,4,8)",
      "at(8,4,9)",
      "at(8,3,10)"
     ],
     "Costs": [
      11
     ]
    },
    {
     "Value": [
      "at(2,1,0)",
      "at(2,2,1)",
      "at(2,3,2)",
      "at(3,3,3)",
      "at(4,3,4)",
      "at(5,3,5)",
      "at(5,4,6)",
      "at(6,4,7)",
      "at(7,4,8)",
      "at(8,4,9)",
      "at(8,3,10)"
     ],
     "Costs": [
      11
     ]
    },
    {
     "Value": [
      "at(2,1,0)",
      "at(3,1,1)",
      "at(4,1,2)",
      "at(5,1,3)",
      "at(5,2,4)",
      "at(5,3,5)",
      "at(5,4,6)",
      "at(6,4,7)",
      "at(7,4,8)",
      "at(8,4,9)",
      "at(8,3,10)"
     ],
     "Costs": [
      11
     ]
    }
   ]
  }
 ],
 "Result": "OPTIMUM FOUND",
 "Models": {
  "Number": 8,
  "More": "no",
  "Optimum": "yes",
  "Optimal": 7,
  "Costs": [
   11
  ]
 },
 "Calls": 1,
 "Time": {
  "Total": 1.3,
  "Solve": 0.236,
  "Model": 0.039,
  "Unsat": 0.04,
  "CPU": 1.297
 }
}