{
 "Solver": "clingo version 5.4.0",
 "Input": [
  "mino.lp",
  "instances/level06.lp"
 ],
 "Call": [
  {
   "Witnesses": [
    {
     "Value": [
      "at(1,3,0)",
      "at(1,2,1)",
      "at(1,1,2)",
      "at(1,2,3)",
      "at(2,2,4)",
      "at(2,3,5)",
      "at(3,3,6)"
     ],
     "Costs": [
      7
     ]
    }
   ]
  }
 ],
 "Result": "OPTIMUM FOUND",
 "Models": {
  "Number": 3,
  "More": "no",
  "Optimum": "yes",
  "Optimal": 1,
  "Costs": [
   7
  ]
 },
 "Calls": 1,
 "Time": {
  "Total": 0.061,
  "Solve": 0.011,
  "Model": 0.004,
  "Unsat": 0.001,
  "CPU": 0.061
 }
}