{
 "Solver": "clingo version 5.4.0",
 "Input": [
  "mino.lp",
  "instances/level01.lp"
 ],
 "Call": [
  {
   "Witnesses": [
    {
     "Value": [
      "at(2,1,0)",
      "at(1,1,1)",
      "at(2,1,2)",
      "at(3,1,3)",
      "at(3,2,4)"
     ],
     "Costs": [
      5
     ]
    }
   ]
  }
 ],
 "Result": "OPTIMUM FOUND",
 "Models": {
  "Number": 2,
  "More": "no",
  "Optimum": "yes",
  "Optimal": 1,
  "Costs": [
   5
  ]
 },
 "Calls": 1,
 "Time": {
  "Total": 0.037,
  "Solve": 0.004,
  "Model": 0.002,
  "Unsat": 0.0,
  "CPU": 0.037
 }
}