{
 "Solver": "clingo version 5.4.0",
 "Input": [
  "mino.lp",
  "instances/level15.lp"
 ],
 "Call": [
  {
   "Witnesses": [
    {
     "Value": [
      "at(4,2,0)",
      "at(4,3,1)",
      "at(3,3,2)",
      "at(2,3,3)",
      "at(1,3,4)",
      "at(1,2,5)",
      "at(1,3,6)",
      "at(2,3,7)",
      "at(2,4,8)",
      "at(2,5,9)",
      "at(2,6,10)",
      "at(1,6,11)",
      "at(2,6,12)",
      "at(3,6,13)",
      "at(4,6,14)",
      "at(5,6,15)",
      "at(6,6,16)",
      "at(6,5,17)",
      "at(6,4,18)"
     ],
     "Costs": [
      19
     ]
    },
    {
     "Value": [
      "at(4,2,0)",
      "at(4,3,1)",
      "at(3,3,2)",
      "at(2,3,3)",
      "at(1,3,4)",
      "at(1,2,5)",
      "at(1,3,6)",
      "at(2,3,7)",
      "at(2,4,8)",
      "at(2,5,9)",
      "at(2,6,10)",
      "at(1,6,11)",
      "at(2,6,12)",
      "at(3,6,13)",
      "at(4,6,14)",
      "at(5,6,15)",
      "at(5,5,16)",
      "at(6,5,17)",
      "at(6,4,18)"
     ],
     "Costs": [
      19
     ]
    }
   ]
  }
 ],
 "Result": "OPTIMUM FOUND",
 "Models": {
  "Number": 64,
  "More": "no",
  "Optimum": "yes",
  "Optimal": 2,
  "Costs": [
   19
  ]
 },
 "Calls": 1,
 "Time": {
  "Total": 6.478,
  "Solve": 6.071,
  "Model": 0.175,
  "Unsat": 0.009,
  "CPU": 6.46
 }
}