{
 "Solver": "clingo version 5.4.0",
 "Input": [
  "mino.lp",
  "instances/level07.lp"
 ],
 "Call": [
  {
   "Witnesses": [
    {
     "Value": [
      "at(3,2,0)",
      "at(2,2,1)",
      "at(2,3,2)",
      "at(1,3,3)",
      "at(1,2,4)",
      "at(1,1,5)",
      "at(1,2,6)",
      "at(1,3,7)",
      "at(1,4,8)",
      "at(2,4,9)",
      "at(3,4,10)",
      "at(2,4,11)",
      "at(3,4,12)",
      "at(4,4,13)",
      "at(4,3,14)",
      "at(4,2,15)",
      "at(4,1,16)",
      "at(3,1,17)",
      "at(2,1,18)"
     ],
     "Costs": [
      19
     ]
    },
    {
     "Value": [
      "at(3,2,0)",
      "at(2,2,1)",
      "at(2,3,2)",
      "at(1,3,3)",
      "at(1,2,4)",
      "at(1,1,5)",
      "at(1,2,6)",
      "at(1,3,7)",
      "at(2,3,8)",
      "at(2,4,9)",
      "at(3,4,10)",
      "at(2,4,11)",
      "at(3,4,12)",
      "at(4,4,13)",
      "at(4,3,14)",
      "at(4,2,15)",
      "at(4,1,16)",
      "at(3,1,17)",
      "at(2,1,18)"
     ],
     "Costs": [
      19
     ]
    }
   ]
  }
 ],
 "Result": "OPTIMUM FOUND",
 "Models": {
  "Number": 13,
  "More": "no",
  "Optimum": "yes",
  "Optimal": 2,
  "Costs": [
   19
  ]
 },
 "Calls": 1,
 "Time": {
  "Total": 0.27,
  "Solve": 0.239,
  "Model": 0.036,
  "Unsat": 0.002,
  "CPU": 0.269
 }
}