{
  "Solver": "clingo version 5.6.2",
  "Input": [
    "decision-trees.lp","instances/instance-12-07.lp"
  ],
  "Call": [
    {
      "Witnesses": [
        {
          "Value": [
            "edge(1,2)", "edge(1,3)", "positive(5)", "positive(6)", "decision(1,20)", "decision(2,8)", "decision(3,12)", "edge(2,4)", "edge(3,6)", "edge(2,5)", "edge(3,7)"
          ]
        },
        {
          "Value": [
            "edge(1,2)", "edge(1,3)", "positive(5)", "positive(7)", "decision(1,20)", "decision(2,8)", "decision(3,22)", "edge(2,4)", "edge(3,6)", "edge(2,5)", "edge(3,7)"
          ]
        },
        {
          "Value": [
            "edge(1,2)", "edge(1,3)", "positive(5)", "positive(6)", "decision(1,22)", "decision(2,8)", "decision(3,5)", "edge(2,4)", "edge(3,6)", "edge(2,5)", "edge(3,7)"
          ]
        },
        {
          "Value": [
            "edge(1,2)", "edge(1,3)", "positive(3)", "positive(6)", "decision(1,8)", "decision(2,22)", "decision(5,5)", "edge(2,4)", "edge(5,6)", "edge(2,5)", "edge(5,7)"
          ]
        },
        {
          "Value": [
            "edge(1,2)", "edge(1,3)", "positive(3)", "positive(6)", "decision(1,8)", "decision(2,22)", "decision(5,10)", "edge(2,4)", "edge(5,6)", "edge(2,5)", "edge(5,7)"
          ]
        },
        {
          "Value": [
            "edge(1,2)", "edge(1,3)", "positive(3)", "positive(6)", "decision(1,8)", "decision(2,22)", "decision(5,1)", "edge(2,4)", "edge(5,6)", "edge(2,5)", "edge(5,7)"
          ]
        },
        {
          "Value": [
            "edge(1,2)", "edge(1,3)", "positive(3)", "positive(7)", "decision(1,8)", "decision(2,22)", "decision(5,20)", "edge(2,4)", "edge(5,6)", "edge(2,5)", "edge(5,7)"
          ]
        },
        {
          "Value": [
            "edge(1,2)", "edge(1,3)", "positive(3)", "positive(7)", "decision(1,8)", "decision(2,20)", "decision(5,22)", "edge(2,4)", "edge(5,6)", "edge(2,5)", "edge(5,7)"
          ]
        },
        {
          "Value": [
            "edge(1,2)", "edge(1,3)", "positive(3)", "positive(6)", "decision(1,8)", "decision(2,20)", "decision(5,12)", "edge(2,4)", "edge(5,6)", "edge(2,5)", "edge(5,7)"
          ]
        },
        {
          "Value": [
            "edge(1,2)", "edge(1,3)", "positive(3)", "positive(5)", "positive(7)", "decision(1,3)", "decision(2,11)", "decision(4,16)", "edge(2,4)", "edge(4,6)", "edge(2,5)", "edge(4,7)"
          ]
        },
        {
          "Value": [
            "edge(1,2)", "edge(1,3)", "positive(3)", "positive(5)", "positive(7)", "decision(1,3)", "decision(2,16)", "decision(4,11)", "edge(2,4)", "edge(4,6)", "edge(2,5)", "edge(4,7)"
          ]
        },
        {
          "Value": [
            "edge(1,2)", "edge(1,3)", "positive(3)", "positive(5)", "positive(7)", "decision(1,16)", "decision(2,8)", "decision(4,11)", "edge(2,4)", "edge(4,6)", "edge(2,5)", "edge(4,7)"
          ]
        },
        {
          "Value": [
            "edge(1,2)", "edge(1,3)", "positive(3)", "positive(5)", "positive(7)", "decision(1,11)", "decision(2,8)", "decision(4,16)", "edge(2,4)", "edge(4,6)", "edge(2,5)", "edge(4,7)"
          ]
        },
        {
          "Value": [
            "edge(1,2)", "edge(1,3)", "positive(3)", "positive(5)", "positive(7)", "decision(1,16)", "decision(2,3)", "decision(4,11)", "edge(2,4)", "edge(4,6)", "edge(2,5)", "edge(4,7)"
          ]
        },
        {
          "Value": [
            "edge(1,2)", "edge(1,3)", "positive(3)", "positive(5)", "positive(7)", "decision(1,16)", "decision(2,11)", "decision(4,3)", "edge(2,4)", "edge(4,6)", "edge(2,5)", "edge(4,7)"
          ]
        },
        {
          "Value": [
            "edge(1,2)", "edge(1,3)", "positive(3)", "positive(5)", "positive(7)", "decision(1,16)", "decision(2,11)", "decision(4,8)", "edge(2,4)", "edge(4,6)", "edge(2,5)", "edge(4,7)"
          ]
        },
        {
          "Value": [
            "edge(1,2)", "edge(1,3)", "positive(3)", "positive(5)", "positive(7)", "decision(1,11)", "decision(2,16)", "decision(4,3)", "edge(2,4)", "edge(4,6)", "edge(2,5)", "edge(4,7)"
          ]
        },
        {
          "Value": [
            "edge(1,2)", "edge(1,3)", "positive(3)", "positive(7)", "decision(1,8)", "decision(2,5)", "decision(4,22)", "edge(2,4)", "edge(4,6)", "edge(2,5)", "edge(4,7)"
          ]
        },
        {
          "Value": [
            "edge(1,2)", "edge(1,3)", "positive(3)", "positive(7)", "decision(1,8)", "decision(2,10)", "decision(4,22)", "edge(2,4)", "edge(4,6)", "edge(2,5)", "edge(4,7)"
          ]
        },
        {
          "Value": [
            "edge(1,2)", "edge(1,3)", "positive(3)", "positive(7)", "decision(1,8)", "decision(2,1)", "decision(4,22)", "edge(2,4)", "edge(4,6)", "edge(2,5)", "edge(4,7)"
          ]
        },
        {
          "Value": [
            "edge(1,2)", "edge(1,3)", "positive(3)", "positive(5)", "positive(7)", "decision(1,8)", "decision(2,11)", "decision(4,16)", "edge(2,4)", "edge(4,6)", "edge(2,5)", "edge(4,7)"
          ]
        },
        {
          "Value": [
            "edge(1,2)", "edge(1,3)", "positive(3)", "positive(7)", "decision(1,8)", "decision(2,12)", "decision(4,20)", "edge(2,4)", "edge(4,6)", "edge(2,5)", "edge(4,7)"
          ]
        },
        {
          "Value": [
            "edge(1,2)", "edge(1,3)", "positive(3)", "positive(5)", "positive(7)", "decision(1,8)", "decision(2,16)", "decision(4,11)", "edge(2,4)", "edge(4,6)", "edge(2,5)", "edge(4,7)"
          ]
        },
        {
          "Value": [
            "edge(1,2)", "edge(1,3)", "positive(3)", "positive(5)", "positive(7)", "decision(1,11)", "decision(2,3)", "decision(4,16)", "edge(2,4)", "edge(4,6)", "edge(2,5)", "edge(4,7)"
          ]
        },
        {
          "Value": [
            "edge(1,2)", "edge(1,3)", "positive(3)", "positive(5)", "positive(7)", "decision(1,11)", "decision(2,16)", "decision(4,8)", "edge(2,4)", "edge(4,6)", "edge(2,5)", "edge(4,7)"
          ]
        }
      ]
    }
  ],
  "Result": "SATISFIABLE",
  "Models": {
    "Number": 25,
    "More": "no"
  },
  "Calls": 1,
  "Time": {
    "Total": 0.009,
    "Solve": 0.003,
    "Model": 0.000,
    "Unsat": 0.000,
    "CPU": 0.009
  }
}
