{
  "Solver": "clingo version 5.6.2",
  "Input": [
    "decision-trees.lp","instances/instance-26-11.lp"
  ],
  "Call": [
    {
      "Witnesses": [
        {
          "Value": [
            "edge(1,2)", "edge(1,3)", "positive(3)", "positive(5)", "positive(9)", "positive(11)", "decision(1,18)", "decision(2,11)", "decision(4,13)", "decision(7,8)", "decision(8,22)", "edge(2,4)", "edge(4,6)", "edge(7,8)", "edge(8,10)", "edge(2,5)", "edge(4,7)", "edge(7,9)", "edge(8,11)"
          ]
        },
        {
          "Value": [
            "edge(1,2)", "edge(1,3)", "positive(3)", "positive(5)", "positive(9)", "positive(11)", "decision(1,16)", "decision(2,11)", "decision(4,13)", "decision(7,8)", "decision(8,22)", "edge(2,4)", "edge(4,6)", "edge(7,8)", "edge(8,10)", "edge(2,5)", "edge(4,7)", "edge(7,9)", "edge(8,11)"
          ]
        },
        {
          "Value": [
            "edge(1,2)", "edge(1,3)", "positive(3)", "positive(5)", "positive(9)", "positive(11)", "decision(1,16)", "decision(2,11)", "decision(4,13)", "decision(7,8)", "decision(8,1)", "edge(2,4)", "edge(4,6)", "edge(7,8)", "edge(8,10)", "edge(2,5)", "edge(4,7)", "edge(7,9)", "edge(8,11)"
          ]
        },
        {
          "Value": [
            "edge(1,2)", "edge(1,3)", "positive(3)", "positive(5)", "positive(9)", "positive(11)", "decision(1,16)", "decision(2,11)", "decision(4,13)", "decision(7,8)", "decision(8,10)", "edge(2,4)", "edge(4,6)", "edge(7,8)", "edge(8,10)", "edge(2,5)", "edge(4,7)", "edge(7,9)", "edge(8,11)"
          ]
        },
        {
          "Value": [
            "edge(1,2)", "edge(1,3)", "positive(3)", "positive(5)", "positive(9)", "positive(11)", "decision(1,16)", "decision(2,11)", "decision(4,13)", "decision(7,8)", "decision(8,5)", "edge(2,4)", "edge(4,6)", "edge(7,8)", "edge(8,10)", "edge(2,5)", "edge(4,7)", "edge(7,9)", "edge(8,11)"
          ]
        },
        {
          "Value": [
            "edge(1,2)", "edge(1,3)", "positive(3)", "positive(5)", "positive(9)", "positive(11)", "decision(1,16)", "decision(2,11)", "decision(4,13)", "decision(7,8)", "decision(8,21)", "edge(2,4)", "edge(4,6)", "edge(7,8)", "edge(8,10)", "edge(2,5)", "edge(4,7)", "edge(7,9)", "edge(8,11)"
          ]
        },
        {
          "Value": [
            "edge(1,2)", "edge(1,3)", "positive(3)", "positive(5)", "positive(9)", "positive(11)", "decision(1,11)", "decision(2,18)", "decision(4,13)", "decision(7,8)", "decision(8,22)", "edge(2,4)", "edge(4,6)", "edge(7,8)", "edge(8,10)", "edge(2,5)", "edge(4,7)", "edge(7,9)", "edge(8,11)"
          ]
        },
        {
          "Value": [
            "edge(1,2)", "edge(1,3)", "positive(3)", "positive(5)", "positive(9)", "positive(11)", "decision(1,11)", "decision(2,16)", "decision(4,13)", "decision(7,8)", "decision(8,22)", "edge(2,4)", "edge(4,6)", "edge(7,8)", "edge(8,10)", "edge(2,5)", "edge(4,7)", "edge(7,9)", "edge(8,11)"
          ]
        },
        {
          "Value": [
            "edge(1,2)", "edge(1,3)", "positive(3)", "positive(5)", "positive(9)", "positive(11)", "decision(1,11)", "decision(2,16)", "decision(4,13)", "decision(7,8)", "decision(8,1)", "edge(2,4)", "edge(4,6)", "edge(7,8)", "edge(8,10)", "edge(2,5)", "edge(4,7)", "edge(7,9)", "edge(8,11)"
          ]
        },
        {
          "Value": [
            "edge(1,2)", "edge(1,3)", "positive(3)", "positive(5)", "positive(9)", "positive(11)", "decision(1,11)", "decision(2,16)", "decision(4,13)", "decision(7,8)", "decision(8,10)", "edge(2,4)", "edge(4,6)", "edge(7,8)", "edge(8,10)", "edge(2,5)", "edge(4,7)", "edge(7,9)", "edge(8,11)"
          ]
        },
        {
          "Value": [
            "edge(1,2)", "edge(1,3)", "positive(3)", "positive(5)", "positive(9)", "positive(11)", "decision(1,11)", "decision(2,16)", "decision(4,13)", "decision(7,8)", "decision(8,5)", "edge(2,4)", "edge(4,6)", "edge(7,8)", "edge(8,10)", "edge(2,5)", "edge(4,7)", "edge(7,9)", "edge(8,11)"
          ]
        },
        {
          "Value": [
            "edge(1,2)", "edge(1,3)", "positive(3)", "positive(5)", "positive(9)", "positive(11)", "decision(1,11)", "decision(2,16)", "decision(4,13)", "decision(7,8)", "decision(8,21)", "edge(2,4)", "edge(4,6)", "edge(7,8)", "edge(8,10)", "edge(2,5)", "edge(4,7)", "edge(7,9)", "edge(8,11)"
          ]
        },
        {
          "Value": [
            "edge(1,2)", "edge(1,3)", "positive(5)", "positive(7)", "positive(9)", "positive(11)", "decision(1,13)", "decision(2,18)", "decision(3,8)", "decision(4,11)", "decision(6,22)", "edge(2,4)", "edge(3,6)", "edge(4,8)", "edge(6,10)", "edge(2,5)", "edge(3,7)", "edge(4,9)", "edge(6,11)"
          ]
        },
        {
          "Value": [
            "edge(1,2)", "edge(1,3)", "positive(5)", "positive(7)", "positive(9)", "positive(11)", "decision(1,13)", "decision(2,18)", "decision(3,22)", "decision(4,11)", "decision(6,8)", "edge(2,4)", "edge(3,6)", "edge(4,8)", "edge(6,10)", "edge(2,5)", "edge(3,7)", "edge(4,9)", "edge(6,11)"
          ]
        },
        {
          "Value": [
            "edge(1,2)", "edge(1,3)", "positive(5)", "positive(7)", "positive(9)", "positive(11)", "decision(1,13)", "decision(2,16)", "decision(3,8)", "decision(4,11)", "decision(6,22)", "edge(2,4)", "edge(3,6)", "edge(4,8)", "edge(6,10)", "edge(2,5)", "edge(3,7)", "edge(4,9)", "edge(6,11)"
          ]
        },
        {
          "Value": [
            "edge(1,2)", "edge(1,3)", "positive(5)", "positive(7)", "positive(9)", "positive(11)", "decision(1,13)", "decision(2,16)", "decision(3,22)", "decision(4,11)", "decision(6,8)", "edge(2,4)", "edge(3,6)", "edge(4,8)", "edge(6,10)", "edge(2,5)", "edge(3,7)", "edge(4,9)", "edge(6,11)"
          ]
        },
        {
          "Value": [
            "edge(1,2)", "edge(1,3)", "positive(5)", "positive(7)", "positive(9)", "positive(11)", "decision(1,13)", "decision(2,11)", "decision(3,22)", "decision(4,18)", "decision(6,8)", "edge(2,4)", "edge(3,6)", "edge(4,8)", "edge(6,10)", "edge(2,5)", "edge(3,7)", "edge(4,9)", "edge(6,11)"
          ]
        },
        {
          "Value": [
            "edge(1,2)", "edge(1,3)", "positive(5)", "positive(7)", "positive(9)", "positive(11)", "decision(1,13)", "decision(2,11)", "decision(3,22)", "decision(4,16)", "decision(6,8)", "edge(2,4)", "edge(3,6)", "edge(4,8)", "edge(6,10)", "edge(2,5)", "edge(3,7)", "edge(4,9)", "edge(6,11)"
          ]
        },
        {
          "Value": [
            "edge(1,2)", "edge(1,3)", "positive(5)", "positive(7)", "positive(9)", "positive(11)", "decision(1,13)", "decision(2,11)", "decision(3,8)", "decision(4,16)", "decision(6,22)", "edge(2,4)", "edge(3,6)", "edge(4,8)", "edge(6,10)", "edge(2,5)", "edge(3,7)", "edge(4,9)", "edge(6,11)"
          ]
        },
        {
          "Value": [
            "edge(1,2)", "edge(1,3)", "positive(5)", "positive(7)", "positive(9)", "positive(11)", "decision(1,13)", "decision(2,11)", "decision(3,8)", "decision(4,18)", "decision(6,22)", "edge(2,4)", "edge(3,6)", "edge(4,8)", "edge(6,10)", "edge(2,5)", "edge(3,7)", "edge(4,9)", "edge(6,11)"
          ]
        },
        {
          "Value": [
            "edge(1,2)", "edge(1,3)", "positive(3)", "positive(5)", "positive(9)", "positive(11)", "decision(1,16)", "decision(2,11)", "decision(4,13)", "decision(7,22)", "decision(8,10)", "edge(2,4)", "edge(4,6)", "edge(7,8)", "edge(8,10)", "edge(2,5)", "edge(4,7)", "edge(7,9)", "edge(8,11)"
          ]
        },
        {
          "Value": [
            "edge(1,2)", "edge(1,3)", "positive(3)", "positive(5)", "positive(9)", "positive(11)", "decision(1,16)", "decision(2,11)", "decision(4,13)", "decision(7,22)", "decision(8,8)", "edge(2,4)", "edge(4,6)", "edge(7,8)", "edge(8,10)", "edge(2,5)", "edge(4,7)", "edge(7,9)", "edge(8,11)"
          ]
        },
        {
          "Value": [
            "edge(1,2)", "edge(1,3)", "positive(3)", "positive(5)", "positive(9)", "positive(11)", "decision(1,16)", "decision(2,11)", "decision(4,13)", "decision(7,22)", "decision(8,1)", "edge(2,4)", "edge(4,6)", "edge(7,8)", "edge(8,10)", "edge(2,5)", "edge(4,7)", "edge(7,9)", "edge(8,11)"
          ]
        },
        {
          "Value": [
            "edge(1,2)", "edge(1,3)", "positive(3)", "positive(5)", "positive(9)", "positive(11)", "decision(1,16)", "decision(2,11)", "decision(4,13)", "decision(7,22)", "decision(8,5)", "edge(2,4)", "edge(4,6)", "edge(7,8)", "edge(8,10)", "edge(2,5)", "edge(4,7)", "edge(7,9)", "edge(8,11)"
          ]
        },
        {
          "Value": [
            "edge(1,2)", "edge(1,3)", "positive(3)", "positive(5)", "positive(9)", "positive(11)", "decision(1,16)", "decision(2,11)", "decision(4,13)", "decision(7,10)", "decision(8,8)", "edge(2,4)", "edge(4,6)", "edge(7,8)", "edge(8,10)", "edge(2,5)", "edge(4,7)", "edge(7,9)", "edge(8,11)"
          ]
        },
        {
          "Value": [
            "edge(1,2)", "edge(1,3)", "positive(3)", "positive(5)", "positive(9)", "positive(11)", "decision(1,16)", "decision(2,11)", "decision(4,13)", "decision(7,5)", "decision(8,8)", "edge(2,4)", "edge(4,6)", "edge(7,8)", "edge(8,10)", "edge(2,5)", "edge(4,7)", "edge(7,9)", "edge(8,11)"
          ]
        },
        {
          "Value": [
            "edge(1,2)", "edge(1,3)", "positive(3)", "positive(5)", "positive(9)", "positive(11)", "decision(1,16)", "decision(2,11)", "decision(4,13)", "decision(7,1)", "decision(8,8)", "edge(2,4)", "edge(4,6)", "edge(7,8)", "edge(8,10)", "edge(2,5)", "edge(4,7)", "edge(7,9)", "edge(8,11)"
          ]
        },
        {
          "Value": [
            "edge(1,2)", "edge(1,3)", "positive(3)", "positive(5)", "positive(9)", "positive(11)", "decision(1,16)", "decision(2,11)", "decision(4,13)", "decision(7,21)", "decision(8,8)", "edge(2,4)", "edge(4,6)", "edge(7,8)", "edge(8,10)", "edge(2,5)", "edge(4,7)", "edge(7,9)", "edge(8,11)"
          ]
        },
        {
          "Value": [
            "edge(1,2)", "edge(1,3)", "positive(3)", "positive(5)", "positive(9)", "positive(11)", "decision(1,16)", "decision(2,11)", "decision(4,13)", "decision(7,10)", "decision(8,22)", "edge(2,4)", "edge(4,6)", "edge(7,8)", "edge(8,10)", "edge(2,5)", "edge(4,7)", "edge(7,9)", "edge(8,11)"
          ]
        },
        {
          "Value": [
            "edge(1,2)", "edge(1,3)", "positive(3)", "positive(5)", "positive(9)", "positive(11)", "decision(1,16)", "decision(2,11)", "decision(4,13)", "decision(7,5)", "decision(8,22)", "edge(2,4)", "edge(4,6)", "edge(7,8)", "edge(8,10)", "edge(2,5)", "edge(4,7)", "edge(7,9)", "edge(8,11)"
          ]
        },
        {
          "Value": [
            "edge(1,2)", "edge(1,3)", "positive(3)", "positive(5)", "positive(9)", "positive(11)", "decision(1,16)", "decision(2,11)", "decision(4,13)", "decision(7,1)", "decision(8,22)", "edge(2,4)", "edge(4,6)", "edge(7,8)", "edge(8,10)", "edge(2,5)", "edge(4,7)", "edge(7,9)", "edge(8,11)"
          ]
        },
        {
          "Value": [
            "edge(1,2)", "edge(1,3)", "positive(3)", "positive(5)", "positive(9)", "positive(11)", "decision(1,11)", "decision(2,16)", "decision(4,13)", "decision(7,10)", "decision(8,8)", "edge(2,4)", "edge(4,6)", "edge(7,8)", "edge(8,10)", "edge(2,5)", "edge(4,7)", "edge(7,9)", "edge(8,11)"
          ]
        },
        {
          "Value": [
            "edge(1,2)", "edge(1,3)", "positive(3)", "positive(5)", "positive(9)", "positive(11)", "decision(1,11)", "decision(2,16)", "decision(4,13)", "decision(7,5)", "decision(8,8)", "edge(2,4)", "edge(4,6)", "edge(7,8)", "edge(8,10)", "edge(2,5)", "edge(4,7)", "edge(7,9)", "edge(8,11)"
          ]
        },
        {
          "Value": [
            "edge(1,2)", "edge(1,3)", "positive(3)", "positive(5)", "positive(9)", "positive(11)", "decision(1,18)", "decision(2,11)", "decision(4,13)", "decision(7,22)", "decision(8,8)", "edge(2,4)", "edge(4,6)", "edge(7,8)", "edge(8,10)", "edge(2,5)", "edge(4,7)", "edge(7,9)", "edge(8,11)"
          ]
        },
        {
          "Value": [
            "edge(1,2)", "edge(1,3)", "positive(3)", "positive(5)", "positive(9)", "positive(11)", "decision(1,11)", "decision(2,16)", "decision(4,13)", "decision(7,22)", "decision(8,8)", "edge(2,4)", "edge(4,6)", "edge(7,8)", "edge(8,10)", "edge(2,5)", "edge(4,7)", "edge(7,9)", "edge(8,11)"
          ]
        },
        {
          "Value": [
            "edge(1,2)", "edge(1,3)", "positive(3)", "positive(5)", "positive(9)", "positive(11)", "decision(1,11)", "decision(2,18)", "decision(4,13)", "decision(7,22)", "decision(8,8)", "edge(2,4)", "edge(4,6)", "edge(7,8)", "edge(8,10)", "edge(2,5)", "edge(4,7)", "edge(7,9)", "edge(8,11)"
          ]
        },
        {
          "Value": [
            "edge(1,2)", "edge(1,3)", "positive(3)", "positive(5)", "positive(9)", "positive(11)", "decision(1,11)", "decision(2,16)", "decision(4,13)", "decision(7,21)", "decision(8,8)", "edge(2,4)", "edge(4,6)", "edge(7,8)", "edge(8,10)", "edge(2,5)", "edge(4,7)", "edge(7,9)", "edge(8,11)"
          ]
        },
        {
          "Value": [
            "edge(1,2)", "edge(1,3)", "positive(3)", "positive(5)", "positive(9)", "positive(11)", "decision(1,11)", "decision(2,16)", "decision(4,13)", "decision(7,1)", "decision(8,8)", "edge(2,4)", "edge(4,6)", "edge(7,8)", "edge(8,10)", "edge(2,5)", "edge(4,7)", "edge(7,9)", "edge(8,11)"
          ]
        },
        {
          "Value": [
            "edge(1,2)", "edge(1,3)", "positive(3)", "positive(5)", "positive(9)", "positive(11)", "decision(1,11)", "decision(2,16)", "decision(4,13)", "decision(7,5)", "decision(8,22)", "edge(2,4)", "edge(4,6)", "edge(7,8)", "edge(8,10)", "edge(2,5)", "edge(4,7)", "edge(7,9)", "edge(8,11)"
          ]
        },
        {
          "Value": [
            "edge(1,2)", "edge(1,3)", "positive(3)", "positive(5)", "positive(9)", "positive(11)", "decision(1,11)", "decision(2,16)", "decision(4,13)", "decision(7,10)", "decision(8,22)", "edge(2,4)", "edge(4,6)", "edge(7,8)", "edge(8,10)", "edge(2,5)", "edge(4,7)", "edge(7,9)", "edge(8,11)"
          ]
        },
        {
          "Value": [
            "edge(1,2)", "edge(1,3)", "positive(3)", "positive(5)", "positive(9)", "positive(11)", "decision(1,11)", "decision(2,16)", "decision(4,13)", "decision(7,22)", "decision(8,10)", "edge(2,4)", "edge(4,6)", "edge(7,8)", "edge(8,10)", "edge(2,5)", "edge(4,7)", "edge(7,9)", "edge(8,11)"
          ]
        },
        {
          "Value": [
            "edge(1,2)", "edge(1,3)", "positive(3)", "positive(5)", "positive(9)", "positive(11)", "decision(1,11)", "decision(2,16)", "decision(4,13)", "decision(7,22)", "decision(8,1)", "edge(2,4)", "edge(4,6)", "edge(7,8)", "edge(8,10)", "edge(2,5)", "edge(4,7)", "edge(7,9)", "edge(8,11)"
          ]
        },
        {
          "Value": [
            "edge(1,2)", "edge(1,3)", "positive(3)", "positive(5)", "positive(9)", "positive(11)", "decision(1,11)", "decision(2,16)", "decision(4,13)", "decision(7,22)", "decision(8,5)", "edge(2,4)", "edge(4,6)", "edge(7,8)", "edge(8,10)", "edge(2,5)", "edge(4,7)", "edge(7,9)", "edge(8,11)"
          ]
        },
        {
          "Value": [
            "edge(1,2)", "edge(1,3)", "positive(3)", "positive(5)", "positive(9)", "positive(11)", "decision(1,11)", "decision(2,16)", "decision(4,13)", "decision(7,1)", "decision(8,22)", "edge(2,4)", "edge(4,6)", "edge(7,8)", "edge(8,10)", "edge(2,5)", "edge(4,7)", "edge(7,9)", "edge(8,11)"
          ]
        },
        {
          "Value": [
            "edge(1,2)", "edge(1,3)", "positive(3)", "positive(5)", "positive(9)", "positive(11)", "decision(1,16)", "decision(2,11)", "decision(4,22)", "decision(6,10)", "decision(7,13)", "edge(2,4)", "edge(4,6)", "edge(6,8)", "edge(7,10)", "edge(2,5)", "edge(4,7)", "edge(6,9)", "edge(7,11)"
          ]
        },
        {
          "Value": [
            "edge(1,2)", "edge(1,3)", "positive(3)", "positive(5)", "positive(9)", "positive(11)", "decision(1,16)", "decision(2,11)", "decision(4,22)", "decision(6,1)", "decision(7,13)", "edge(2,4)", "edge(4,6)", "edge(6,8)", "edge(7,10)", "edge(2,5)", "edge(4,7)", "edge(6,9)", "edge(7,11)"
          ]
        },
        {
          "Value": [
            "edge(1,2)", "edge(1,3)", "positive(3)", "positive(5)", "positive(9)", "positive(11)", "decision(1,16)", "decision(2,11)", "decision(4,22)", "decision(6,5)", "decision(7,13)", "edge(2,4)", "edge(4,6)", "edge(6,8)", "edge(7,10)", "edge(2,5)", "edge(4,7)", "edge(6,9)", "edge(7,11)"
          ]
        },
        {
          "Value": [
            "edge(1,2)", "edge(1,3)", "positive(3)", "positive(5)", "positive(9)", "positive(11)", "decision(1,11)", "decision(2,16)", "decision(4,22)", "decision(6,10)", "decision(7,13)", "edge(2,4)", "edge(4,6)", "edge(6,8)", "edge(7,10)", "edge(2,5)", "edge(4,7)", "edge(6,9)", "edge(7,11)"
          ]
        },
        {
          "Value": [
            "edge(1,2)", "edge(1,3)", "positive(3)", "positive(5)", "positive(9)", "positive(11)", "decision(1,11)", "decision(2,16)", "decision(4,22)", "decision(6,1)", "decision(7,13)", "edge(2,4)", "edge(4,6)", "edge(6,8)", "edge(7,10)", "edge(2,5)", "edge(4,7)", "edge(6,9)", "edge(7,11)"
          ]
        },
        {
          "Value": [
            "edge(1,2)", "edge(1,3)", "positive(3)", "positive(5)", "positive(9)", "positive(11)", "decision(1,11)", "decision(2,16)", "decision(4,22)", "decision(6,5)", "decision(7,13)", "edge(2,4)", "edge(4,6)", "edge(6,8)", "edge(7,10)", "edge(2,5)", "edge(4,7)", "edge(6,9)", "edge(7,11)"
          ]
        },
        {
          "Value": [
            "edge(1,2)", "edge(1,3)", "positive(3)", "positive(7)", "positive(9)", "positive(11)", "decision(1,16)", "decision(2,13)", "decision(4,11)", "decision(5,22)", "decision(8,10)", "edge(2,4)", "edge(4,6)", "edge(5,8)", "edge(8,10)", "edge(2,5)", "edge(4,7)", "edge(5,9)", "edge(8,11)"
          ]
        },
        {
          "Value": [
            "edge(1,2)", "edge(1,3)", "positive(3)", "positive(7)", "positive(9)", "positive(11)", "decision(1,16)", "decision(2,13)", "decision(4,11)", "decision(5,8)", "decision(8,22)", "edge(2,4)", "edge(4,6)", "edge(5,8)", "edge(8,10)", "edge(2,5)", "edge(4,7)", "edge(5,9)", "edge(8,11)"
          ]
        },
        {
          "Value": [
            "edge(1,2)", "edge(1,3)", "positive(3)", "positive(7)", "positive(9)", "positive(11)", "decision(1,16)", "decision(2,13)", "decision(4,11)", "decision(5,5)", "decision(8,22)", "edge(2,4)", "edge(4,6)", "edge(5,8)", "edge(8,10)", "edge(2,5)", "edge(4,7)", "edge(5,9)", "edge(8,11)"
          ]
        },
        {
          "Value": [
            "edge(1,2)", "edge(1,3)", "positive(3)", "positive(7)", "positive(9)", "positive(11)", "decision(1,16)", "decision(2,13)", "decision(4,11)", "decision(5,10)", "decision(8,22)", "edge(2,4)", "edge(4,6)", "edge(5,8)", "edge(8,10)", "edge(2,5)", "edge(4,7)", "edge(5,9)", "edge(8,11)"
          ]
        },
        {
          "Value": [
            "edge(1,2)", "edge(1,3)", "positive(3)", "positive(7)", "positive(9)", "positive(11)", "decision(1,16)", "decision(2,13)", "decision(4,11)", "decision(5,1)", "decision(8,22)", "edge(2,4)", "edge(4,6)", "edge(5,8)", "edge(8,10)", "edge(2,5)", "edge(4,7)", "edge(5,9)", "edge(8,11)"
          ]
        },
        {
          "Value": [
            "edge(1,2)", "edge(1,3)", "positive(3)", "positive(7)", "positive(9)", "positive(11)", "decision(1,16)", "decision(2,13)", "decision(4,11)", "decision(5,22)", "decision(8,5)", "edge(2,4)", "edge(4,6)", "edge(5,8)", "edge(8,10)", "edge(2,5)", "edge(4,7)", "edge(5,9)", "edge(8,11)"
          ]
        },
        {
          "Value": [
            "edge(1,2)", "edge(1,3)", "positive(3)", "positive(7)", "positive(9)", "positive(11)", "decision(1,16)", "decision(2,13)", "decision(4,11)", "decision(5,22)", "decision(8,8)", "edge(2,4)", "edge(4,6)", "edge(5,8)", "edge(8,10)", "edge(2,5)", "edge(4,7)", "edge(5,9)", "edge(8,11)"
          ]
        },
        {
          "Value": [
            "edge(1,2)", "edge(1,3)", "positive(3)", "positive(7)", "positive(9)", "positive(11)", "decision(1,16)", "decision(2,13)", "decision(4,11)", "decision(5,22)", "decision(8,1)", "edge(2,4)", "edge(4,6)", "edge(5,8)", "edge(8,10)", "edge(2,5)", "edge(4,7)", "edge(5,9)", "edge(8,11)"
          ]
        },
        {
          "Value": [
            "edge(1,2)", "edge(1,3)", "positive(3)", "positive(7)", "positive(9)", "positive(11)", "decision(1,16)", "decision(2,13)", "decision(4,11)", "decision(5,8)", "decision(8,10)", "edge(2,4)", "edge(4,6)", "edge(5,8)", "edge(8,10)", "edge(2,5)", "edge(4,7)", "edge(5,9)", "edge(8,11)"
          ]
        },
        {
          "Value": [
            "edge(1,2)", "edge(1,3)", "positive(3)", "positive(7)", "positive(9)", "positive(11)", "decision(1,16)", "decision(2,13)", "decision(4,11)", "decision(5,8)", "decision(8,5)", "edge(2,4)", "edge(4,6)", "edge(5,8)", "edge(8,10)", "edge(2,5)", "edge(4,7)", "edge(5,9)", "edge(8,11)"
          ]
        },
        {
          "Value": [
            "edge(1,2)", "edge(1,3)", "positive(3)", "positive(7)", "positive(9)", "positive(11)", "decision(1,16)", "decision(2,13)", "decision(4,11)", "decision(5,5)", "decision(8,8)", "edge(2,4)", "edge(4,6)", "edge(5,8)", "edge(8,10)", "edge(2,5)", "edge(4,7)", "edge(5,9)", "edge(8,11)"
          ]
        },
        {
          "Value": [
            "edge(1,2)", "edge(1,3)", "positive(3)", "positive(7)", "positive(9)", "positive(11)", "decision(1,16)", "decision(2,13)", "decision(4,11)", "decision(5,10)", "decision(8,8)", "edge(2,4)", "edge(4,6)", "edge(5,8)", "edge(8,10)", "edge(2,5)", "edge(4,7)", "edge(5,9)", "edge(8,11)"
          ]
        },
        {
          "Value": [
            "edge(1,2)", "edge(1,3)", "positive(3)", "positive(7)", "positive(9)", "positive(11)", "decision(1,16)", "decision(2,13)", "decision(4,11)", "decision(5,1)", "decision(8,8)", "edge(2,4)", "edge(4,6)", "edge(5,8)", "edge(8,10)", "edge(2,5)", "edge(4,7)", "edge(5,9)", "edge(8,11)"
          ]
        },
        {
          "Value": [
            "edge(1,2)", "edge(1,3)", "positive(3)", "positive(7)", "positive(9)", "positive(11)", "decision(1,16)", "decision(2,13)", "decision(4,11)", "decision(5,21)", "decision(8,8)", "edge(2,4)", "edge(4,6)", "edge(5,8)", "edge(8,10)", "edge(2,5)", "edge(4,7)", "edge(5,9)", "edge(8,11)"
          ]
        },
        {
          "Value": [
            "edge(1,2)", "edge(1,3)", "positive(3)", "positive(7)", "positive(9)", "positive(11)", "decision(1,16)", "decision(2,13)", "decision(4,11)", "decision(5,8)", "decision(8,1)", "edge(2,4)", "edge(4,6)", "edge(5,8)", "edge(8,10)", "edge(2,5)", "edge(4,7)", "edge(5,9)", "edge(8,11)"
          ]
        },
        {
          "Value": [
            "edge(1,2)", "edge(1,3)", "positive(3)", "positive(7)", "positive(9)", "positive(11)", "decision(1,16)", "decision(2,13)", "decision(4,11)", "decision(5,8)", "decision(8,21)", "edge(2,4)", "edge(4,6)", "edge(5,8)", "edge(8,10)", "edge(2,5)", "edge(4,7)", "edge(5,9)", "edge(8,11)"
          ]
        },
        {
          "Value": [
            "edge(1,2)", "edge(1,3)", "positive(3)", "positive(7)", "positive(9)", "positive(11)", "decision(1,11)", "decision(2,13)", "decision(4,16)", "decision(5,22)", "decision(8,8)", "edge(2,4)", "edge(4,6)", "edge(5,8)", "edge(8,10)", "edge(2,5)", "edge(4,7)", "edge(5,9)", "edge(8,11)"
          ]
        },
        {
          "Value": [
            "edge(1,2)", "edge(1,3)", "positive(3)", "positive(7)", "positive(9)", "positive(11)", "decision(1,11)", "decision(2,13)", "decision(4,16)", "decision(5,8)", "decision(8,22)", "edge(2,4)", "edge(4,6)", "edge(5,8)", "edge(8,10)", "edge(2,5)", "edge(4,7)", "edge(5,9)", "edge(8,11)"
          ]
        },
        {
          "Value": [
            "edge(1,2)", "edge(1,3)", "positive(3)", "positive(7)", "positive(9)", "positive(11)", "decision(1,18)", "decision(2,13)", "decision(4,11)", "decision(5,22)", "decision(8,8)", "edge(2,4)", "edge(4,6)", "edge(5,8)", "edge(8,10)", "edge(2,5)", "edge(4,7)", "edge(5,9)", "edge(8,11)"
          ]
        },
        {
          "Value": [
            "edge(1,2)", "edge(1,3)", "positive(3)", "positive(7)", "positive(9)", "positive(11)", "decision(1,11)", "decision(2,13)", "decision(4,18)", "decision(5,22)", "decision(8,8)", "edge(2,4)", "edge(4,6)", "edge(5,8)", "edge(8,10)", "edge(2,5)", "edge(4,7)", "edge(5,9)", "edge(8,11)"
          ]
        },
        {
          "Value": [
            "edge(1,2)", "edge(1,3)", "positive(3)", "positive(7)", "positive(9)", "positive(11)", "decision(1,11)", "decision(2,13)", "decision(4,18)", "decision(5,8)", "decision(8,22)", "edge(2,4)", "edge(4,6)", "edge(5,8)", "edge(8,10)", "edge(2,5)", "edge(4,7)", "edge(5,9)", "edge(8,11)"
          ]
        },
        {
          "Value": [
            "edge(1,2)", "edge(1,3)", "positive(3)", "positive(7)", "positive(9)", "positive(11)", "decision(1,18)", "decision(2,13)", "decision(4,11)", "decision(5,8)", "decision(8,22)", "edge(2,4)", "edge(4,6)", "edge(5,8)", "edge(8,10)", "edge(2,5)", "edge(4,7)", "edge(5,9)", "edge(8,11)"
          ]
        }
      ]
    }
  ],
  "Result": "SATISFIABLE",
  "Models": {
    "Number": 72,
    "More": "no"
  },
  "Calls": 1,
  "Time": {
    "Total": 0.083,
    "Solve": 0.069,
    "Model": 0.003,
    "Unsat": 0.008,
    "CPU": 0.083
  }
}
