{
  "Solver": "clingo version 5.6.2",
  "Input": [
    "decision-trees.lp","instances/instance-02-03.lp"
  ],
  "Call": [
    {
      "Witnesses": [
        {
          "Value": [
            "edge(1,2)", "edge(1,3)", "positive(3)", "decision(1,8)"
          ]
        },
        {
          "Value": [
            "edge(1,2)", "edge(1,3)", "positive(3)", "decision(1,9)"
          ]
        },
        {
          "Value": [
            "edge(1,2)", "edge(1,3)", "positive(3)", "decision(1,3)"
          ]
        },
        {
          "Value": [
            "edge(1,2)", "edge(1,3)", "positive(3)", "decision(1,14)"
          ]
        },
        {
          "Value": [
            "edge(1,2)", "edge(1,3)", "positive(3)", "decision(1,22)"
          ]
        },
        {
          "Value": [
            "edge(1,2)", "edge(1,3)", "positive(3)", "decision(1,4)"
          ]
        }
      ]
    }
  ],
  "Result": "SATISFIABLE",
  "Models": {
    "Number": 6,
    "More": "no"
  },
  "Calls": 1,
  "Time": {
    "Total": 0.002,
    "Solve": 0.000,
    "Model": 0.000,
    "Unsat": 0.000,
    "CPU": 0.001
  }
}
