{
  "Solver": "clingo version 5.6.2",
  "Input": [
    "decision-trees.lp","instances/instance-48-21.lp"
  ],
  "Call": [
    {
      "Witnesses": [
        {
          "Value": [
            "edge(1,2)", "edge(1,3)", "positive(3)", "positive(7)", "positive(9)", "positive(13)", "positive(15)", "positive(17)", "positive(21)", "decision(1,17)", "decision(2,5)", "decision(4,16)", "decision(5,13)", "decision(6,21)", "decision(8,6)", "decision(10,7)", "decision(11,22)", "decision(14,8)", "decision(19,13)", "edge(2,4)", "edge(4,6)", "edge(5,8)", "edge(6,10)", "edge(8,12)", "edge(10,14)", "edge(11,16)", "edge(14,18)", "edge(19,20)", "edge(2,5)", "edge(4,7)", "edge(5,9)", "edge(6,11)", "edge(8,13)", "edge(10,15)", "edge(11,17)", "edge(14,19)", "edge(19,21)"
          ]
        },
        {
          "Value": [
            "edge(1,2)", "edge(1,3)", "positive(3)", "positive(7)", "positive(9)", "positive(13)", "positive(15)", "positive(17)", "positive(21)", "decision(1,17)", "decision(2,5)", "decision(4,16)", "decision(5,13)", "decision(6,21)", "decision(8,6)", "decision(10,7)", "decision(11,22)", "decision(14,13)", "decision(19,8)", "edge(2,4)", "edge(4,6)", "edge(5,8)", "edge(6,10)", "edge(8,12)", "edge(10,14)", "edge(11,16)", "edge(14,18)", "edge(19,20)", "edge(2,5)", "edge(4,7)", "edge(5,9)", "edge(6,11)", "edge(8,13)", "edge(10,15)", "edge(11,17)", "edge(14,19)", "edge(19,21)"
          ]
        },
        {
          "Value": [
            "edge(1,2)", "edge(1,3)", "positive(3)", "positive(7)", "positive(9)", "positive(13)", "positive(15)", "positive(17)", "positive(21)", "decision(1,17)", "decision(2,5)", "decision(4,16)", "decision(5,6)", "decision(6,21)", "decision(8,13)", "decision(10,7)", "decision(11,22)", "decision(14,8)", "decision(19,13)", "edge(2,4)", "edge(4,6)", "edge(5,8)", "edge(6,10)", "edge(8,12)", "edge(10,14)", "edge(11,16)", "edge(14,18)", "edge(19,20)", "edge(2,5)", "edge(4,7)", "edge(5,9)", "edge(6,11)", "edge(8,13)", "edge(10,15)", "edge(11,17)", "edge(14,19)", "edge(19,21)"
          ]
        },
        {
          "Value": [
            "edge(1,2)", "edge(1,3)", "positive(3)", "positive(7)", "positive(9)", "positive(13)", "positive(15)", "positive(17)", "positive(21)", "decision(1,17)", "decision(2,5)", "decision(4,16)", "decision(5,6)", "decision(6,21)", "decision(8,13)", "decision(10,7)", "decision(11,22)", "decision(14,13)", "decision(19,8)", "edge(2,4)", "edge(4,6)", "edge(5,8)", "edge(6,10)", "edge(8,12)", "edge(10,14)", "edge(11,16)", "edge(14,18)", "edge(19,20)", "edge(2,5)", "edge(4,7)", "edge(5,9)", "edge(6,11)", "edge(8,13)", "edge(10,15)", "edge(11,17)", "edge(14,19)", "edge(19,21)"
          ]
        },
        {
          "Value": [
            "edge(1,2)", "edge(1,3)", "positive(3)", "positive(7)", "positive(9)", "positive(13)", "positive(17)", "positive(19)", "positive(21)", "decision(1,17)", "decision(2,5)", "decision(4,16)", "decision(5,6)", "decision(6,21)", "decision(8,13)", "decision(10,13)", "decision(11,22)", "decision(14,7)", "decision(15,8)", "edge(2,4)", "edge(4,6)", "edge(5,8)", "edge(6,10)", "edge(8,12)", "edge(10,14)", "edge(11,16)", "edge(14,18)", "edge(15,20)", "edge(2,5)", "edge(4,7)", "edge(5,9)", "edge(6,11)", "edge(8,13)", "edge(10,15)", "edge(11,17)", "edge(14,19)", "edge(15,21)"
          ]
        },
        {
          "Value": [
            "edge(1,2)", "edge(1,3)", "positive(3)", "positive(7)", "positive(9)", "positive(13)", "positive(17)", "positive(19)", "positive(21)", "decision(1,17)", "decision(2,5)", "decision(4,16)", "decision(5,13)", "decision(6,21)", "decision(8,6)", "decision(10,13)", "decision(11,22)", "decision(14,7)", "decision(15,8)", "edge(2,4)", "edge(4,6)", "edge(5,8)", "edge(6,10)", "edge(8,12)", "edge(10,14)", "edge(11,16)", "edge(14,18)", "edge(15,20)", "edge(2,5)", "edge(4,7)", "edge(5,9)", "edge(6,11)", "edge(8,13)", "edge(10,15)", "edge(11,17)", "edge(14,19)", "edge(15,21)"
          ]
        },
        {
          "Value": [
            "edge(1,2)", "edge(1,3)", "positive(5)", "positive(7)", "positive(11)", "positive(15)", "positive(17)", "positive(19)", "positive(21)", "decision(1,5)", "decision(2,16)", "decision(3,6)", "decision(4,21)", "decision(6,13)", "decision(8,13)", "decision(9,22)", "decision(12,7)", "decision(13,8)", "decision(16,17)", "edge(2,4)", "edge(3,6)", "edge(4,8)", "edge(6,10)", "edge(8,12)", "edge(9,14)", "edge(12,16)", "edge(13,18)", "edge(16,20)", "edge(2,5)", "edge(3,7)", "edge(4,9)", "edge(6,11)", "edge(8,13)", "edge(9,15)", "edge(12,17)", "edge(13,19)", "edge(16,21)"
          ]
        },
        {
          "Value": [
            "edge(1,2)", "edge(1,3)", "positive(5)", "positive(7)", "positive(11)", "positive(15)", "positive(17)", "positive(19)", "positive(21)", "decision(1,5)", "decision(2,16)", "decision(3,6)", "decision(4,21)", "decision(6,13)", "decision(8,13)", "decision(9,22)", "decision(12,17)", "decision(13,8)", "decision(16,7)", "edge(2,4)", "edge(3,6)", "edge(4,8)", "edge(6,10)", "edge(8,12)", "edge(9,14)", "edge(12,16)", "edge(13,18)", "edge(16,20)", "edge(2,5)", "edge(3,7)", "edge(4,9)", "edge(6,11)", "edge(8,13)", "edge(9,15)", "edge(12,17)", "edge(13,19)", "edge(16,21)"
          ]
        },
        {
          "Value": [
            "edge(1,2)", "edge(1,3)", "positive(5)", "positive(7)", "positive(11)", "positive(15)", "positive(17)", "positive(19)", "positive(21)", "decision(1,5)", "decision(2,16)", "decision(3,13)", "decision(4,21)", "decision(6,6)", "decision(8,13)", "decision(9,22)", "decision(12,17)", "decision(13,8)", "decision(16,7)", "edge(2,4)", "edge(3,6)", "edge(4,8)", "edge(6,10)", "edge(8,12)", "edge(9,14)", "edge(12,16)", "edge(13,18)", "edge(16,20)", "edge(2,5)", "edge(3,7)", "edge(4,9)", "edge(6,11)", "edge(8,13)", "edge(9,15)", "edge(12,17)", "edge(13,19)", "edge(16,21)"
          ]
        },
        {
          "Value": [
            "edge(1,2)", "edge(1,3)", "positive(5)", "positive(7)", "positive(11)", "positive(15)", "positive(17)", "positive(19)", "positive(21)", "decision(1,5)", "decision(2,16)", "decision(3,13)", "decision(4,21)", "decision(6,6)", "decision(8,13)", "decision(9,22)", "decision(12,7)", "decision(13,8)", "decision(16,17)", "edge(2,4)", "edge(3,6)", "edge(4,8)", "edge(6,10)", "edge(8,12)", "edge(9,14)", "edge(12,16)", "edge(13,18)", "edge(16,20)", "edge(2,5)", "edge(3,7)", "edge(4,9)", "edge(6,11)", "edge(8,13)", "edge(9,15)", "edge(12,17)", "edge(13,19)", "edge(16,21)"
          ]
        },
        {
          "Value": [
            "edge(1,2)", "edge(1,3)", "positive(5)", "positive(7)", "positive(9)", "positive(11)", "positive(15)", "positive(17)", "positive(21)", "decision(1,5)", "decision(2,16)", "decision(3,6)", "decision(4,17)", "decision(6,13)", "decision(8,21)", "decision(12,7)", "decision(13,22)", "decision(14,8)", "decision(19,13)", "edge(2,4)", "edge(3,6)", "edge(4,8)", "edge(6,10)", "edge(8,12)", "edge(12,14)", "edge(13,16)", "edge(14,18)", "edge(19,20)", "edge(2,5)", "edge(3,7)", "edge(4,9)", "edge(6,11)", "edge(8,13)", "edge(12,15)", "edge(13,17)", "edge(14,19)", "edge(19,21)"
          ]
        },
        {
          "Value": [
            "edge(1,2)", "edge(1,3)", "positive(5)", "positive(7)", "positive(9)", "positive(11)", "positive(15)", "positive(17)", "positive(21)", "decision(1,5)", "decision(2,16)", "decision(3,13)", "decision(4,17)", "decision(6,6)", "decision(8,21)", "decision(12,7)", "decision(13,22)", "decision(14,8)", "decision(19,13)", "edge(2,4)", "edge(3,6)", "edge(4,8)", "edge(6,10)", "edge(8,12)", "edge(12,14)", "edge(13,16)", "edge(14,18)", "edge(19,20)", "edge(2,5)", "edge(3,7)", "edge(4,9)", "edge(6,11)", "edge(8,13)", "edge(12,15)", "edge(13,17)", "edge(14,19)", "edge(19,21)"
          ]
        },
        {
          "Value": [
            "edge(1,2)", "edge(1,3)", "positive(5)", "positive(7)", "positive(9)", "positive(11)", "positive(15)", "positive(17)", "positive(21)", "decision(1,5)", "decision(2,17)", "decision(3,6)", "decision(4,16)", "decision(6,13)", "decision(8,21)", "decision(12,7)", "decision(13,22)", "decision(14,8)", "decision(19,13)", "edge(2,4)", "edge(3,6)", "edge(4,8)", "edge(6,10)", "edge(8,12)", "edge(12,14)", "edge(13,16)", "edge(14,18)", "edge(19,20)", "edge(2,5)", "edge(3,7)", "edge(4,9)", "edge(6,11)", "edge(8,13)", "edge(12,15)", "edge(13,17)", "edge(14,19)", "edge(19,21)"
          ]
        },
        {
          "Value": [
            "edge(1,2)", "edge(1,3)", "positive(5)", "positive(7)", "positive(9)", "positive(11)", "positive(15)", "positive(17)", "positive(21)", "decision(1,5)", "decision(2,17)", "decision(3,13)", "decision(4,16)", "decision(6,6)", "decision(8,21)", "decision(12,7)", "decision(13,22)", "decision(14,8)", "decision(19,13)", "edge(2,4)", "edge(3,6)", "edge(4,8)", "edge(6,10)", "edge(8,12)", "edge(12,14)", "edge(13,16)", "edge(14,18)", "edge(19,20)", "edge(2,5)", "edge(3,7)", "edge(4,9)", "edge(6,11)", "edge(8,13)", "edge(12,15)", "edge(13,17)", "edge(14,19)", "edge(19,21)"
          ]
        },
        {
          "Value": [
            "edge(1,2)", "edge(1,3)", "positive(5)", "positive(7)", "positive(9)", "positive(11)", "positive(15)", "positive(17)", "positive(21)", "decision(1,5)", "decision(2,16)", "decision(3,6)", "decision(4,17)", "decision(6,13)", "decision(8,21)", "decision(12,7)", "decision(13,22)", "decision(14,13)", "decision(19,8)", "edge(2,4)", "edge(3,6)", "edge(4,8)", "edge(6,10)", "edge(8,12)", "edge(12,14)", "edge(13,16)", "edge(14,18)", "edge(19,20)", "edge(2,5)", "edge(3,7)", "edge(4,9)", "edge(6,11)", "edge(8,13)", "edge(12,15)", "edge(13,17)", "edge(14,19)", "edge(19,21)"
          ]
        },
        {
          "Value": [
            "edge(1,2)", "edge(1,3)", "positive(5)", "positive(7)", "positive(9)", "positive(11)", "positive(15)", "positive(17)", "positive(21)", "decision(1,5)", "decision(2,17)", "decision(3,6)", "decision(4,16)", "decision(6,13)", "decision(8,21)", "decision(12,7)", "decision(13,22)", "decision(14,13)", "decision(19,8)", "edge(2,4)", "edge(3,6)", "edge(4,8)", "edge(6,10)", "edge(8,12)", "edge(12,14)", "edge(13,16)", "edge(14,18)", "edge(19,20)", "edge(2,5)", "edge(3,7)", "edge(4,9)", "edge(6,11)", "edge(8,13)", "edge(12,15)", "edge(13,17)", "edge(14,19)", "edge(19,21)"
          ]
        },
        {
          "Value": [
            "edge(1,2)", "edge(1,3)", "positive(5)", "positive(7)", "positive(9)", "positive(11)", "positive(15)", "positive(17)", "positive(21)", "decision(1,5)", "decision(2,16)", "decision(3,13)", "decision(4,17)", "decision(6,6)", "decision(8,21)", "decision(12,7)", "decision(13,22)", "decision(14,13)", "decision(19,8)", "edge(2,4)", "edge(3,6)", "edge(4,8)", "edge(6,10)", "edge(8,12)", "edge(12,14)", "edge(13,16)", "edge(14,18)", "edge(19,20)", "edge(2,5)", "edge(3,7)", "edge(4,9)", "edge(6,11)", "edge(8,13)", "edge(12,15)", "edge(13,17)", "edge(14,19)", "edge(19,21)"
          ]
        },
        {
          "Value": [
            "edge(1,2)", "edge(1,3)", "positive(5)", "positive(7)", "positive(9)", "positive(11)", "positive(15)", "positive(17)", "positive(21)", "decision(1,5)", "decision(2,17)", "decision(3,13)", "decision(4,16)", "decision(6,6)", "decision(8,21)", "decision(12,7)", "decision(13,22)", "decision(14,13)", "decision(19,8)", "edge(2,4)", "edge(3,6)", "edge(4,8)", "edge(6,10)", "edge(8,12)", "edge(12,14)", "edge(13,16)", "edge(14,18)", "edge(19,20)", "edge(2,5)", "edge(3,7)", "edge(4,9)", "edge(6,11)", "edge(8,13)", "edge(12,15)", "edge(13,17)", "edge(14,19)", "edge(19,21)"
          ]
        },
        {
          "Value": [
            "edge(1,2)", "edge(1,3)", "positive(5)", "positive(7)", "positive(9)", "positive(11)", "positive(17)", "positive(19)", "positive(21)", "decision(1,5)", "decision(2,16)", "decision(3,6)", "decision(4,17)", "decision(6,13)", "decision(8,21)", "decision(12,13)", "decision(13,22)", "decision(14,7)", "decision(15,8)", "edge(2,4)", "edge(3,6)", "edge(4,8)", "edge(6,10)", "edge(8,12)", "edge(12,14)", "edge(13,16)", "edge(14,18)", "edge(15,20)", "edge(2,5)", "edge(3,7)", "edge(4,9)", "edge(6,11)", "edge(8,13)", "edge(12,15)", "edge(13,17)", "edge(14,19)", "edge(15,21)"
          ]
        },
        {
          "Value": [
            "edge(1,2)", "edge(1,3)", "positive(5)", "positive(7)", "positive(9)", "positive(11)", "positive(17)", "positive(19)", "positive(21)", "decision(1,5)", "decision(2,17)", "decision(3,6)", "decision(4,16)", "decision(6,13)", "decision(8,21)", "decision(12,13)", "decision(13,22)", "decision(14,7)", "decision(15,8)", "edge(2,4)", "edge(3,6)", "edge(4,8)", "edge(6,10)", "edge(8,12)", "edge(12,14)", "edge(13,16)", "edge(14,18)", "edge(15,20)", "edge(2,5)", "edge(3,7)", "edge(4,9)", "edge(6,11)", "edge(8,13)", "edge(12,15)", "edge(13,17)", "edge(14,19)", "edge(15,21)"
          ]
        },
        {
          "Value": [
            "edge(1,2)", "edge(1,3)", "positive(5)", "positive(7)", "positive(9)", "positive(11)", "positive(17)", "positive(19)", "positive(21)", "decision(1,5)", "decision(2,17)", "decision(3,13)", "decision(4,16)", "decision(6,6)", "decision(8,21)", "decision(12,13)", "decision(13,22)", "decision(14,7)", "decision(15,8)", "edge(2,4)", "edge(3,6)", "edge(4,8)", "edge(6,10)", "edge(8,12)", "edge(12,14)", "edge(13,16)", "edge(14,18)", "edge(15,20)", "edge(2,5)", "edge(3,7)", "edge(4,9)", "edge(6,11)", "edge(8,13)", "edge(12,15)", "edge(13,17)", "edge(14,19)", "edge(15,21)"
          ]
        },
        {
          "Value": [
            "edge(1,2)", "edge(1,3)", "positive(5)", "positive(7)", "positive(9)", "positive(11)", "positive(17)", "positive(19)", "positive(21)", "decision(1,5)", "decision(2,16)", "decision(3,13)", "decision(4,17)", "decision(6,6)", "decision(8,21)", "decision(12,13)", "decision(13,22)", "decision(14,7)", "decision(15,8)", "edge(2,4)", "edge(3,6)", "edge(4,8)", "edge(6,10)", "edge(8,12)", "edge(12,14)", "edge(13,16)", "edge(14,18)", "edge(15,20)", "edge(2,5)", "edge(3,7)", "edge(4,9)", "edge(6,11)", "edge(8,13)", "edge(12,15)", "edge(13,17)", "edge(14,19)", "edge(15,21)"
          ]
        },
        {
          "Value": [
            "edge(1,2)", "edge(1,3)", "positive(5)", "positive(7)", "positive(11)", "positive(13)", "positive(15)", "positive(17)", "positive(21)", "decision(1,5)", "decision(2,16)", "decision(3,6)", "decision(4,21)", "decision(6,13)", "decision(8,17)", "decision(9,22)", "decision(12,7)", "decision(16,8)", "decision(19,13)", "edge(2,4)", "edge(3,6)", "edge(4,8)", "edge(6,10)", "edge(8,12)", "edge(9,14)", "edge(12,16)", "edge(16,18)", "edge(19,20)", "edge(2,5)", "edge(3,7)", "edge(4,9)", "edge(6,11)", "edge(8,13)", "edge(9,15)", "edge(12,17)", "edge(16,19)", "edge(19,21)"
          ]
        },
        {
          "Value": [
            "edge(1,2)", "edge(1,3)", "positive(5)", "positive(7)", "positive(11)", "positive(13)", "positive(15)", "positive(17)", "positive(21)", "decision(1,5)", "decision(2,16)", "decision(3,13)", "decision(4,21)", "decision(6,6)", "decision(8,17)", "decision(9,22)", "decision(12,7)", "decision(16,8)", "decision(19,13)", "edge(2,4)", "edge(3,6)", "edge(4,8)", "edge(6,10)", "edge(8,12)", "edge(9,14)", "edge(12,16)", "edge(16,18)", "edge(19,20)", "edge(2,5)", "edge(3,7)", "edge(4,9)", "edge(6,11)", "edge(8,13)", "edge(9,15)", "edge(12,17)", "edge(16,19)", "edge(19,21)"
          ]
        },
        {
          "Value": [
            "edge(1,2)", "edge(1,3)", "positive(5)", "positive(7)", "positive(11)", "positive(13)", "positive(15)", "positive(17)", "positive(21)", "decision(1,5)", "decision(2,16)", "decision(3,6)", "decision(4,21)", "decision(6,13)", "decision(8,17)", "decision(9,22)", "decision(12,7)", "decision(16,13)", "decision(19,8)", "edge(2,4)", "edge(3,6)", "edge(4,8)", "edge(6,10)", "edge(8,12)", "edge(9,14)", "edge(12,16)", "edge(16,18)", "edge(19,20)", "edge(2,5)", "edge(3,7)", "edge(4,9)", "edge(6,11)", "edge(8,13)", "edge(9,15)", "edge(12,17)", "edge(16,19)", "edge(19,21)"
          ]
        },
        {
          "Value": [
            "edge(1,2)", "edge(1,3)", "positive(5)", "positive(7)", "positive(11)", "positive(13)", "positive(15)", "positive(17)", "positive(21)", "decision(1,5)", "decision(2,16)", "decision(3,13)", "decision(4,21)", "decision(6,6)", "decision(8,17)", "decision(9,22)", "decision(12,7)", "decision(16,13)", "decision(19,8)", "edge(2,4)", "edge(3,6)", "edge(4,8)", "edge(6,10)", "edge(8,12)", "edge(9,14)", "edge(12,16)", "edge(16,18)", "edge(19,20)", "edge(2,5)", "edge(3,7)", "edge(4,9)", "edge(6,11)", "edge(8,13)", "edge(9,15)", "edge(12,17)", "edge(16,19)", "edge(19,21)"
          ]
        },
        {
          "Value": [
            "edge(1,2)", "edge(1,3)", "positive(5)", "positive(7)", "positive(11)", "positive(13)", "positive(15)", "positive(19)", "positive(21)", "decision(1,5)", "decision(2,16)", "decision(3,6)", "decision(4,21)", "decision(6,13)", "decision(8,17)", "decision(9,22)", "decision(12,13)", "decision(16,7)", "decision(17,8)", "edge(2,4)", "edge(3,6)", "edge(4,8)", "edge(6,10)", "edge(8,12)", "edge(9,14)", "edge(12,16)", "edge(16,18)", "edge(17,20)", "edge(2,5)", "edge(3,7)", "edge(4,9)", "edge(6,11)", "edge(8,13)", "edge(9,15)", "edge(12,17)", "edge(16,19)", "edge(17,21)"
          ]
        },
        {
          "Value": [
            "edge(1,2)", "edge(1,3)", "positive(5)", "positive(7)", "positive(11)", "positive(13)", "positive(15)", "positive(19)", "positive(21)", "decision(1,5)", "decision(2,16)", "decision(3,13)", "decision(4,21)", "decision(6,6)", "decision(8,17)", "decision(9,22)", "decision(12,13)", "decision(16,7)", "decision(17,8)", "edge(2,4)", "edge(3,6)", "edge(4,8)", "edge(6,10)", "edge(8,12)", "edge(9,14)", "edge(12,16)", "edge(16,18)", "edge(17,20)", "edge(2,5)", "edge(3,7)", "edge(4,9)", "edge(6,11)", "edge(8,13)", "edge(9,15)", "edge(12,17)", "edge(16,19)", "edge(17,21)"
          ]
        },
        {
          "Value": [
            "edge(1,2)", "edge(1,3)", "positive(5)", "positive(7)", "positive(11)", "positive(13)", "positive(15)", "positive(17)", "positive(21)", "decision(1,5)", "decision(2,16)", "decision(3,6)", "decision(4,21)", "decision(6,13)", "decision(8,7)", "decision(9,22)", "decision(12,17)", "decision(16,13)", "decision(19,8)", "edge(2,4)", "edge(3,6)", "edge(4,8)", "edge(6,10)", "edge(8,12)", "edge(9,14)", "edge(12,16)", "edge(16,18)", "edge(19,20)", "edge(2,5)", "edge(3,7)", "edge(4,9)", "edge(6,11)", "edge(8,13)", "edge(9,15)", "edge(12,17)", "edge(16,19)", "edge(19,21)"
          ]
        },
        {
          "Value": [
            "edge(1,2)", "edge(1,3)", "positive(5)", "positive(7)", "positive(11)", "positive(13)", "positive(15)", "positive(17)", "positive(21)", "decision(1,5)", "decision(2,16)", "decision(3,13)", "decision(4,21)", "decision(6,6)", "decision(8,7)", "decision(9,22)", "decision(12,17)", "decision(16,13)", "decision(19,8)", "edge(2,4)", "edge(3,6)", "edge(4,8)", "edge(6,10)", "edge(8,12)", "edge(9,14)", "edge(12,16)", "edge(16,18)", "edge(19,20)", "edge(2,5)", "edge(3,7)", "edge(4,9)", "edge(6,11)", "edge(8,13)", "edge(9,15)", "edge(12,17)", "edge(16,19)", "edge(19,21)"
          ]
        },
        {
          "Value": [
            "edge(1,2)", "edge(1,3)", "positive(5)", "positive(7)", "positive(11)", "positive(13)", "positive(15)", "positive(17)", "positive(21)", "decision(1,5)", "decision(2,16)", "decision(3,6)", "decision(4,21)", "decision(6,13)", "decision(8,7)", "decision(9,22)", "decision(12,17)", "decision(16,8)", "decision(19,13)", "edge(2,4)", "edge(3,6)", "edge(4,8)", "edge(6,10)", "edge(8,12)", "edge(9,14)", "edge(12,16)", "edge(16,18)", "edge(19,20)", "edge(2,5)", "edge(3,7)", "edge(4,9)", "edge(6,11)", "edge(8,13)", "edge(9,15)", "edge(12,17)", "edge(16,19)", "edge(19,21)"
          ]
        },
        {
          "Value": [
            "edge(1,2)", "edge(1,3)", "positive(5)", "positive(7)", "positive(11)", "positive(13)", "positive(15)", "positive(17)", "positive(21)", "decision(1,5)", "decision(2,16)", "decision(3,13)", "decision(4,21)", "decision(6,6)", "decision(8,7)", "decision(9,22)", "decision(12,17)", "decision(16,8)", "decision(19,13)", "edge(2,4)", "edge(3,6)", "edge(4,8)", "edge(6,10)", "edge(8,12)", "edge(9,14)", "edge(12,16)", "edge(16,18)", "edge(19,20)", "edge(2,5)", "edge(3,7)", "edge(4,9)", "edge(6,11)", "edge(8,13)", "edge(9,15)", "edge(12,17)", "edge(16,19)", "edge(19,21)"
          ]
        },
        {
          "Value": [
            "edge(1,2)", "edge(1,3)", "positive(5)", "positive(7)", "positive(11)", "positive(13)", "positive(15)", "positive(19)", "positive(21)", "decision(1,5)", "decision(2,16)", "decision(3,6)", "decision(4,21)", "decision(6,13)", "decision(8,7)", "decision(9,22)", "decision(12,8)", "decision(16,17)", "decision(17,13)", "edge(2,4)", "edge(3,6)", "edge(4,8)", "edge(6,10)", "edge(8,12)", "edge(9,14)", "edge(12,16)", "edge(16,18)", "edge(17,20)", "edge(2,5)", "edge(3,7)", "edge(4,9)", "edge(6,11)", "edge(8,13)", "edge(9,15)", "edge(12,17)", "edge(16,19)", "edge(17,21)"
          ]
        },
        {
          "Value": [
            "edge(1,2)", "edge(1,3)", "positive(5)", "positive(7)", "positive(11)", "positive(13)", "positive(15)", "positive(19)", "positive(21)", "decision(1,5)", "decision(2,16)", "decision(3,13)", "decision(4,21)", "decision(6,6)", "decision(8,7)", "decision(9,22)", "decision(12,8)", "decision(16,17)", "decision(17,13)", "edge(2,4)", "edge(3,6)", "edge(4,8)", "edge(6,10)", "edge(8,12)", "edge(9,14)", "edge(12,16)", "edge(16,18)", "edge(17,20)", "edge(2,5)", "edge(3,7)", "edge(4,9)", "edge(6,11)", "edge(8,13)", "edge(9,15)", "edge(12,17)", "edge(16,19)", "edge(17,21)"
          ]
        },
        {
          "Value": [
            "edge(1,2)", "edge(1,3)", "positive(5)", "positive(7)", "positive(11)", "positive(13)", "positive(15)", "positive(19)", "positive(21)", "decision(1,5)", "decision(2,16)", "decision(3,6)", "decision(4,21)", "decision(6,13)", "decision(8,7)", "decision(9,22)", "decision(12,13)", "decision(16,17)", "decision(17,8)", "edge(2,4)", "edge(3,6)", "edge(4,8)", "edge(6,10)", "edge(8,12)", "edge(9,14)", "edge(12,16)", "edge(16,18)", "edge(17,20)", "edge(2,5)", "edge(3,7)", "edge(4,9)", "edge(6,11)", "edge(8,13)", "edge(9,15)", "edge(12,17)", "edge(16,19)", "edge(17,21)"
          ]
        },
        {
          "Value": [
            "edge(1,2)", "edge(1,3)", "positive(5)", "positive(7)", "positive(11)", "positive(13)", "positive(15)", "positive(19)", "positive(21)", "decision(1,5)", "decision(2,16)", "decision(3,13)", "decision(4,21)", "decision(6,6)", "decision(8,7)", "decision(9,22)", "decision(12,13)", "decision(16,17)", "decision(17,8)", "edge(2,4)", "edge(3,6)", "edge(4,8)", "edge(6,10)", "edge(8,12)", "edge(9,14)", "edge(12,16)", "edge(16,18)", "edge(17,20)", "edge(2,5)", "edge(3,7)", "edge(4,9)", "edge(6,11)", "edge(8,13)", "edge(9,15)", "edge(12,17)", "edge(16,19)", "edge(17,21)"
          ]
        }
      ]
    }
  ],
  "Result": "SATISFIABLE",
  "Models": {
    "Number": 36,
    "More": "no"
  },
  "Calls": 1,
  "Time": {
    "Total": 96.775,
    "Solve": 96.727,
    "Model": 8.556,
    "Unsat": 11.434,
    "CPU": 96.770
  }
}
