{
  "Solver": "clingo version 5.6.2",
  "Input": [
    "decision-trees.lp","instances/instance-06-05.lp"
  ],
  "Call": [
    {
      "Witnesses": [
        {
          "Value": [
            "edge(1,2)", "edge(1,3)", "positive(3)", "positive(5)", "decision(1,3)", "decision(2,22)", "edge(2,4)", "edge(2,5)"
          ]
        },
        {
          "Value": [
            "edge(1,2)", "edge(1,3)", "positive(3)", "positive(5)", "decision(1,3)", "decision(2,21)", "edge(2,4)", "edge(2,5)"
          ]
        },
        {
          "Value": [
            "edge(1,2)", "edge(1,3)", "positive(3)", "positive(5)", "decision(1,3)", "decision(2,20)", "edge(2,4)", "edge(2,5)"
          ]
        },
        {
          "Value": [
            "edge(1,2)", "edge(1,3)", "positive(3)", "positive(5)", "decision(1,3)", "decision(2,11)", "edge(2,4)", "edge(2,5)"
          ]
        },
        {
          "Value": [
            "edge(1,2)", "edge(1,3)", "positive(3)", "positive(5)", "decision(1,22)", "decision(2,8)", "edge(2,4)", "edge(2,5)"
          ]
        },
        {
          "Value": [
            "edge(1,2)", "edge(1,3)", "positive(3)", "positive(5)", "decision(1,22)", "decision(2,3)", "edge(2,4)", "edge(2,5)"
          ]
        },
        {
          "Value": [
            "edge(1,2)", "edge(1,3)", "positive(3)", "positive(5)", "decision(1,22)", "decision(2,5)", "edge(2,4)", "edge(2,5)"
          ]
        },
        {
          "Value": [
            "edge(1,2)", "edge(1,3)", "positive(3)", "positive(5)", "decision(1,22)", "decision(2,10)", "edge(2,4)", "edge(2,5)"
          ]
        },
        {
          "Value": [
            "edge(1,2)", "edge(1,3)", "positive(3)", "positive(5)", "decision(1,22)", "decision(2,1)", "edge(2,4)", "edge(2,5)"
          ]
        },
        {
          "Value": [
            "edge(1,2)", "edge(1,3)", "positive(3)", "positive(5)", "decision(1,8)", "decision(2,22)", "edge(2,4)", "edge(2,5)"
          ]
        },
        {
          "Value": [
            "edge(1,2)", "edge(1,3)", "positive(3)", "positive(5)", "decision(1,8)", "decision(2,21)", "edge(2,4)", "edge(2,5)"
          ]
        },
        {
          "Value": [
            "edge(1,2)", "edge(1,3)", "positive(3)", "positive(5)", "decision(1,8)", "decision(2,20)", "edge(2,4)", "edge(2,5)"
          ]
        },
        {
          "Value": [
            "edge(1,2)", "edge(1,3)", "positive(3)", "positive(5)", "decision(1,8)", "decision(2,11)", "edge(2,4)", "edge(2,5)"
          ]
        },
        {
          "Value": [
            "edge(1,2)", "edge(1,3)", "positive(3)", "positive(5)", "decision(1,10)", "decision(2,22)", "edge(2,4)", "edge(2,5)"
          ]
        },
        {
          "Value": [
            "edge(1,2)", "edge(1,3)", "positive(3)", "positive(5)", "decision(1,11)", "decision(2,8)", "edge(2,4)", "edge(2,5)"
          ]
        },
        {
          "Value": [
            "edge(1,2)", "edge(1,3)", "positive(3)", "positive(5)", "decision(1,11)", "decision(2,3)", "edge(2,4)", "edge(2,5)"
          ]
        },
        {
          "Value": [
            "edge(1,2)", "edge(1,3)", "positive(3)", "positive(5)", "decision(1,21)", "decision(2,8)", "edge(2,4)", "edge(2,5)"
          ]
        },
        {
          "Value": [
            "edge(1,2)", "edge(1,3)", "positive(3)", "positive(5)", "decision(1,21)", "decision(2,3)", "edge(2,4)", "edge(2,5)"
          ]
        },
        {
          "Value": [
            "edge(1,2)", "edge(1,3)", "positive(3)", "positive(5)", "decision(1,5)", "decision(2,22)", "edge(2,4)", "edge(2,5)"
          ]
        },
        {
          "Value": [
            "edge(1,2)", "edge(1,3)", "positive(3)", "positive(5)", "decision(1,1)", "decision(2,22)", "edge(2,4)", "edge(2,5)"
          ]
        },
        {
          "Value": [
            "edge(1,2)", "edge(1,3)", "positive(3)", "positive(5)", "decision(1,20)", "decision(2,8)", "edge(2,4)", "edge(2,5)"
          ]
        },
        {
          "Value": [
            "edge(1,2)", "edge(1,3)", "positive(3)", "positive(5)", "decision(1,20)", "decision(2,3)", "edge(2,4)", "edge(2,5)"
          ]
        }
      ]
    }
  ],
  "Result": "SATISFIABLE",
  "Models": {
    "Number": 22,
    "More": "no"
  },
  "Calls": 1,
  "Time": {
    "Total": 0.003,
    "Solve": 0.000,
    "Model": 0.000,
    "Unsat": 0.000,
    "CPU": 0.003
  }
}
