{
  "Solver": "clingo version 5.6.2",
  "Input": [
    "decision-trees.lp","instances/instance-04-03.lp"
  ],
  "Call": [
    {
      "Witnesses": [
        {
          "Value": [
            "edge(1,2)", "edge(1,3)", "positive(3)", "decision(1,3)"
          ]
        },
        {
          "Value": [
            "edge(1,2)", "edge(1,3)", "positive(3)", "decision(1,8)"
          ]
        }
      ]
    }
  ],
  "Result": "SATISFIABLE",
  "Models": {
    "Number": 2,
    "More": "no"
  },
  "Calls": 1,
  "Time": {
    "Total": 0.002,
    "Solve": 0.000,
    "Model": 0.000,
    "Unsat": 0.000,
    "CPU": 0.002
  }
}
