{
  "Solver": "clingo version 5.5.1",
  "Input": [
    "tree.lp"
  ],
  "Call": [
    {
      "Witnesses": [
        {
          "Value": [
            "edge(1,2)", "edge(1,3)", "edge(2,4)", "edge(4,6)", "edge(5,8)", "edge(2,5)", "edge(4,7)", "edge(5,9)"
          ]
        },
        {
          "Value": [
            "edge(1,2)", "edge(1,3)", "edge(2,4)", "edge(4,6)", "edge(6,8)", "edge(2,5)", "edge(4,7)", "edge(6,9)"
          ]
        },
        {
          "Value": [
            "edge(1,2)", "edge(1,3)", "edge(2,4)", "edge(4,6)", "edge(7,8)", "edge(2,5)", "edge(4,7)", "edge(7,9)"
          ]
        },
        {
          "Value": [
            "edge(1,2)", "edge(1,3)", "edge(2,4)", "edge(5,6)", "edge(6,8)", "edge(2,5)", "edge(5,7)", "edge(6,9)"
          ]
        },
        {
          "Value": [
            "edge(1,2)", "edge(1,3)", "edge(2,4)", "edge(5,6)", "edge(7,8)", "edge(2,5)", "edge(5,7)", "edge(7,9)"
          ]
        },
        {
          "Value": [
            "edge(1,2)", "edge(1,3)", "edge(2,4)", "edge(3,6)", "edge(5,8)", "edge(2,5)", "edge(3,7)", "edge(5,9)"
          ]
        },
        {
          "Value": [
            "edge(1,2)", "edge(1,3)", "edge(2,4)", "edge(3,6)", "edge(6,8)", "edge(2,5)", "edge(3,7)", "edge(6,9)"
          ]
        },
        {
          "Value": [
            "edge(1,2)", "edge(1,3)", "edge(2,4)", "edge(3,6)", "edge(7,8)", "edge(2,5)", "edge(3,7)", "edge(7,9)"
          ]
        },
        {
          "Value": [
            "edge(1,2)", "edge(1,3)", "edge(2,4)", "edge(3,6)", "edge(4,8)", "edge(2,5)", "edge(3,7)", "edge(4,9)"
          ]
        },
        {
          "Value": [
            "edge(1,2)", "edge(1,3)", "edge(3,4)", "edge(4,6)", "edge(5,8)", "edge(3,5)", "edge(4,7)", "edge(5,9)"
          ]
        },
        {
          "Value": [
            "edge(1,2)", "edge(1,3)", "edge(3,4)", "edge(4,6)", "edge(6,8)", "edge(3,5)", "edge(4,7)", "edge(6,9)"
          ]
        },
        {
          "Value": [
            "edge(1,2)", "edge(1,3)", "edge(3,4)", "edge(5,6)", "edge(6,8)", "edge(3,5)", "edge(5,7)", "edge(6,9)"
          ]
        },
        {
          "Value": [
            "edge(1,2)", "edge(1,3)", "edge(3,4)", "edge(4,6)", "edge(7,8)", "edge(3,5)", "edge(4,7)", "edge(7,9)"
          ]
        },
        {
          "Value": [
            "edge(1,2)", "edge(1,3)", "edge(3,4)", "edge(5,6)", "edge(7,8)", "edge(3,5)", "edge(5,7)", "edge(7,9)"
          ]
        }
      ]
    }
  ],
  "Result": "SATISFIABLE",
  "Models": {
    "Number": 14,
    "More": "no"
  },
  "Calls": 1,
  "Time": {
    "Total": 0.002,
    "Solve": 0.000,
    "Model": 0.000,
    "Unsat": 0.000,
    "CPU": 0.002
  }
}
