{
 "Solver": "clingo version 5.4.0",
 "Input": [
  "weighted-many.lp",
  "-"
 ],
 "Call": [
  {
   "Witnesses": [
    {
     "Value": [
      "(weight(x((1,1)),6),1)",
      "(weight(x((1,1)),6),2)",
      "(weight(x((1,1)),6),3)",
      "(weight(x((1,2)),3),1)",
      "(weight(x((1,2)),3),2)",
      "(weight(x((1,2)),3),3)",
      "(weight(x((1,3)),9),1)",
      "(weight(x((1,3)),9),2)",
      "(weight(x((1,3)),9),3)",
      "(weight(x((2,1)),7),1)",
      "(weight(x((2,1)),7),2)",
      "(weight(x((2,1)),7),3)",
      "(weight(x((2,2)),4),1)",
      "(weight(x((2,2)),4),2)",
      "(weight(x((2,2)),4),3)",
      "(weight(x((2,3)),8),1)",
      "(weight(x((2,3)),8),2)",
      "(weight(x((2,3)),8),3)",
      "(weight(x((3,1)),2),1)",
      "(weight(x((3,1)),2),2)",
      "(weight(x((3,1)),2),3)",
      "(weight(x((3,2)),5),1)",
      "(weight(x((3,2)),5),2)",
      "(weight(x((3,2)),5),3)",
      "(weight(x((3,3)),1),1)",
      "(weight(x((3,3)),1),2)",
      "(weight(x((3,3)),1),3)",
      "(x((1,1)),2)",
      "(x((1,1)),1)",
      "(x((1,2)),3)",
      "(x((1,2)),2)",
      "(x((1,2)),1)",
      "(x((1,3)),3)",
      "(x((1,3)),1)",
      "(x((2,1)),3)",
      "(x((2,1)),2)",
      "(x((2,2)),3)",
      "(x((2,2)),2)",
      "(x((2,3)),2)",
      "(x((2,3)),1)",
      "(x((3,1)),3)",
      "(x((3,1)),2)",
      "(x((3,1)),1)",
      "(x((3,2)),3)",
      "(x((3,2)),1)",
      "(x((3,3)),3)",
      "(x((3,3)),2)",
      "(x((3,3)),1)"
     ],
     "Costs": [
      -78
     ]
    },
    {
     "Value": [
      "(weight(x((1,1)),6),1)",
      "(weight(x((1,1)),6),2)",
      "(weight(x((1,1)),6),3)",
      "(weight(x((1,2)),3),1)",
      "(weight(x((1,2)),3),2)",
      "(weight(x((1,2)),3),3)",
      "(weight(x((1,3)),9),1)",
      "(weight(x((1,3)),9),2)",
      "(weight(x((1,3)),9),3)",
      "(weight(x((2,1)),7),1)",
      "(weight(x((2,1)),7),2)",
      "(weight(x((2,1)),7),3)",
      "(weight(x((2,2)),4),1)",
      "(weight(x((2,2)),4),2)",
      "(weight(x((2,2)),4),3)",
      "(weight(x((2,3)),8),1)",
      "(weight(x((2,3)),8),2)",
      "(weight(x((2,3)),8),3)",
      "(weight(x((3,1)),2),1)",
      "(weight(x((3,1)),2),2)",
      "(weight(x((3,1)),2),3)",
      "(weight(x((3,2)),5),1)",
      "(weight(x((3,2)),5),2)",
      "(weight(x((3,2)),5),3)",
      "(weight(x((3,3)),1),1)",
      "(weight(x((3,3)),1),2)",
      "(weight(x((3,3)),1),3)",
      "(x((1,1)),2)",
      "(x((1,1)),1)",
      "(x((1,2)),3)",
      "(x((1,2)),2)",
      "(x((1,2)),1)",
      "(x((1,3)),3)",
      "(x((1,3)),1)",
      "(x((2,1)),2)",
      "(x((2,1)),1)",
      "(x((2,2)),3)",
      "(x((2,2)),2)",
      "(x((2,3)),3)",
      "(x((2,3)),2)",
      "(x((3,1)),3)",
      "(x((3,1)),2)",
      "(x((3,1)),1)",
      "(x((3,2)),3)",
      "(x((3,2)),1)",
      "(x((3,3)),3)",
      "(x((3,3)),2)",
      "(x((3,3)),1)"
     ],
     "Costs": [
      -78
     ]
    },
    {
     "Value": [
      "(weight(x((1,1)),6),1)",
      "(weight(x((1,1)),6),2)",
      "(weight(x((1,1)),6),3)",
      "(weight(x((1,2)),3),1)",
      "(weight(x((1,2)),3),2)",
      "(weight(x((1,2)),3),3)",
      "(weight(x((1,3)),9),1)",
      "(weight(x((1,3)),9),2)",
      "(weight(x((1,3)),9),3)",
      "(weight(x((2,1)),7),1)",
      "(weight(x((2,1)),7),2)",
      "(weight(x((2,1)),7),3)",
      "(weight(x((2,2)),4),1)",
      "(weight(x((2,2)),4),2)",
      "(weight(x((2,2)),4),3)",
      "(weight(x((2,3)),8),1)",
      "(weight(x((2,3)),8),2)",
      "(weight(x((2,3)),8),3)",
      "(weight(x((3,1)),2),1)",
      "(weight(x((3,1)),2),2)",
      "(weight(x((3,1)),2),3)",
      "(weight(x((3,2)),5),1)",
      "(weight(x((3,2)),5),2)",
      "(weight(x((3,2)),5),3)",
      "(weight(x((3,3)),1),1)",
      "(weight(x((3,3)),1),2)",
      "(weight(x((3,3)),1),3)",
      "(x((1,1)),3)",
      "(x((1,1)),2)",
      "(x((1,2)),3)",
      "(x((1,2)),2)",
      "(x((1,2)),1)",
      "(x((1,3)),3)",
      "(x((1,3)),1)",
      "(x((2,1)),2)",
      "(x((2,1)),1)",
      "(x((2,2)),3)",
      "(x((2,2)),2)",
      "(x((2,3)),2)",
      "(x((2,3)),1)",
      "(x((3,1)),3)",
      "(x((3,1)),2)",
      "(x((3,1)),1)",
      "(x((3,2)),3)",
      "(x((3,2)),1)",
      "(x((3,3)),3)",
      "(x((3,3)),2)",
      "(x((3,3)),1)"
     ],
     "Costs": [
      -78
     ]
    },
    {
     "Value": [
      "(weight(x((1,1)),6),1)",
      "(weight(x((1,1)),6),2)",
      "(weight(x((1,1)),6),3)",
      "(weight(x((1,2)),3),1)",
      "(weight(x((1,2)),3),2)",
      "(weight(x((1,2)),3),3)",
      "(weight(x((1,3)),9),1)",
      "(weight(x((1,3)),9),2)",
      "(weight(x((1,3)),9),3)",
      "(weight(x((2,1)),7),1)",
      "(weight(x((2,1)),7),2)",
      "(weight(x((2,1)),7),3)",
      "(weight(x((2,2)),4),1)",
      "(weight(x((2,2)),4),2)",
      "(weight(x((2,2)),4),3)",
      "(weight(x((2,3)),8),1)",
      "(weight(x((2,3)),8),2)",
      "(weight(x((2,3)),8),3)",
      "(weight(x((3,1)),2),1)",
      "(weight(x((3,1)),2),2)",
      "(weight(x((3,1)),2),3)",
      "(weight(x((3,2)),5),1)",
      "(weight(x((3,2)),5),2)",
      "(weight(x((3,2)),5),3)",
      "(weight(x((3,3)),1),1)",
      "(weight(x((3,3)),1),2)",
      "(weight(x((3,3)),1),3)",
      "(x((1,1)),3)",
      "(x((1,1)),1)",
      "(x((1,2)),3)",
      "(x((1,2)),2)",
      "(x((1,2)),1)",
      "(x((1,3)),3)",
      "(x((1,3)),1)",
      "(x((2,1)),2)",
      "(x((2,1)),1)",
      "(x((2,2)),3)",
      "(x((2,2)),2)",
      "(x((2,3)),2)",
      "(x((2,3)),1)",
      "(x((3,1)),3)",
      "(x((3,1)),2)",
      "(x((3,1)),1)",
      "(x((3,2)),3)",
      "(x((3,2)),2)",
      "(x((3,3)),3)",
      "(x((3,3)),2)",
      "(x((3,3)),1)"
     ],
     "Costs": [
      -78
     ]
    },
    {
     "Value": [
      "(weight(x((1,1)),6),1)",
      "(weight(x((1,1)),6),2)",
      "(weight(x((1,1)),6),3)",
      "(weight(x((1,2)),3),1)",
      "(weight(x((1,2)),3),2)",
      "(weight(x((1,2)),3),3)",
      "(weight(x((1,3)),9),1)",
      "(weight(x((1,3)),9),2)",
      "(weight(x((1,3)),9),3)",
      "(weight(x((2,1)),7),1)",
      "(weight(x((2,1)),7),2)",
      "(weight(x((2,1)),7),3)",
      "(weight(x((2,2)),4),1)",
      "(weight(x((2,2)),4),2)",
      "(weight(x((2,2)),4),3)",
      "(weight(x((2,3)),8),1)",
      "(weight(x((2,3)),8),2)",
      "(weight(x((2,3)),8),3)",
      "(weight(x((3,1)),2),1)",
      "(weight(x((3,1)),2),2)",
      "(weight(x((3,1)),2),3)",
      "(weight(x((3,2)),5),1)",
      "(weight(x((3,2)),5),2)",
      "(weight(x((3,2)),5),3)",
      "(weight(x((3,3)),1),1)",
      "(weight(x((3,3)),1),2)",
      "(weight(x((3,3)),1),3)",
      "(x((1,1)),2)",
      "(x((1,1)),1)",
      "(x((1,2)),3)",
      "(x((1,2)),2)",
      "(x((1,2)),1)",
      "(x((1,3)),3)",
      "(x((1,3)),1)",
      "(x((2,1)),3)",
      "(x((2,1)),1)",
      "(x((2,2)),3)",
      "(x((2,2)),2)",
      "(x((2,3)),2)",
      "(x((2,3)),1)",
      "(x((3,1)),3)",
      "(x((3,1)),2)",
      "(x((3,1)),1)",
      "(x((3,2)),3)",
      "(x((3,2)),2)",
      "(x((3,3)),3)",
      "(x((3,3)),2)",
      "(x((3,3)),1)"
     ],
     "Costs": [
      -78
     ]
    },
    {
     "Value": [
      "(weight(x((1,1)),6),1)",
      "(weight(x((1,1)),6),2)",
      "(weight(x((1,1)),6),3)",
      "(weight(x((1,2)),3),1)",
      "(weight(x((1,2)),3),2)",
      "(weight(x((1,2)),3),3)",
      "(weight(x((1,3)),9),1)",
      "(weight(x((1,3)),9),2)",
      "(weight(x((1,3)),9),3)",
      "(weight(x((2,1)),7),1)",
      "(weight(x((2,1)),7),2)",
      "(weight(x((2,1)),7),3)",
      "(weight(x((2,2)),4),1)",
      "(weight(x((2,2)),4),2)",
      "(weight(x((2,2)),4),3)",
      "(weight(x((2,3)),8),1)",
      "(weight(x((2,3)),8),2)",
      "(weight(x((2,3)),8),3)",
      "(weight(x((3,1)),2),1)",
      "(weight(x((3,1)),2),2)",
      "(weight(x((3,1)),2),3)",
      "(weight(x((3,2)),5),1)",
      "(weight(x((3,2)),5),2)",
      "(weight(x((3,2)),5),3)",
      "(weight(x((3,3)),1),1)",
      "(weight(x((3,3)),1),2)",
      "(weight(x((3,3)),1),3)",
      "(x((1,1)),2)",
      "(x((1,1)),1)",
      "(x((1,2)),3)",
      "(x((1,2)),2)",
      "(x((1,2)),1)",
      "(x((1,3)),3)",
      "(x((1,3)),1)",
      "(x((2,1)),3)",
      "(x((2,1)),1)",
      "(x((2,2)),3)",
      "(x((2,2)),2)",
      "(x((2,3)),3)",
      "(x((2,3)),2)",
      "(x((3,1)),3)",
      "(x((3,1)),2)",
      "(x((3,1)),1)",
      "(x((3,2)),2)",
      "(x((3,2)),1)",
      "(x((3,3)),3)",
      "(x((3,3)),2)",
      "(x((3,3)),1)"
     ],
     "Costs": [
      -78
     ]
    },
    {
     "Value": [
      "(weight(x((1,1)),6),1)",
      "(weight(x((1,1)),6),2)",
      "(weight(x((1,1)),6),3)",
      "(weight(x((1,2)),3),1)",
      "(weight(x((1,2)),3),2)",
      "(weight(x((1,2)),3),3)",
      "(weight(x((1,3)),9),1)",
      "(weight(x((1,3)),9),2)",
      "(weight(x((1,3)),9),3)",
      "(weight(x((2,1)),7),1)",
      "(weight(x((2,1)),7),2)",
      "(weight(x((2,1)),7),3)",
      "(weight(x((2,2)),4),1)",
      "(weight(x((2,2)),4),2)",
      "(weight(x((2,2)),4),3)",
      "(weight(x((2,3)),8),1)",
      "(weight(x((2,3)),8),2)",
      "(weight(x((2,3)),8),3)",
      "(weight(x((3,1)),2),1)",
      "(weight(x((3,1)),2),2)",
      "(weight(x((3,1)),2),3)",
      "(weight(x((3,2)),5),1)",
      "(weight(x((3,2)),5),2)",
      "(weight(x((3,2)),5),3)",
      "(weight(x((3,3)),1),1)",
      "(weight(x((3,3)),1),2)",
      "(weight(x((3,3)),1),3)",
      "(x((1,1)),3)",
      "(x((1,1)),1)",
      "(x((1,2)),3)",
      "(x((1,2)),2)",
      "(x((1,2)),1)",
      "(x((1,3)),3)",
      "(x((1,3)),1)",
      "(x((2,1)),3)",
      "(x((2,1)),2)",
      "(x((2,2)),2)",
      "(x((2,2)),1)",
      "(x((2,3)),3)",
      "(x((2,3)),2)",
      "(x((3,1)),3)",
      "(x((3,1)),2)",
      "(x((3,1)),1)",
      "(x((3,2)),2)",
      "(x((3,2)),1)",
      "(x((3,3)),3)",
      "(x((3,3)),2)",
      "(x((3,3)),1)"
     ],
     "Costs": [
      -78
     ]
    },
    {
     "Value": [
      "(weight(x((1,1)),6),1)",
      "(weight(x((1,1)),6),2)",
      "(weight(x((1,1)),6),3)",
      "(weight(x((1,2)),3),1)",
      "(weight(x((1,2)),3),2)",
      "(weight(x((1,2)),3),3)",
      "(weight(x((1,3)),9),1)",
      "(weight(x((1,3)),9),2)",
      "(weight(x((1,3)),9),3)",
      "(weight(x((2,1)),7),1)",
      "(weight(x((2,1)),7),2)",
      "(weight(x((2,1)),7),3)",
      "(weight(x((2,2)),4),1)",
      "(weight(x((2,2)),4),2)",
      "(weight(x((2,2)),4),3)",
      "(weight(x((2,3)),8),1)",
      "(weight(x((2,3)),8),2)",
      "(weight(x((2,3)),8),3)",
      "(weight(x((3,1)),2),1)",
      "(weight(x((3,1)),2),2)",
      "(weight(x((3,1)),2),3)",
      "(weight(x((3,2)),5),1)",
      "(weight(x((3,2)),5),2)",
      "(weight(x((3,2)),5),3)",
      "(weight(x((3,3)),1),1)",
      "(weight(x((3,3)),1),2)",
      "(weight(x((3,3)),1),3)",
      "(x((1,1)),3)",
      "(x((1,1)),2)",
      "(x((1,2)),3)",
      "(x((1,2)),2)",
      "(x((1,2)),1)",
      "(x((1,3)),3)",
      "(x((1,3)),1)",
      "(x((2,1)),3)",
      "(x((2,1)),1)",
      "(x((2,2)),2)",
      "(x((2,2)),1)",
      "(x((2,3)),2)",
      "(x((2,3)),1)",
      "(x((3,1)),3)",
      "(x((3,1)),2)",
      "(x((3,1)),1)",
      "(x((3,2)),3)",
      "(x((3,2)),2)",
      "(x((3,3)),3)",
      "(x((3,3)),2)",
      "(x((3,3)),1)"
     ],
     "Costs": [
      -78
     ]
    },
    {
     "Value": [
      "(weight(x((1,1)),6),1)",
      "(weight(x((1,1)),6),2)",
      "(weight(x((1,1)),6),3)",
      "(weight(x((1,2)),3),1)",
      "(weight(x((1,2)),3),2)",
      "(weight(x((1,2)),3),3)",
      "(weight(x((1,3)),9),1)",
      "(weight(x((1,3)),9),2)",
      "(weight(x((1,3)),9),3)",
      "(weight(x((2,1)),7),1)",
      "(weight(x((2,1)),7),2)",
      "(weight(x((2,1)),7),3)",
      "(weight(x((2,2)),4),1)",
      "(weight(x((2,2)),4),2)",
      "(weight(x((2,2)),4),3)",
      "(weight(x((2,3)),8),1)",
      "(weight(x((2,3)),8),2)",
      "(weight(x((2,3)),8),3)",
      "(weight(x((3,1)),2),1)",
      "(weight(x((3,1)),2),2)",
      "(weight(x((3,1)),2),3)",
      "(weight(x((3,2)),5),1)",
      "(weight(x((3,2)),5),2)",
      "(weight(x((3,2)),5),3)",
      "(weight(x((3,3)),1),1)",
      "(weight(x((3,3)),1),2)",
      "(weight(x((3,3)),1),3)",
      "(x((1,1)),3)",
      "(x((1,1)),2)",
      "(x((1,2)),3)",
      "(x((1,2)),2)",
      "(x((1,2)),1)",
      "(x((1,3)),3)",
      "(x((1,3)),1)",
      "(x((2,1)),3)",
      "(x((2,1)),1)",
      "(x((2,2)),2)",
      "(x((2,2)),1)",
      "(x((2,3)),3)",
      "(x((2,3)),2)",
      "(x((3,1)),3)",
      "(x((3,1)),2)",
      "(x((3,1)),1)",
      "(x((3,2)),2)",
      "(x((3,2)),1)",
      "(x((3,3)),3)",
      "(x((3,3)),2)",
      "(x((3,3)),1)"
     ],
     "Costs": [
      -78
     ]
    },
    {
     "Value": [
      "(weight(x((1,1)),6),1)",
      "(weight(x((1,1)),6),2)",
      "(weight(x((1,1)),6),3)",
      "(weight(x((1,2)),3),1)",
      "(weight(x((1,2)),3),2)",
      "(weight(x((1,2)),3),3)",
      "(weight(x((1,3)),9),1)",
      "(weight(x((1,3)),9),2)",
      "(weight(x((1,3)),9),3)",
      "(weight(x((2,1)),7),1)",
      "(weight(x((2,1)),7),2)",
      "(weight(x((2,1)),7),3)",
      "(weight(x((2,2)),4),1)",
      "(weight(x((2,2)),4),2)",
      "(weight(x((2,2)),4),3)",
      "(weight(x((2,3)),8),1)",
      "(weight(x((2,3)),8),2)",
      "(weight(x((2,3)),8),3)",
      "(weight(x((3,1)),2),1)",
      "(weight(x((3,1)),2),2)",
      "(weight(x((3,1)),2),3)",
      "(weight(x((3,2)),5),1)",
      "(weight(x((3,2)),5),2)",
      "(weight(x((3,2)),5),3)",
      "(weight(x((3,3)),1),1)",
      "(weight(x((3,3)),1),2)",
      "(weight(x((3,3)),1),3)",
      "(x((1,1)),2)",
      "(x((1,1)),1)",
      "(x((1,2)),3)",
      "(x((1,2)),2)",
      "(x((1,2)),1)",
      "(x((1,3)),3)",
      "(x((1,3)),1)",
      "(x((2,1)),3)",
      "(x((2,1)),2)",
      "(x((2,2)),3)",
      "(x((2,2)),1)",
      "(x((2,3)),3)",
      "(x((2,3)),2)",
      "(x((3,1)),3)",
      "(x((3,1)),2)",
      "(x((3,1)),1)",
      "(x((3,2)),2)",
      "(x((3,2)),1)",
      "(x((3,3)),3)",
      "(x((3,3)),2)",
      "(x((3,3)),1)"
     ],
     "Costs": [
      -78
     ]
    },
    {
     "Value": [
      "(weight(x((1,1)),6),1)",
      "(weight(x((1,1)),6),2)",
      "(weight(x((1,1)),6),3)",
      "(weight(x((1,2)),3),1)",
      "(weight(x((1,2)),3),2)",
      "(weight(x((1,2)),3),3)",
      "(weight(x((1,3)),9),1)",
      "(weight(x((1,3)),9),2)",
      "(weight(x((1,3)),9),3)",
      "(weight(x((2,1)),7),1)",
      "(weight(x((2,1)),7),2)",
      "(weight(x((2,1)),7),3)",
      "(weight(x((2,2)),4),1)",
      "(weight(x((2,2)),4),2)",
      "(weight(x((2,2)),4),3)",
      "(weight(x((2,3)),8),1)",
      "(weight(x((2,3)),8),2)",
      "(weight(x((2,3)),8),3)",
      "(weight(x((3,1)),2),1)",
      "(weight(x((3,1)),2),2)",
      "(weight(x((3,1)),2),3)",
      "(weight(x((3,2)),5),1)",
      "(weight(x((3,2)),5),2)",
      "(weight(x((3,2)),5),3)",
      "(weight(x((3,3)),1),1)",
      "(weight(x((3,3)),1),2)",
      "(weight(x((3,3)),1),3)",
      "(x((1,1)),3)",
      "(x((1,1)),2)",
      "(x((1,2)),3)",
      "(x((1,2)),2)",
      "(x((1,2)),1)",
      "(x((1,3)),3)",
      "(x((1,3)),1)",
      "(x((2,1)),2)",
      "(x((2,1)),1)",
      "(x((2,2)),3)",
      "(x((2,2)),1)",
      "(x((2,3)),2)",
      "(x((2,3)),1)",
      "(x((3,1)),3)",
      "(x((3,1)),2)",
      "(x((3,1)),1)",
      "(x((3,2)),3)",
      "(x((3,2)),2)",
      "(x((3,3)),3)",
      "(x((3,3)),2)",
      "(x((3,3)),1)"
     ],
     "Costs": [
      -78
     ]
    },
    {
     "Value": [
      "(weight(x((1,1)),6),1)",
      "(weight(x((1,1)),6),2)",
      "(weight(x((1,1)),6),3)",
      "(weight(x((1,2)),3),1)",
      "(weight(x((1,2)),3),2)",
      "(weight(x((1,2)),3),3)",
      "(weight(x((1,3)),9),1)",
      "(weight(x((1,3)),9),2)",
      "(weight(x((1,3)),9),3)",
      "(weight(x((2,1)),7),1)",
      "(weight(x((2,1)),7),2)",
      "(weight(x((2,1)),7),3)",
      "(weight(x((2,2)),4),1)",
      "(weight(x((2,2)),4),2)",
      "(weight(x((2,2)),4),3)",
      "(weight(x((2,3)),8),1)",
      "(weight(x((2,3)),8),2)",
      "(weight(x((2,3)),8),3)",
      "(weight(x((3,1)),2),1)",
      "(weight(x((3,1)),2),2)",
      "(weight(x((3,1)),2),3)",
      "(weight(x((3,2)),5),1)",
      "(weight(x((3,2)),5),2)",
      "(weight(x((3,2)),5),3)",
      "(weight(x((3,3)),1),1)",
      "(weight(x((3,3)),1),2)",
      "(weight(x((3,3)),1),3)",
      "(x((1,1)),2)",
      "(x((1,1)),1)",
      "(x((1,2)),3)",
      "(x((1,2)),2)",
      "(x((1,2)),1)",
      "(x((1,3)),3)",
      "(x((1,3)),1)",
      "(x((2,1)),3)",
      "(x((2,1)),2)",
      "(x((2,2)),2)",
      "(x((2,2)),1)",
      "(x((2,3)),3)",
      "(x((2,3)),2)",
      "(x((3,1)),3)",
      "(x((3,1)),2)",
      "(x((3,1)),1)",
      "(x((3,2)),3)",
      "(x((3,2)),1)",
      "(x((3,3)),3)",
      "(x((3,3)),2)",
      "(x((3,3)),1)"
     ],
     "Costs": [
      -78
     ]
    },
    {
     "Value": [
      "(weight(x((1,1)),6),1)",
      "(weight(x((1,1)),6),2)",
      "(weight(x((1,1)),6),3)",
      "(weight(x((1,2)),3),1)",
      "(weight(x((1,2)),3),2)",
      "(weight(x((1,2)),3),3)",
      "(weight(x((1,3)),9),1)",
      "(weight(x((1,3)),9),2)",
      "(weight(x((1,3)),9),3)",
      "(weight(x((2,1)),7),1)",
      "(weight(x((2,1)),7),2)",
      "(weight(x((2,1)),7),3)",
      "(weight(x((2,2)),4),1)",
      "(weight(x((2,2)),4),2)",
      "(weight(x((2,2)),4),3)",
      "(weight(x((2,3)),8),1)",
      "(weight(x((2,3)),8),2)",
      "(weight(x((2,3)),8),3)",
      "(weight(x((3,1)),2),1)",
      "(weight(x((3,1)),2),2)",
      "(weight(x((3,1)),2),3)",
      "(weight(x((3,2)),5),1)",
      "(weight(x((3,2)),5),2)",
      "(weight(x((3,2)),5),3)",
      "(weight(x((3,3)),1),1)",
      "(weight(x((3,3)),1),2)",
      "(weight(x((3,3)),1),3)",
      "(x((1,1)),3)",
      "(x((1,1)),2)",
      "(x((1,2)),3)",
      "(x((1,2)),2)",
      "(x((1,2)),1)",
      "(x((1,3)),3)",
      "(x((1,3)),1)",
      "(x((2,1)),2)",
      "(x((2,1)),1)",
      "(x((2,2)),2)",
      "(x((2,2)),1)",
      "(x((2,3)),3)",
      "(x((2,3)),2)",
      "(x((3,1)),3)",
      "(x((3,1)),2)",
      "(x((3,1)),1)",
      "(x((3,2)),3)",
      "(x((3,2)),1)",
      "(x((3,3)),3)",
      "(x((3,3)),2)",
      "(x((3,3)),1)"
     ],
     "Costs": [
      -78
     ]
    },
    {
     "Value": [
      "(weight(x((1,1)),6),1)",
      "(weight(x((1,1)),6),2)",
      "(weight(x((1,1)),6),3)",
      "(weight(x((1,2)),3),1)",
      "(weight(x((1,2)),3),2)",
      "(weight(x((1,2)),3),3)",
      "(weight(x((1,3)),9),1)",
      "(weight(x((1,3)),9),2)",
      "(weight(x((1,3)),9),3)",
      "(weight(x((2,1)),7),1)",
      "(weight(x((2,1)),7),2)",
      "(weight(x((2,1)),7),3)",
      "(weight(x((2,2)),4),1)",
      "(weight(x((2,2)),4),2)",
      "(weight(x((2,2)),4),3)",
      "(weight(x((2,3)),8),1)",
      "(weight(x((2,3)),8),2)",
      "(weight(x((2,3)),8),3)",
      "(weight(x((3,1)),2),1)",
      "(weight(x((3,1)),2),2)",
      "(weight(x((3,1)),2),3)",
      "(weight(x((3,2)),5),1)",
      "(weight(x((3,2)),5),2)",
      "(weight(x((3,2)),5),3)",
      "(weight(x((3,3)),1),1)",
      "(weight(x((3,3)),1),2)",
      "(weight(x((3,3)),1),3)",
      "(x((1,1)),3)",
      "(x((1,1)),2)",
      "(x((1,2)),3)",
      "(x((1,2)),2)",
      "(x((1,2)),1)",
      "(x((1,3)),3)",
      "(x((1,3)),1)",
      "(x((2,1)),3)",
      "(x((2,1)),2)",
      "(x((2,2)),2)",
      "(x((2,2)),1)",
      "(x((2,3)),2)",
      "(x((2,3)),1)",
      "(x((3,1)),3)",
      "(x((3,1)),2)",
      "(x((3,1)),1)",
      "(x((3,2)),3)",
      "(x((3,2)),1)",
      "(x((3,3)),3)",
      "(x((3,3)),2)",
      "(x((3,3)),1)"
     ],
     "Costs": [
      -78
     ]
    },
    {
     "Value": [
      "(weight(x((1,1)),6),1)",
      "(weight(x((1,1)),6),2)",
      "(weight(x((1,1)),6),3)",
      "(weight(x((1,2)),3),1)",
      "(weight(x((1,2)),3),2)",
      "(weight(x((1,2)),3),3)",
      "(weight(x((1,3)),9),1)",
      "(weight(x((1,3)),9),2)",
      "(weight(x((1,3)),9),3)",
      "(weight(x((2,1)),7),1)",
      "(weight(x((2,1)),7),2)",
      "(weight(x((2,1)),7),3)",
      "(weight(x((2,2)),4),1)",
      "(weight(x((2,2)),4),2)",
      "(weight(x((2,2)),4),3)",
      "(weight(x((2,3)),8),1)",
      "(weight(x((2,3)),8),2)",
      "(weight(x((2,3)),8),3)",
      "(weight(x((3,1)),2),1)",
      "(weight(x((3,1)),2),2)",
      "(weight(x((3,1)),2),3)",
      "(weight(x((3,2)),5),1)",
      "(weight(x((3,2)),5),2)",
      "(weight(x((3,2)),5),3)",
      "(weight(x((3,3)),1),1)",
      "(weight(x((3,3)),1),2)",
      "(weight(x((3,3)),1),3)",
      "(x((1,1)),2)",
      "(x((1,1)),1)",
      "(x((1,2)),3)",
      "(x((1,2)),2)",
      "(x((1,2)),1)",
      "(x((1,3)),3)",
      "(x((1,3)),1)",
      "(x((2,1)),2)",
      "(x((2,1)),1)",
      "(x((2,2)),3)",
      "(x((2,2)),2)",
      "(x((2,3)),3)",
      "(x((2,3)),1)",
      "(x((3,1)),3)",
      "(x((3,1)),2)",
      "(x((3,1)),1)",
      "(x((3,2)),3)",
      "(x((3,2)),2)",
      "(x((3,3)),3)",
      "(x((3,3)),2)",
      "(x((3,3)),1)"
     ],
     "Costs": [
      -78
     ]
    },
    {
     "Value": [
      "(weight(x((1,1)),6),1)",
      "(weight(x((1,1)),6),2)",
      "(weight(x((1,1)),6),3)",
      "(weight(x((1,2)),3),1)",
      "(weight(x((1,2)),3),2)",
      "(weight(x((1,2)),3),3)",
      "(weight(x((1,3)),9),1)",
      "(weight(x((1,3)),9),2)",
      "(weight(x((1,3)),9),3)",
      "(weight(x((2,1)),7),1)",
      "(weight(x((2,1)),7),2)",
      "(weight(x((2,1)),7),3)",
      "(weight(x((2,2)),4),1)",
      "(weight(x((2,2)),4),2)",
      "(weight(x((2,2)),4),3)",
      "(weight(x((2,3)),8),1)",
      "(weight(x((2,3)),8),2)",
      "(weight(x((2,3)),8),3)",
      "(weight(x((3,1)),2),1)",
      "(weight(x((3,1)),2),2)",
      "(weight(x((3,1)),2),3)",
      "(weight(x((3,2)),5),1)",
      "(weight(x((3,2)),5),2)",
      "(weight(x((3,2)),5),3)",
      "(weight(x((3,3)),1),1)",
      "(weight(x((3,3)),1),2)",
      "(weight(x((3,3)),1),3)",
      "(x((1,1)),2)",
      "(x((1,1)),1)",
      "(x((1,2)),3)",
      "(x((1,2)),2)",
      "(x((1,2)),1)",
      "(x((1,3)),3)",
      "(x((1,3)),1)",
      "(x((2,1)),3)",
      "(x((2,1)),2)",
      "(x((2,2)),3)",
      "(x((2,2)),2)",
      "(x((2,3)),3)",
      "(x((2,3)),1)",
      "(x((3,1)),3)",
      "(x((3,1)),2)",
      "(x((3,1)),1)",
      "(x((3,2)),2)",
      "(x((3,2)),1)",
      "(x((3,3)),3)",
      "(x((3,3)),2)",
      "(x((3,3)),1)"
     ],
     "Costs": [
      -78
     ]
    },
    {
     "Value": [
      "(weight(x((1,1)),6),1)",
      "(weight(x((1,1)),6),2)",
      "(weight(x((1,1)),6),3)",
      "(weight(x((1,2)),3),1)",
      "(weight(x((1,2)),3),2)",
      "(weight(x((1,2)),3),3)",
      "(weight(x((1,3)),9),1)",
      "(weight(x((1,3)),9),2)",
      "(weight(x((1,3)),9),3)",
      "(weight(x((2,1)),7),1)",
      "(weight(x((2,1)),7),2)",
      "(weight(x((2,1)),7),3)",
      "(weight(x((2,2)),4),1)",
      "(weight(x((2,2)),4),2)",
      "(weight(x((2,2)),4),3)",
      "(weight(x((2,3)),8),1)",
      "(weight(x((2,3)),8),2)",
      "(weight(x((2,3)),8),3)",
      "(weight(x((3,1)),2),1)",
      "(weight(x((3,1)),2),2)",
      "(weight(x((3,1)),2),3)",
      "(weight(x((3,2)),5),1)",
      "(weight(x((3,2)),5),2)",
      "(weight(x((3,2)),5),3)",
      "(weight(x((3,3)),1),1)",
      "(weight(x((3,3)),1),2)",
      "(weight(x((3,3)),1),3)",
      "(x((1,1)),3)",
      "(x((1,1)),2)",
      "(x((1,2)),3)",
      "(x((1,2)),2)",
      "(x((1,2)),1)",
      "(x((1,3)),3)",
      "(x((1,3)),1)",
      "(x((2,1)),3)",
      "(x((2,1)),2)",
      "(x((2,2)),2)",
      "(x((2,2)),1)",
      "(x((2,3)),3)",
      "(x((2,3)),1)",
      "(x((3,1)),3)",
      "(x((3,1)),2)",
      "(x((3,1)),1)",
      "(x((3,2)),2)",
      "(x((3,2)),1)",
      "(x((3,3)),3)",
      "(x((3,3)),2)",
      "(x((3,3)),1)"
     ],
     "Costs": [
      -78
     ]
    },
    {
     "Value": [
      "(weight(x((1,1)),6),1)",
      "(weight(x((1,1)),6),2)",
      "(weight(x((1,1)),6),3)",
      "(weight(x((1,2)),3),1)",
      "(weight(x((1,2)),3),2)",
      "(weight(x((1,2)),3),3)",
      "(weight(x((1,3)),9),1)",
      "(weight(x((1,3)),9),2)",
      "(weight(x((1,3)),9),3)",
      "(weight(x((2,1)),7),1)",
      "(weight(x((2,1)),7),2)",
      "(weight(x((2,1)),7),3)",
      "(weight(x((2,2)),4),1)",
      "(weight(x((2,2)),4),2)",
      "(weight(x((2,2)),4),3)",
      "(weight(x((2,3)),8),1)",
      "(weight(x((2,3)),8),2)",
      "(weight(x((2,3)),8),3)",
      "(weight(x((3,1)),2),1)",
      "(weight(x((3,1)),2),2)",
      "(weight(x((3,1)),2),3)",
      "(weight(x((3,2)),5),1)",
      "(weight(x((3,2)),5),2)",
      "(weight(x((3,2)),5),3)",
      "(weight(x((3,3)),1),1)",
      "(weight(x((3,3)),1),2)",
      "(weight(x((3,3)),1),3)",
      "(x((1,1)),3)",
      "(x((1,1)),2)",
      "(x((1,2)),3)",
      "(x((1,2)),2)",
      "(x((1,2)),1)",
      "(x((1,3)),3)",
      "(x((1,3)),1)",
      "(x((2,1)),2)",
      "(x((2,1)),1)",
      "(x((2,2)),2)",
      "(x((2,2)),1)",
      "(x((2,3)),3)",
      "(x((2,3)),1)",
      "(x((3,1)),3)",
      "(x((3,1)),2)",
      "(x((3,1)),1)",
      "(x((3,2)),3)",
      "(x((3,2)),2)",
      "(x((3,3)),3)",
      "(x((3,3)),2)",
      "(x((3,3)),1)"
     ],
     "Costs": [
      -78
     ]
    },
    {
     "Value": [
      "(weight(x((1,1)),6),1)",
      "(weight(x((1,1)),6),2)",
      "(weight(x((1,1)),6),3)",
      "(weight(x((1,2)),3),1)",
      "(weight(x((1,2)),3),2)",
      "(weight(x((1,2)),3),3)",
      "(weight(x((1,3)),9),1)",
      "(weight(x((1,3)),9),2)",
      "(weight(x((1,3)),9),3)",
      "(weight(x((2,1)),7),1)",
      "(weight(x((2,1)),7),2)",
      "(weight(x((2,1)),7),3)",
      "(weight(x((2,2)),4),1)",
      "(weight(x((2,2)),4),2)",
      "(weight(x((2,2)),4),3)",
      "(weight(x((2,3)),8),1)",
      "(weight(x((2,3)),8),2)",
      "(weight(x((2,3)),8),3)",
      "(weight(x((3,1)),2),1)",
      "(weight(x((3,1)),2),2)",
      "(weight(x((3,1)),2),3)",
      "(weight(x((3,2)),5),1)",
      "(weight(x((3,2)),5),2)",
      "(weight(x((3,2)),5),3)",
      "(weight(x((3,3)),1),1)",
      "(weight(x((3,3)),1),2)",
      "(weight(x((3,3)),1),3)",
      "(x((1,1)),3)",
      "(x((1,1)),1)",
      "(x((1,2)),3)",
      "(x((1,2)),2)",
      "(x((1,2)),1)",
      "(x((1,3)),3)",
      "(x((1,3)),2)",
      "(x((2,1)),3)",
      "(x((2,1)),2)",
      "(x((2,2)),2)",
      "(x((2,2)),1)",
      "(x((2,3)),2)",
      "(x((2,3)),1)",
      "(x((3,1)),3)",
      "(x((3,1)),2)",
      "(x((3,1)),1)",
      "(x((3,2)),3)",
      "(x((3,2)),1)",
      "(x((3,3)),3)",
      "(x((3,3)),2)",
      "(x((3,3)),1)"
     ],
     "Costs": [
      -78
     ]
    },
    {
     "Value": [
      "(weight(x((1,1)),6),1)",
      "(weight(x((1,1)),6),2)",
      "(weight(x((1,1)),6),3)",
      "(weight(x((1,2)),3),1)",
      "(weight(x((1,2)),3),2)",
      "(weight(x((1,2)),3),3)",
      "(weight(x((1,3)),9),1)",
      "(weight(x((1,3)),9),2)",
      "(weight(x((1,3)),9),3)",
      "(weight(x((2,1)),7),1)",
      "(weight(x((2,1)),7),2)",
      "(weight(x((2,1)),7),3)",
      "(weight(x((2,2)),4),1)",
      "(weight(x((2,2)),4),2)",
      "(weight(x((2,2)),4),3)",
      "(weight(x((2,3)),8),1)",
      "(weight(x((2,3)),8),2)",
      "(weight(x((2,3)),8),3)",
      "(weight(x((3,1)),2),1)",
      "(weight(x((3,1)),2),2)",
      "(weight(x((3,1)),2),3)",
      "(weight(x((3,2)),5),1)",
      "(weight(x((3,2)),5),2)",
      "(weight(x((3,2)),5),3)",
      "(weight(x((3,3)),1),1)",
      "(weight(x((3,3)),1),2)",
      "(weight(x((3,3)),1),3)",
      "(x((1,1)),3)",
      "(x((1,1)),1)",
      "(x((1,2)),3)",
      "(x((1,2)),2)",
      "(x((1,2)),1)",
      "(x((1,3)),2)",
      "(x((1,3)),1)",
      "(x((2,1)),3)",
      "(x((2,1)),2)",
      "(x((2,2)),3)",
      "(x((2,2)),2)",
      "(x((2,3)),2)",
      "(x((2,3)),1)",
      "(x((3,1)),3)",
      "(x((3,1)),2)",
      "(x((3,1)),1)",
      "(x((3,2)),3)",
      "(x((3,2)),1)",
      "(x((3,3)),3)",
      "(x((3,3)),2)",
      "(x((3,3)),1)"
     ],
     "Costs": [
      -78
     ]
    },
    {
     "Value": [
      "(weight(x((1,1)),6),1)",
      "(weight(x((1,1)),6),2)",
      "(weight(x((1,1)),6),3)",
      "(weight(x((1,2)),3),1)",
      "(weight(x((1,2)),3),2)",
      "(weight(x((1,2)),3),3)",
      "(weight(x((1,3)),9),1)",
      "(weight(x((1,3)),9),2)",
      "(weight(x((1,3)),9),3)",
      "(weight(x((2,1)),7),1)",
      "(weight(x((2,1)),7),2)",
      "(weight(x((2,1)),7),3)",
      "(weight(x((2,2)),4),1)",
      "(weight(x((2,2)),4),2)",
      "(weight(x((2,2)),4),3)",
      "(weight(x((2,3)),8),1)",
      "(weight(x((2,3)),8),2)",
      "(weight(x((2,3)),8),3)",
      "(weight(x((3,1)),2),1)",
      "(weight(x((3,1)),2),2)",
      "(weight(x((3,1)),2),3)",
      "(weight(x((3,2)),5),1)",
      "(weight(x((3,2)),5),2)",
      "(weight(x((3,2)),5),3)",
      "(weight(x((3,3)),1),1)",
      "(weight(x((3,3)),1),2)",
      "(weight(x((3,3)),1),3)",
      "(x((1,1)),3)",
      "(x((1,1)),1)",
      "(x((1,2)),3)",
      "(x((1,2)),2)",
      "(x((1,2)),1)",
      "(x((1,3)),3)",
      "(x((1,3)),2)",
      "(x((2,1)),2)",
      "(x((2,1)),1)",
      "(x((2,2)),3)",
      "(x((2,2)),2)",
      "(x((2,3)),2)",
      "(x((2,3)),1)",
      "(x((3,1)),3)",
      "(x((3,1)),2)",
      "(x((3,1)),1)",
      "(x((3,2)),3)",
      "(x((3,2)),1)",
      "(x((3,3)),3)",
      "(x((3,3)),2)",
      "(x((3,3)),1)"
     ],
     "Costs": [
      -78
     ]
    },
    {
     "Value": [
      "(weight(x((1,1)),6),1)",
      "(weight(x((1,1)),6),2)",
      "(weight(x((1,1)),6),3)",
      "(weight(x((1,2)),3),1)",
      "(weight(x((1,2)),3),2)",
      "(weight(x((1,2)),3),3)",
      "(weight(x((1,3)),9),1)",
      "(weight(x((1,3)),9),2)",
      "(weight(x((1,3)),9),3)",
      "(weight(x((2,1)),7),1)",
      "(weight(x((2,1)),7),2)",
      "(weight(x((2,1)),7),3)",
      "(weight(x((2,2)),4),1)",
      "(weight(x((2,2)),4),2)",
      "(weight(x((2,2)),4),3)",
      "(weight(x((2,3)),8),1)",
      "(weight(x((2,3)),8),2)",
      "(weight(x((2,3)),8),3)",
      "(weight(x((3,1)),2),1)",
      "(weight(x((3,1)),2),2)",
      "(weight(x((3,1)),2),3)",
      "(weight(x((3,2)),5),1)",
      "(weight(x((3,2)),5),2)",
      "(weight(x((3,2)),5),3)",
      "(weight(x((3,3)),1),1)",
      "(weight(x((3,3)),1),2)",
      "(weight(x((3,3)),1),3)",
      "(x((1,1)),3)",
      "(x((1,1)),1)",
      "(x((1,2)),3)",
      "(x((1,2)),2)",
      "(x((1,2)),1)",
      "(x((1,3)),2)",
      "(x((1,3)),1)",
      "(x((2,1)),3)",
      "(x((2,1)),2)",
      "(x((2,2)),2)",
      "(x((2,2)),1)",
      "(x((2,3)),3)",
      "(x((2,3)),2)",
      "(x((3,1)),3)",
      "(x((3,1)),2)",
      "(x((3,1)),1)",
      "(x((3,2)),3)",
      "(x((3,2)),1)",
      "(x((3,3)),3)",
      "(x((3,3)),2)",
      "(x((3,3)),1)"
     ],
     "Costs": [
      -78
     ]
    },
    {
     "Value": [
      "(weight(x((1,1)),6),1)",
      "(weight(x((1,1)),6),2)",
      "(weight(x((1,1)),6),3)",
      "(weight(x((1,2)),3),1)",
      "(weight(x((1,2)),3),2)",
      "(weight(x((1,2)),3),3)",
      "(weight(x((1,3)),9),1)",
      "(weight(x((1,3)),9),2)",
      "(weight(x((1,3)),9),3)",
      "(weight(x((2,1)),7),1)",
      "(weight(x((2,1)),7),2)",
      "(weight(x((2,1)),7),3)",
      "(weight(x((2,2)),4),1)",
      "(weight(x((2,2)),4),2)",
      "(weight(x((2,2)),4),3)",
      "(weight(x((2,3)),8),1)",
      "(weight(x((2,3)),8),2)",
      "(weight(x((2,3)),8),3)",
      "(weight(x((3,1)),2),1)",
      "(weight(x((3,1)),2),2)",
      "(weight(x((3,1)),2),3)",
      "(weight(x((3,2)),5),1)",
      "(weight(x((3,2)),5),2)",
      "(weight(x((3,2)),5),3)",
      "(weight(x((3,3)),1),1)",
      "(weight(x((3,3)),1),2)",
      "(weight(x((3,3)),1),3)",
      "(x((1,1)),3)",
      "(x((1,1)),1)",
      "(x((1,2)),3)",
      "(x((1,2)),2)",
      "(x((1,2)),1)",
      "(x((1,3)),3)",
      "(x((1,3)),2)",
      "(x((2,1)),2)",
      "(x((2,1)),1)",
      "(x((2,2)),2)",
      "(x((2,2)),1)",
      "(x((2,3)),3)",
      "(x((2,3)),2)",
      "(x((3,1)),3)",
      "(x((3,1)),2)",
      "(x((3,1)),1)",
      "(x((3,2)),3)",
      "(x((3,2)),1)",
      "(x((3,3)),3)",
      "(x((3,3)),2)",
      "(x((3,3)),1)"
     ],
     "Costs": [
      -78
     ]
    },
    {
     "Value": [
      "(weight(x((1,1)),6),1)",
      "(weight(x((1,1)),6),2)",
      "(weight(x((1,1)),6),3)",
      "(weight(x((1,2)),3),1)",
      "(weight(x((1,2)),3),2)",
      "(weight(x((1,2)),3),3)",
      "(weight(x((1,3)),9),1)",
      "(weight(x((1,3)),9),2)",
      "(weight(x((1,3)),9),3)",
      "(weight(x((2,1)),7),1)",
      "(weight(x((2,1)),7),2)",
      "(weight(x((2,1)),7),3)",
      "(weight(x((2,2)),4),1)",
      "(weight(x((2,2)),4),2)",
      "(weight(x((2,2)),4),3)",
      "(weight(x((2,3)),8),1)",
      "(weight(x((2,3)),8),2)",
      "(weight(x((2,3)),8),3)",
      "(weight(x((3,1)),2),1)",
      "(weight(x((3,1)),2),2)",
      "(weight(x((3,1)),2),3)",
      "(weight(x((3,2)),5),1)",
      "(weight(x((3,2)),5),2)",
      "(weight(x((3,2)),5),3)",
      "(weight(x((3,3)),1),1)",
      "(weight(x((3,3)),1),2)",
      "(weight(x((3,3)),1),3)",
      "(x((1,1)),3)",
      "(x((1,1)),1)",
      "(x((1,2)),3)",
      "(x((1,2)),2)",
      "(x((1,2)),1)",
      "(x((1,3)),2)",
      "(x((1,3)),1)",
      "(x((2,1)),2)",
      "(x((2,1)),1)",
      "(x((2,2)),3)",
      "(x((2,2)),2)",
      "(x((2,3)),3)",
      "(x((2,3)),2)",
      "(x((3,1)),3)",
      "(x((3,1)),2)",
      "(x((3,1)),1)",
      "(x((3,2)),3)",
      "(x((3,2)),1)",
      "(x((3,3)),3)",
      "(x((3,3)),2)",
      "(x((3,3)),1)"
     ],
     "Costs": [
      -78
     ]
    },
    {
     "Value": [
      "(weight(x((1,1)),6),1)",
      "(weight(x((1,1)),6),2)",
      "(weight(x((1,1)),6),3)",
      "(weight(x((1,2)),3),1)",
      "(weight(x((1,2)),3),2)",
      "(weight(x((1,2)),3),3)",
      "(weight(x((1,3)),9),1)",
      "(weight(x((1,3)),9),2)",
      "(weight(x((1,3)),9),3)",
      "(weight(x((2,1)),7),1)",
      "(weight(x((2,1)),7),2)",
      "(weight(x((2,1)),7),3)",
      "(weight(x((2,2)),4),1)",
      "(weight(x((2,2)),4),2)",
      "(weight(x((2,2)),4),3)",
      "(weight(x((2,3)),8),1)",
      "(weight(x((2,3)),8),2)",
      "(weight(x((2,3)),8),3)",
      "(weight(x((3,1)),2),1)",
      "(weight(x((3,1)),2),2)",
      "(weight(x((3,1)),2),3)",
      "(weight(x((3,2)),5),1)",
      "(weight(x((3,2)),5),2)",
      "(weight(x((3,2)),5),3)",
      "(weight(x((3,3)),1),1)",
      "(weight(x((3,3)),1),2)",
      "(weight(x((3,3)),1),3)",
      "(x((1,1)),3)",
      "(x((1,1)),2)",
      "(x((1,2)),3)",
      "(x((1,2)),2)",
      "(x((1,2)),1)",
      "(x((1,3)),2)",
      "(x((1,3)),1)",
      "(x((2,1)),3)",
      "(x((2,1)),2)",
      "(x((2,2)),3)",
      "(x((2,2)),1)",
      "(x((2,3)),2)",
      "(x((2,3)),1)",
      "(x((3,1)),3)",
      "(x((3,1)),2)",
      "(x((3,1)),1)",
      "(x((3,2)),3)",
      "(x((3,2)),1)",
      "(x((3,3)),3)",
      "(x((3,3)),2)",
      "(x((3,3)),1)"
     ],
     "Costs": [
      -78
     ]
    },
    {
     "Value": [
      "(weight(x((1,1)),6),1)",
      "(weight(x((1,1)),6),2)",
      "(weight(x((1,1)),6),3)",
      "(weight(x((1,2)),3),1)",
      "(weight(x((1,2)),3),2)",
      "(weight(x((1,2)),3),3)",
      "(weight(x((1,3)),9),1)",
      "(weight(x((1,3)),9),2)",
      "(weight(x((1,3)),9),3)",
      "(weight(x((2,1)),7),1)",
      "(weight(x((2,1)),7),2)",
      "(weight(x((2,1)),7),3)",
      "(weight(x((2,2)),4),1)",
      "(weight(x((2,2)),4),2)",
      "(weight(x((2,2)),4),3)",
      "(weight(x((2,3)),8),1)",
      "(weight(x((2,3)),8),2)",
      "(weight(x((2,3)),8),3)",
      "(weight(x((3,1)),2),1)",
      "(weight(x((3,1)),2),2)",
      "(weight(x((3,1)),2),3)",
      "(weight(x((3,2)),5),1)",
      "(weight(x((3,2)),5),2)",
      "(weight(x((3,2)),5),3)",
      "(weight(x((3,3)),1),1)",
      "(weight(x((3,3)),1),2)",
      "(weight(x((3,3)),1),3)",
      "(x((1,1)),2)",
      "(x((1,1)),1)",
      "(x((1,2)),3)",
      "(x((1,2)),2)",
      "(x((1,2)),1)",
      "(x((1,3)),2)",
      "(x((1,3)),1)",
      "(x((2,1)),3)",
      "(x((2,1)),2)",
      "(x((2,2)),3)",
      "(x((2,2)),1)",
      "(x((2,3)),3)",
      "(x((2,3)),2)",
      "(x((3,1)),3)",
      "(x((3,1)),2)",
      "(x((3,1)),1)",
      "(x((3,2)),3)",
      "(x((3,2)),1)",
      "(x((3,3)),3)",
      "(x((3,3)),2)",
      "(x((3,3)),1)"
     ],
     "Costs": [
      -78
     ]
    },
    {
     "Value": [
      "(weight(x((1,1)),6),1)",
      "(weight(x((1,1)),6),2)",
      "(weight(x((1,1)),6),3)",
      "(weight(x((1,2)),3),1)",
      "(weight(x((1,2)),3),2)",
      "(weight(x((1,2)),3),3)",
      "(weight(x((1,3)),9),1)",
      "(weight(x((1,3)),9),2)",
      "(weight(x((1,3)),9),3)",
      "(weight(x((2,1)),7),1)",
      "(weight(x((2,1)),7),2)",
      "(weight(x((2,1)),7),3)",
      "(weight(x((2,2)),4),1)",
      "(weight(x((2,2)),4),2)",
      "(weight(x((2,2)),4),3)",
      "(weight(x((2,3)),8),1)",
      "(weight(x((2,3)),8),2)",
      "(weight(x((2,3)),8),3)",
      "(weight(x((3,1)),2),1)",
      "(weight(x((3,1)),2),2)",
      "(weight(x((3,1)),2),3)",
      "(weight(x((3,2)),5),1)",
      "(weight(x((3,2)),5),2)",
      "(weight(x((3,2)),5),3)",
      "(weight(x((3,3)),1),1)",
      "(weight(x((3,3)),1),2)",
      "(weight(x((3,3)),1),3)",
      "(x((1,1)),3)",
      "(x((1,1)),2)",
      "(x((1,2)),3)",
      "(x((1,2)),2)",
      "(x((1,2)),1)",
      "(x((1,3)),2)",
      "(x((1,3)),1)",
      "(x((2,1)),2)",
      "(x((2,1)),1)",
      "(x((2,2)),3)",
      "(x((2,2)),1)",
      "(x((2,3)),3)",
      "(x((2,3)),2)",
      "(x((3,1)),3)",
      "(x((3,1)),2)",
      "(x((3,1)),1)",
      "(x((3,2)),3)",
      "(x((3,2)),1)",
      "(x((3,3)),3)",
      "(x((3,3)),2)",
      "(x((3,3)),1)"
     ],
     "Costs": [
      -78
     ]
    },
    {
     "Value": [
      "(weight(x((1,1)),6),1)",
      "(weight(x((1,1)),6),2)",
      "(weight(x((1,1)),6),3)",
      "(weight(x((1,2)),3),1)",
      "(weight(x((1,2)),3),2)",
      "(weight(x((1,2)),3),3)",
      "(weight(x((1,3)),9),1)",
      "(weight(x((1,3)),9),2)",
      "(weight(x((1,3)),9),3)",
      "(weight(x((2,1)),7),1)",
      "(weight(x((2,1)),7),2)",
      "(weight(x((2,1)),7),3)",
      "(weight(x((2,2)),4),1)",
      "(weight(x((2,2)),4),2)",
      "(weight(x((2,2)),4),3)",
      "(weight(x((2,3)),8),1)",
      "(weight(x((2,3)),8),2)",
      "(weight(x((2,3)),8),3)",
      "(weight(x((3,1)),2),1)",
      "(weight(x((3,1)),2),2)",
      "(weight(x((3,1)),2),3)",
      "(weight(x((3,2)),5),1)",
      "(weight(x((3,2)),5),2)",
      "(weight(x((3,2)),5),3)",
      "(weight(x((3,3)),1),1)",
      "(weight(x((3,3)),1),2)",
      "(weight(x((3,3)),1),3)",
      "(x((1,1)),2)",
      "(x((1,1)),1)",
      "(x((1,2)),3)",
      "(x((1,2)),2)",
      "(x((1,2)),1)",
      "(x((1,3)),3)",
      "(x((1,3)),2)",
      "(x((2,1)),2)",
      "(x((2,1)),1)",
      "(x((2,2)),3)",
      "(x((2,2)),1)",
      "(x((2,3)),3)",
      "(x((2,3)),2)",
      "(x((3,1)),3)",
      "(x((3,1)),2)",
      "(x((3,1)),1)",
      "(x((3,2)),3)",
      "(x((3,2)),1)",
      "(x((3,3)),3)",
      "(x((3,3)),2)",
      "(x((3,3)),1)"
     ],
     "Costs": [
      -78
     ]
    },
    {
     "Value": [
      "(weight(x((1,1)),6),1)",
      "(weight(x((1,1)),6),2)",
      "(weight(x((1,1)),6),3)",
      "(weight(x((1,2)),3),1)",
      "(weight(x((1,2)),3),2)",
      "(weight(x((1,2)),3),3)",
      "(weight(x((1,3)),9),1)",
      "(weight(x((1,3)),9),2)",
      "(weight(x((1,3)),9),3)",
      "(weight(x((2,1)),7),1)",
      "(weight(x((2,1)),7),2)",
      "(weight(x((2,1)),7),3)",
      "(weight(x((2,2)),4),1)",
      "(weight(x((2,2)),4),2)",
      "(weight(x((2,2)),4),3)",
      "(weight(x((2,3)),8),1)",
      "(weight(x((2,3)),8),2)",
      "(weight(x((2,3)),8),3)",
      "(weight(x((3,1)),2),1)",
      "(weight(x((3,1)),2),2)",
      "(weight(x((3,1)),2),3)",
      "(weight(x((3,2)),5),1)",
      "(weight(x((3,2)),5),2)",
      "(weight(x((3,2)),5),3)",
      "(weight(x((3,3)),1),1)",
      "(weight(x((3,3)),1),2)",
      "(weight(x((3,3)),1),3)",
      "(x((1,1)),2)",
      "(x((1,1)),1)",
      "(x((1,2)),3)",
      "(x((1,2)),2)",
      "(x((1,2)),1)",
      "(x((1,3)),3)",
      "(x((1,3)),2)",
      "(x((2,1)),3)",
      "(x((2,1)),2)",
      "(x((2,2)),3)",
      "(x((2,2)),1)",
      "(x((2,3)),2)",
      "(x((2,3)),1)",
      "(x((3,1)),3)",
      "(x((3,1)),2)",
      "(x((3,1)),1)",
      "(x((3,2)),3)",
      "(x((3,2)),1)",
      "(x((3,3)),3)",
      "(x((3,3)),2)",
      "(x((3,3)),1)"
     ],
     "Costs": [
      -78
     ]
    },
    {
     "Value": [
      "(weight(x((1,1)),6),1)",
      "(weight(x((1,1)),6),2)",
      "(weight(x((1,1)),6),3)",
      "(weight(x((1,2)),3),1)",
      "(weight(x((1,2)),3),2)",
      "(weight(x((1,2)),3),3)",
      "(weight(x((1,3)),9),1)",
      "(weight(x((1,3)),9),2)",
      "(weight(x((1,3)),9),3)",
      "(weight(x((2,1)),7),1)",
      "(weight(x((2,1)),7),2)",
      "(weight(x((2,1)),7),3)",
      "(weight(x((2,2)),4),1)",
      "(weight(x((2,2)),4),2)",
      "(weight(x((2,2)),4),3)",
      "(weight(x((2,3)),8),1)",
      "(weight(x((2,3)),8),2)",
      "(weight(x((2,3)),8),3)",
      "(weight(x((3,1)),2),1)",
      "(weight(x((3,1)),2),2)",
      "(weight(x((3,1)),2),3)",
      "(weight(x((3,2)),5),1)",
      "(weight(x((3,2)),5),2)",
      "(weight(x((3,2)),5),3)",
      "(weight(x((3,3)),1),1)",
      "(weight(x((3,3)),1),2)",
      "(weight(x((3,3)),1),3)",
      "(x((1,1)),3)",
      "(x((1,1)),2)",
      "(x((1,2)),3)",
      "(x((1,2)),2)",
      "(x((1,2)),1)",
      "(x((1,3)),3)",
      "(x((1,3)),2)",
      "(x((2,1)),2)",
      "(x((2,1)),1)",
      "(x((2,2)),3)",
      "(x((2,2)),1)",
      "(x((2,3)),2)",
      "(x((2,3)),1)",
      "(x((3,1)),3)",
      "(x((3,1)),2)",
      "(x((3,1)),1)",
      "(x((3,2)),3)",
      "(x((3,2)),1)",
      "(x((3,3)),3)",
      "(x((3,3)),2)",
      "(x((3,3)),1)"
     ],
     "Costs": [
      -78
     ]
    },
    {
     "Value": [
      "(weight(x((1,1)),6),1)",
      "(weight(x((1,1)),6),2)",
      "(weight(x((1,1)),6),3)",
      "(weight(x((1,2)),3),1)",
      "(weight(x((1,2)),3),2)",
      "(weight(x((1,2)),3),3)",
      "(weight(x((1,3)),9),1)",
      "(weight(x((1,3)),9),2)",
      "(weight(x((1,3)),9),3)",
      "(weight(x((2,1)),7),1)",
      "(weight(x((2,1)),7),2)",
      "(weight(x((2,1)),7),3)",
      "(weight(x((2,2)),4),1)",
      "(weight(x((2,2)),4),2)",
      "(weight(x((2,2)),4),3)",
      "(weight(x((2,3)),8),1)",
      "(weight(x((2,3)),8),2)",
      "(weight(x((2,3)),8),3)",
      "(weight(x((3,1)),2),1)",
      "(weight(x((3,1)),2),2)",
      "(weight(x((3,1)),2),3)",
      "(weight(x((3,2)),5),1)",
      "(weight(x((3,2)),5),2)",
      "(weight(x((3,2)),5),3)",
      "(weight(x((3,3)),1),1)",
      "(weight(x((3,3)),1),2)",
      "(weight(x((3,3)),1),3)",
      "(x((1,1)),3)",
      "(x((1,1)),1)",
      "(x((1,2)),3)",
      "(x((1,2)),2)",
      "(x((1,2)),1)",
      "(x((1,3)),3)",
      "(x((1,3)),2)",
      "(x((2,1)),2)",
      "(x((2,1)),1)",
      "(x((2,2)),3)",
      "(x((2,2)),1)",
      "(x((2,3)),2)",
      "(x((2,3)),1)",
      "(x((3,1)),3)",
      "(x((3,1)),2)",
      "(x((3,1)),1)",
      "(x((3,2)),3)",
      "(x((3,2)),2)",
      "(x((3,3)),3)",
      "(x((3,3)),2)",
      "(x((3,3)),1)"
     ],
     "Costs": [
      -78
     ]
    },
    {
     "Value": [
      "(weight(x((1,1)),6),1)",
      "(weight(x((1,1)),6),2)",
      "(weight(x((1,1)),6),3)",
      "(weight(x((1,2)),3),1)",
      "(weight(x((1,2)),3),2)",
      "(weight(x((1,2)),3),3)",
      "(weight(x((1,3)),9),1)",
      "(weight(x((1,3)),9),2)",
      "(weight(x((1,3)),9),3)",
      "(weight(x((2,1)),7),1)",
      "(weight(x((2,1)),7),2)",
      "(weight(x((2,1)),7),3)",
      "(weight(x((2,2)),4),1)",
      "(weight(x((2,2)),4),2)",
      "(weight(x((2,2)),4),3)",
      "(weight(x((2,3)),8),1)",
      "(weight(x((2,3)),8),2)",
      "(weight(x((2,3)),8),3)",
      "(weight(x((3,1)),2),1)",
      "(weight(x((3,1)),2),2)",
      "(weight(x((3,1)),2),3)",
      "(weight(x((3,2)),5),1)",
      "(weight(x((3,2)),5),2)",
      "(weight(x((3,2)),5),3)",
      "(weight(x((3,3)),1),1)",
      "(weight(x((3,3)),1),2)",
      "(weight(x((3,3)),1),3)",
      "(x((1,1)),3)",
      "(x((1,1)),1)",
      "(x((1,2)),3)",
      "(x((1,2)),2)",
      "(x((1,2)),1)",
      "(x((1,3)),2)",
      "(x((1,3)),1)",
      "(x((2,1)),3)",
      "(x((2,1)),2)",
      "(x((2,2)),3)",
      "(x((2,2)),1)",
      "(x((2,3)),3)",
      "(x((2,3)),2)",
      "(x((3,1)),3)",
      "(x((3,1)),2)",
      "(x((3,1)),1)",
      "(x((3,2)),2)",
      "(x((3,2)),1)",
      "(x((3,3)),3)",
      "(x((3,3)),2)",
      "(x((3,3)),1)"
     ],
     "Costs": [
      -78
     ]
    },
    {
     "Value": [
      "(weight(x((1,1)),6),1)",
      "(weight(x((1,1)),6),2)",
      "(weight(x((1,1)),6),3)",
      "(weight(x((1,2)),3),1)",
      "(weight(x((1,2)),3),2)",
      "(weight(x((1,2)),3),3)",
      "(weight(x((1,3)),9),1)",
      "(weight(x((1,3)),9),2)",
      "(weight(x((1,3)),9),3)",
      "(weight(x((2,1)),7),1)",
      "(weight(x((2,1)),7),2)",
      "(weight(x((2,1)),7),3)",
      "(weight(x((2,2)),4),1)",
      "(weight(x((2,2)),4),2)",
      "(weight(x((2,2)),4),3)",
      "(weight(x((2,3)),8),1)",
      "(weight(x((2,3)),8),2)",
      "(weight(x((2,3)),8),3)",
      "(weight(x((3,1)),2),1)",
      "(weight(x((3,1)),2),2)",
      "(weight(x((3,1)),2),3)",
      "(weight(x((3,2)),5),1)",
      "(weight(x((3,2)),5),2)",
      "(weight(x((3,2)),5),3)",
      "(weight(x((3,3)),1),1)",
      "(weight(x((3,3)),1),2)",
      "(weight(x((3,3)),1),3)",
      "(x((1,1)),3)",
      "(x((1,1)),1)",
      "(x((1,2)),3)",
      "(x((1,2)),2)",
      "(x((1,2)),1)",
      "(x((1,3)),2)",
      "(x((1,3)),1)",
      "(x((2,1)),3)",
      "(x((2,1)),2)",
      "(x((2,2)),3)",
      "(x((2,2)),2)",
      "(x((2,3)),3)",
      "(x((2,3)),1)",
      "(x((3,1)),3)",
      "(x((3,1)),2)",
      "(x((3,1)),1)",
      "(x((3,2)),2)",
      "(x((3,2)),1)",
      "(x((3,3)),3)",
      "(x((3,3)),2)",
      "(x((3,3)),1)"
     ],
     "Costs": [
      -78
     ]
    },
    {
     "Value": [
      "(weight(x((1,1)),6),1)",
      "(weight(x((1,1)),6),2)",
      "(weight(x((1,1)),6),3)",
      "(weight(x((1,2)),3),1)",
      "(weight(x((1,2)),3),2)",
      "(weight(x((1,2)),3),3)",
      "(weight(x((1,3)),9),1)",
      "(weight(x((1,3)),9),2)",
      "(weight(x((1,3)),9),3)",
      "(weight(x((2,1)),7),1)",
      "(weight(x((2,1)),7),2)",
      "(weight(x((2,1)),7),3)",
      "(weight(x((2,2)),4),1)",
      "(weight(x((2,2)),4),2)",
      "(weight(x((2,2)),4),3)",
      "(weight(x((2,3)),8),1)",
      "(weight(x((2,3)),8),2)",
      "(weight(x((2,3)),8),3)",
      "(weight(x((3,1)),2),1)",
      "(weight(x((3,1)),2),2)",
      "(weight(x((3,1)),2),3)",
      "(weight(x((3,2)),5),1)",
      "(weight(x((3,2)),5),2)",
      "(weight(x((3,2)),5),3)",
      "(weight(x((3,3)),1),1)",
      "(weight(x((3,3)),1),2)",
      "(weight(x((3,3)),1),3)",
      "(x((1,1)),3)",
      "(x((1,1)),1)",
      "(x((1,2)),3)",
      "(x((1,2)),2)",
      "(x((1,2)),1)",
      "(x((1,3)),3)",
      "(x((1,3)),2)",
      "(x((2,1)),3)",
      "(x((2,1)),2)",
      "(x((2,2)),2)",
      "(x((2,2)),1)",
      "(x((2,3)),3)",
      "(x((2,3)),1)",
      "(x((3,1)),3)",
      "(x((3,1)),2)",
      "(x((3,1)),1)",
      "(x((3,2)),2)",
      "(x((3,2)),1)",
      "(x((3,3)),3)",
      "(x((3,3)),2)",
      "(x((3,3)),1)"
     ],
     "Costs": [
      -78
     ]
    },
    {
     "Value": [
      "(weight(x((1,1)),6),1)",
      "(weight(x((1,1)),6),2)",
      "(weight(x((1,1)),6),3)",
      "(weight(x((1,2)),3),1)",
      "(weight(x((1,2)),3),2)",
      "(weight(x((1,2)),3),3)",
      "(weight(x((1,3)),9),1)",
      "(weight(x((1,3)),9),2)",
      "(weight(x((1,3)),9),3)",
      "(weight(x((2,1)),7),1)",
      "(weight(x((2,1)),7),2)",
      "(weight(x((2,1)),7),3)",
      "(weight(x((2,2)),4),1)",
      "(weight(x((2,2)),4),2)",
      "(weight(x((2,2)),4),3)",
      "(weight(x((2,3)),8),1)",
      "(weight(x((2,3)),8),2)",
      "(weight(x((2,3)),8),3)",
      "(weight(x((3,1)),2),1)",
      "(weight(x((3,1)),2),2)",
      "(weight(x((3,1)),2),3)",
      "(weight(x((3,2)),5),1)",
      "(weight(x((3,2)),5),2)",
      "(weight(x((3,2)),5),3)",
      "(weight(x((3,3)),1),1)",
      "(weight(x((3,3)),1),2)",
      "(weight(x((3,3)),1),3)",
      "(x((1,1)),3)",
      "(x((1,1)),1)",
      "(x((1,2)),3)",
      "(x((1,2)),2)",
      "(x((1,2)),1)",
      "(x((1,3)),3)",
      "(x((1,3)),2)",
      "(x((2,1)),2)",
      "(x((2,1)),1)",
      "(x((2,2)),2)",
      "(x((2,2)),1)",
      "(x((2,3)),3)",
      "(x((2,3)),1)",
      "(x((3,1)),3)",
      "(x((3,1)),2)",
      "(x((3,1)),1)",
      "(x((3,2)),3)",
      "(x((3,2)),2)",
      "(x((3,3)),3)",
      "(x((3,3)),2)",
      "(x((3,3)),1)"
     ],
     "Costs": [
      -78
     ]
    },
    {
     "Value": [
      "(weight(x((1,1)),6),1)",
      "(weight(x((1,1)),6),2)",
      "(weight(x((1,1)),6),3)",
      "(weight(x((1,2)),3),1)",
      "(weight(x((1,2)),3),2)",
      "(weight(x((1,2)),3),3)",
      "(weight(x((1,3)),9),1)",
      "(weight(x((1,3)),9),2)",
      "(weight(x((1,3)),9),3)",
      "(weight(x((2,1)),7),1)",
      "(weight(x((2,1)),7),2)",
      "(weight(x((2,1)),7),3)",
      "(weight(x((2,2)),4),1)",
      "(weight(x((2,2)),4),2)",
      "(weight(x((2,2)),4),3)",
      "(weight(x((2,3)),8),1)",
      "(weight(x((2,3)),8),2)",
      "(weight(x((2,3)),8),3)",
      "(weight(x((3,1)),2),1)",
      "(weight(x((3,1)),2),2)",
      "(weight(x((3,1)),2),3)",
      "(weight(x((3,2)),5),1)",
      "(weight(x((3,2)),5),2)",
      "(weight(x((3,2)),5),3)",
      "(weight(x((3,3)),1),1)",
      "(weight(x((3,3)),1),2)",
      "(weight(x((3,3)),1),3)",
      "(x((1,1)),3)",
      "(x((1,1)),1)",
      "(x((1,2)),3)",
      "(x((1,2)),2)",
      "(x((1,2)),1)",
      "(x((1,3)),2)",
      "(x((1,3)),1)",
      "(x((2,1)),2)",
      "(x((2,1)),1)",
      "(x((2,2)),3)",
      "(x((2,2)),2)",
      "(x((2,3)),3)",
      "(x((2,3)),1)",
      "(x((3,1)),3)",
      "(x((3,1)),2)",
      "(x((3,1)),1)",
      "(x((3,2)),3)",
      "(x((3,2)),2)",
      "(x((3,3)),3)",
      "(x((3,3)),2)",
      "(x((3,3)),1)"
     ],
     "Costs": [
      -78
     ]
    },
    {
     "Value": [
      "(weight(x((1,1)),6),1)",
      "(weight(x((1,1)),6),2)",
      "(weight(x((1,1)),6),3)",
      "(weight(x((1,2)),3),1)",
      "(weight(x((1,2)),3),2)",
      "(weight(x((1,2)),3),3)",
      "(weight(x((1,3)),9),1)",
      "(weight(x((1,3)),9),2)",
      "(weight(x((1,3)),9),3)",
      "(weight(x((2,1)),7),1)",
      "(weight(x((2,1)),7),2)",
      "(weight(x((2,1)),7),3)",
      "(weight(x((2,2)),4),1)",
      "(weight(x((2,2)),4),2)",
      "(weight(x((2,2)),4),3)",
      "(weight(x((2,3)),8),1)",
      "(weight(x((2,3)),8),2)",
      "(weight(x((2,3)),8),3)",
      "(weight(x((3,1)),2),1)",
      "(weight(x((3,1)),2),2)",
      "(weight(x((3,1)),2),3)",
      "(weight(x((3,2)),5),1)",
      "(weight(x((3,2)),5),2)",
      "(weight(x((3,2)),5),3)",
      "(weight(x((3,3)),1),1)",
      "(weight(x((3,3)),1),2)",
      "(weight(x((3,3)),1),3)",
      "(x((1,1)),3)",
      "(x((1,1)),1)",
      "(x((1,2)),3)",
      "(x((1,2)),2)",
      "(x((1,2)),1)",
      "(x((1,3)),2)",
      "(x((1,3)),1)",
      "(x((2,1)),3)",
      "(x((2,1)),1)",
      "(x((2,2)),3)",
      "(x((2,2)),2)",
      "(x((2,3)),3)",
      "(x((2,3)),2)",
      "(x((3,1)),3)",
      "(x((3,1)),2)",
      "(x((3,1)),1)",
      "(x((3,2)),2)",
      "(x((3,2)),1)",
      "(x((3,3)),3)",
      "(x((3,3)),2)",
      "(x((3,3)),1)"
     ],
     "Costs": [
      -78
     ]
    },
    {
     "Value": [
      "(weight(x((1,1)),6),1)",
      "(weight(x((1,1)),6),2)",
      "(weight(x((1,1)),6),3)",
      "(weight(x((1,2)),3),1)",
      "(weight(x((1,2)),3),2)",
      "(weight(x((1,2)),3),3)",
      "(weight(x((1,3)),9),1)",
      "(weight(x((1,3)),9),2)",
      "(weight(x((1,3)),9),3)",
      "(weight(x((2,1)),7),1)",
      "(weight(x((2,1)),7),2)",
      "(weight(x((2,1)),7),3)",
      "(weight(x((2,2)),4),1)",
      "(weight(x((2,2)),4),2)",
      "(weight(x((2,2)),4),3)",
      "(weight(x((2,3)),8),1)",
      "(weight(x((2,3)),8),2)",
      "(weight(x((2,3)),8),3)",
      "(weight(x((3,1)),2),1)",
      "(weight(x((3,1)),2),2)",
      "(weight(x((3,1)),2),3)",
      "(weight(x((3,2)),5),1)",
      "(weight(x((3,2)),5),2)",
      "(weight(x((3,2)),5),3)",
      "(weight(x((3,3)),1),1)",
      "(weight(x((3,3)),1),2)",
      "(weight(x((3,3)),1),3)",
      "(x((1,1)),3)",
      "(x((1,1)),1)",
      "(x((1,2)),3)",
      "(x((1,2)),2)",
      "(x((1,2)),1)",
      "(x((1,3)),3)",
      "(x((1,3)),2)",
      "(x((2,1)),3)",
      "(x((2,1)),1)",
      "(x((2,2)),2)",
      "(x((2,2)),1)",
      "(x((2,3)),3)",
      "(x((2,3)),2)",
      "(x((3,1)),3)",
      "(x((3,1)),2)",
      "(x((3,1)),1)",
      "(x((3,2)),2)",
      "(x((3,2)),1)",
      "(x((3,3)),3)",
      "(x((3,3)),2)",
      "(x((3,3)),1)"
     ],
     "Costs": [
      -78
     ]
    },
    {
     "Value": [
      "(weight(x((1,1)),6),1)",
      "(weight(x((1,1)),6),2)",
      "(weight(x((1,1)),6),3)",
      "(weight(x((1,2)),3),1)",
      "(weight(x((1,2)),3),2)",
      "(weight(x((1,2)),3),3)",
      "(weight(x((1,3)),9),1)",
      "(weight(x((1,3)),9),2)",
      "(weight(x((1,3)),9),3)",
      "(weight(x((2,1)),7),1)",
      "(weight(x((2,1)),7),2)",
      "(weight(x((2,1)),7),3)",
      "(weight(x((2,2)),4),1)",
      "(weight(x((2,2)),4),2)",
      "(weight(x((2,2)),4),3)",
      "(weight(x((2,3)),8),1)",
      "(weight(x((2,3)),8),2)",
      "(weight(x((2,3)),8),3)",
      "(weight(x((3,1)),2),1)",
      "(weight(x((3,1)),2),2)",
      "(weight(x((3,1)),2),3)",
      "(weight(x((3,2)),5),1)",
      "(weight(x((3,2)),5),2)",
      "(weight(x((3,2)),5),3)",
      "(weight(x((3,3)),1),1)",
      "(weight(x((3,3)),1),2)",
      "(weight(x((3,3)),1),3)",
      "(x((1,1)),3)",
      "(x((1,1)),1)",
      "(x((1,2)),3)",
      "(x((1,2)),2)",
      "(x((1,2)),1)",
      "(x((1,3)),2)",
      "(x((1,3)),1)",
      "(x((2,1)),3)",
      "(x((2,1)),1)",
      "(x((2,2)),3)",
      "(x((2,2)),2)",
      "(x((2,3)),2)",
      "(x((2,3)),1)",
      "(x((3,1)),3)",
      "(x((3,1)),2)",
      "(x((3,1)),1)",
      "(x((3,2)),3)",
      "(x((3,2)),2)",
      "(x((3,3)),3)",
      "(x((3,3)),2)",
      "(x((3,3)),1)"
     ],
     "Costs": [
      -78
     ]
    },
    {
     "Value": [
      "(weight(x((1,1)),6),1)",
      "(weight(x((1,1)),6),2)",
      "(weight(x((1,1)),6),3)",
      "(weight(x((1,2)),3),1)",
      "(weight(x((1,2)),3),2)",
      "(weight(x((1,2)),3),3)",
      "(weight(x((1,3)),9),1)",
      "(weight(x((1,3)),9),2)",
      "(weight(x((1,3)),9),3)",
      "(weight(x((2,1)),7),1)",
      "(weight(x((2,1)),7),2)",
      "(weight(x((2,1)),7),3)",
      "(weight(x((2,2)),4),1)",
      "(weight(x((2,2)),4),2)",
      "(weight(x((2,2)),4),3)",
      "(weight(x((2,3)),8),1)",
      "(weight(x((2,3)),8),2)",
      "(weight(x((2,3)),8),3)",
      "(weight(x((3,1)),2),1)",
      "(weight(x((3,1)),2),2)",
      "(weight(x((3,1)),2),3)",
      "(weight(x((3,2)),5),1)",
      "(weight(x((3,2)),5),2)",
      "(weight(x((3,2)),5),3)",
      "(weight(x((3,3)),1),1)",
      "(weight(x((3,3)),1),2)",
      "(weight(x((3,3)),1),3)",
      "(x((1,1)),3)",
      "(x((1,1)),1)",
      "(x((1,2)),3)",
      "(x((1,2)),2)",
      "(x((1,2)),1)",
      "(x((1,3)),3)",
      "(x((1,3)),2)",
      "(x((2,1)),3)",
      "(x((2,1)),1)",
      "(x((2,2)),2)",
      "(x((2,2)),1)",
      "(x((2,3)),2)",
      "(x((2,3)),1)",
      "(x((3,1)),3)",
      "(x((3,1)),2)",
      "(x((3,1)),1)",
      "(x((3,2)),3)",
      "(x((3,2)),2)",
      "(x((3,3)),3)",
      "(x((3,3)),2)",
      "(x((3,3)),1)"
     ],
     "Costs": [
      -78
     ]
    },
    {
     "Value": [
      "(weight(x((1,1)),6),1)",
      "(weight(x((1,1)),6),2)",
      "(weight(x((1,1)),6),3)",
      "(weight(x((1,2)),3),1)",
      "(weight(x((1,2)),3),2)",
      "(weight(x((1,2)),3),3)",
      "(weight(x((1,3)),9),1)",
      "(weight(x((1,3)),9),2)",
      "(weight(x((1,3)),9),3)",
      "(weight(x((2,1)),7),1)",
      "(weight(x((2,1)),7),2)",
      "(weight(x((2,1)),7),3)",
      "(weight(x((2,2)),4),1)",
      "(weight(x((2,2)),4),2)",
      "(weight(x((2,2)),4),3)",
      "(weight(x((2,3)),8),1)",
      "(weight(x((2,3)),8),2)",
      "(weight(x((2,3)),8),3)",
      "(weight(x((3,1)),2),1)",
      "(weight(x((3,1)),2),2)",
      "(weight(x((3,1)),2),3)",
      "(weight(x((3,2)),5),1)",
      "(weight(x((3,2)),5),2)",
      "(weight(x((3,2)),5),3)",
      "(weight(x((3,3)),1),1)",
      "(weight(x((3,3)),1),2)",
      "(weight(x((3,3)),1),3)",
      "(x((1,1)),2)",
      "(x((1,1)),1)",
      "(x((1,2)),3)",
      "(x((1,2)),2)",
      "(x((1,2)),1)",
      "(x((1,3)),3)",
      "(x((1,3)),2)",
      "(x((2,1)),2)",
      "(x((2,1)),1)",
      "(x((2,2)),3)",
      "(x((2,2)),1)",
      "(x((2,3)),3)",
      "(x((2,3)),1)",
      "(x((3,1)),3)",
      "(x((3,1)),2)",
      "(x((3,1)),1)",
      "(x((3,2)),3)",
      "(x((3,2)),2)",
      "(x((3,3)),3)",
      "(x((3,3)),2)",
      "(x((3,3)),1)"
     ],
     "Costs": [
      -78
     ]
    },
    {
     "Value": [
      "(weight(x((1,1)),6),1)",
      "(weight(x((1,1)),6),2)",
      "(weight(x((1,1)),6),3)",
      "(weight(x((1,2)),3),1)",
      "(weight(x((1,2)),3),2)",
      "(weight(x((1,2)),3),3)",
      "(weight(x((1,3)),9),1)",
      "(weight(x((1,3)),9),2)",
      "(weight(x((1,3)),9),3)",
      "(weight(x((2,1)),7),1)",
      "(weight(x((2,1)),7),2)",
      "(weight(x((2,1)),7),3)",
      "(weight(x((2,2)),4),1)",
      "(weight(x((2,2)),4),2)",
      "(weight(x((2,2)),4),3)",
      "(weight(x((2,3)),8),1)",
      "(weight(x((2,3)),8),2)",
      "(weight(x((2,3)),8),3)",
      "(weight(x((3,1)),2),1)",
      "(weight(x((3,1)),2),2)",
      "(weight(x((3,1)),2),3)",
      "(weight(x((3,2)),5),1)",
      "(weight(x((3,2)),5),2)",
      "(weight(x((3,2)),5),3)",
      "(weight(x((3,3)),1),1)",
      "(weight(x((3,3)),1),2)",
      "(weight(x((3,3)),1),3)",
      "(x((1,1)),3)",
      "(x((1,1)),2)",
      "(x((1,2)),3)",
      "(x((1,2)),2)",
      "(x((1,2)),1)",
      "(x((1,3)),2)",
      "(x((1,3)),1)",
      "(x((2,1)),2)",
      "(x((2,1)),1)",
      "(x((2,2)),3)",
      "(x((2,2)),1)",
      "(x((2,3)),3)",
      "(x((2,3)),1)",
      "(x((3,1)),3)",
      "(x((3,1)),2)",
      "(x((3,1)),1)",
      "(x((3,2)),3)",
      "(x((3,2)),2)",
      "(x((3,3)),3)",
      "(x((3,3)),2)",
      "(x((3,3)),1)"
     ],
     "Costs": [
      -78
     ]
    },
    {
     "Value": [
      "(weight(x((1,1)),6),1)",
      "(weight(x((1,1)),6),2)",
      "(weight(x((1,1)),6),3)",
      "(weight(x((1,2)),3),1)",
      "(weight(x((1,2)),3),2)",
      "(weight(x((1,2)),3),3)",
      "(weight(x((1,3)),9),1)",
      "(weight(x((1,3)),9),2)",
      "(weight(x((1,3)),9),3)",
      "(weight(x((2,1)),7),1)",
      "(weight(x((2,1)),7),2)",
      "(weight(x((2,1)),7),3)",
      "(weight(x((2,2)),4),1)",
      "(weight(x((2,2)),4),2)",
      "(weight(x((2,2)),4),3)",
      "(weight(x((2,3)),8),1)",
      "(weight(x((2,3)),8),2)",
      "(weight(x((2,3)),8),3)",
      "(weight(x((3,1)),2),1)",
      "(weight(x((3,1)),2),2)",
      "(weight(x((3,1)),2),3)",
      "(weight(x((3,2)),5),1)",
      "(weight(x((3,2)),5),2)",
      "(weight(x((3,2)),5),3)",
      "(weight(x((3,3)),1),1)",
      "(weight(x((3,3)),1),2)",
      "(weight(x((3,3)),1),3)",
      "(x((1,1)),2)",
      "(x((1,1)),1)",
      "(x((1,2)),3)",
      "(x((1,2)),2)",
      "(x((1,2)),1)",
      "(x((1,3)),3)",
      "(x((1,3)),2)",
      "(x((2,1)),3)",
      "(x((2,1)),2)",
      "(x((2,2)),3)",
      "(x((2,2)),1)",
      "(x((2,3)),3)",
      "(x((2,3)),1)",
      "(x((3,1)),3)",
      "(x((3,1)),2)",
      "(x((3,1)),1)",
      "(x((3,2)),2)",
      "(x((3,2)),1)",
      "(x((3,3)),3)",
      "(x((3,3)),2)",
      "(x((3,3)),1)"
     ],
     "Costs": [
      -78
     ]
    },
    {
     "Value": [
      "(weight(x((1,1)),6),1)",
      "(weight(x((1,1)),6),2)",
      "(weight(x((1,1)),6),3)",
      "(weight(x((1,2)),3),1)",
      "(weight(x((1,2)),3),2)",
      "(weight(x((1,2)),3),3)",
      "(weight(x((1,3)),9),1)",
      "(weight(x((1,3)),9),2)",
      "(weight(x((1,3)),9),3)",
      "(weight(x((2,1)),7),1)",
      "(weight(x((2,1)),7),2)",
      "(weight(x((2,1)),7),3)",
      "(weight(x((2,2)),4),1)",
      "(weight(x((2,2)),4),2)",
      "(weight(x((2,2)),4),3)",
      "(weight(x((2,3)),8),1)",
      "(weight(x((2,3)),8),2)",
      "(weight(x((2,3)),8),3)",
      "(weight(x((3,1)),2),1)",
      "(weight(x((3,1)),2),2)",
      "(weight(x((3,1)),2),3)",
      "(weight(x((3,2)),5),1)",
      "(weight(x((3,2)),5),2)",
      "(weight(x((3,2)),5),3)",
      "(weight(x((3,3)),1),1)",
      "(weight(x((3,3)),1),2)",
      "(weight(x((3,3)),1),3)",
      "(x((1,1)),3)",
      "(x((1,1)),2)",
      "(x((1,2)),3)",
      "(x((1,2)),2)",
      "(x((1,2)),1)",
      "(x((1,3)),2)",
      "(x((1,3)),1)",
      "(x((2,1)),3)",
      "(x((2,1)),2)",
      "(x((2,2)),3)",
      "(x((2,2)),1)",
      "(x((2,3)),3)",
      "(x((2,3)),1)",
      "(x((3,1)),3)",
      "(x((3,1)),2)",
      "(x((3,1)),1)",
      "(x((3,2)),2)",
      "(x((3,2)),1)",
      "(x((3,3)),3)",
      "(x((3,3)),2)",
      "(x((3,3)),1)"
     ],
     "Costs": [
      -78
     ]
    },
    {
     "Value": [
      "(weight(x((1,1)),6),1)",
      "(weight(x((1,1)),6),2)",
      "(weight(x((1,1)),6),3)",
      "(weight(x((1,2)),3),1)",
      "(weight(x((1,2)),3),2)",
      "(weight(x((1,2)),3),3)",
      "(weight(x((1,3)),9),1)",
      "(weight(x((1,3)),9),2)",
      "(weight(x((1,3)),9),3)",
      "(weight(x((2,1)),7),1)",
      "(weight(x((2,1)),7),2)",
      "(weight(x((2,1)),7),3)",
      "(weight(x((2,2)),4),1)",
      "(weight(x((2,2)),4),2)",
      "(weight(x((2,2)),4),3)",
      "(weight(x((2,3)),8),1)",
      "(weight(x((2,3)),8),2)",
      "(weight(x((2,3)),8),3)",
      "(weight(x((3,1)),2),1)",
      "(weight(x((3,1)),2),2)",
      "(weight(x((3,1)),2),3)",
      "(weight(x((3,2)),5),1)",
      "(weight(x((3,2)),5),2)",
      "(weight(x((3,2)),5),3)",
      "(weight(x((3,3)),1),1)",
      "(weight(x((3,3)),1),2)",
      "(weight(x((3,3)),1),3)",
      "(x((1,1)),3)",
      "(x((1,1)),2)",
      "(x((1,2)),3)",
      "(x((1,2)),2)",
      "(x((1,2)),1)",
      "(x((1,3)),2)",
      "(x((1,3)),1)",
      "(x((2,1)),3)",
      "(x((2,1)),1)",
      "(x((2,2)),3)",
      "(x((2,2)),1)",
      "(x((2,3)),3)",
      "(x((2,3)),2)",
      "(x((3,1)),3)",
      "(x((3,1)),2)",
      "(x((3,1)),1)",
      "(x((3,2)),2)",
      "(x((3,2)),1)",
      "(x((3,3)),3)",
      "(x((3,3)),2)",
      "(x((3,3)),1)"
     ],
     "Costs": [
      -78
     ]
    },
    {
     "Value": [
      "(weight(x((1,1)),6),1)",
      "(weight(x((1,1)),6),2)",
      "(weight(x((1,1)),6),3)",
      "(weight(x((1,2)),3),1)",
      "(weight(x((1,2)),3),2)",
      "(weight(x((1,2)),3),3)",
      "(weight(x((1,3)),9),1)",
      "(weight(x((1,3)),9),2)",
      "(weight(x((1,3)),9),3)",
      "(weight(x((2,1)),7),1)",
      "(weight(x((2,1)),7),2)",
      "(weight(x((2,1)),7),3)",
      "(weight(x((2,2)),4),1)",
      "(weight(x((2,2)),4),2)",
      "(weight(x((2,2)),4),3)",
      "(weight(x((2,3)),8),1)",
      "(weight(x((2,3)),8),2)",
      "(weight(x((2,3)),8),3)",
      "(weight(x((3,1)),2),1)",
      "(weight(x((3,1)),2),2)",
      "(weight(x((3,1)),2),3)",
      "(weight(x((3,2)),5),1)",
      "(weight(x((3,2)),5),2)",
      "(weight(x((3,2)),5),3)",
      "(weight(x((3,3)),1),1)",
      "(weight(x((3,3)),1),2)",
      "(weight(x((3,3)),1),3)",
      "(x((1,1)),3)",
      "(x((1,1)),2)",
      "(x((1,2)),3)",
      "(x((1,2)),2)",
      "(x((1,2)),1)",
      "(x((1,3)),2)",
      "(x((1,3)),1)",
      "(x((2,1)),3)",
      "(x((2,1)),1)",
      "(x((2,2)),3)",
      "(x((2,2)),1)",
      "(x((2,3)),2)",
      "(x((2,3)),1)",
      "(x((3,1)),3)",
      "(x((3,1)),2)",
      "(x((3,1)),1)",
      "(x((3,2)),3)",
      "(x((3,2)),2)",
      "(x((3,3)),3)",
      "(x((3,3)),2)",
      "(x((3,3)),1)"
     ],
     "Costs": [
      -78
     ]
    },
    {
     "Value": [
      "(weight(x((1,1)),6),1)",
      "(weight(x((1,1)),6),2)",
      "(weight(x((1,1)),6),3)",
      "(weight(x((1,2)),3),1)",
      "(weight(x((1,2)),3),2)",
      "(weight(x((1,2)),3),3)",
      "(weight(x((1,3)),9),1)",
      "(weight(x((1,3)),9),2)",
      "(weight(x((1,3)),9),3)",
      "(weight(x((2,1)),7),1)",
      "(weight(x((2,1)),7),2)",
      "(weight(x((2,1)),7),3)",
      "(weight(x((2,2)),4),1)",
      "(weight(x((2,2)),4),2)",
      "(weight(x((2,2)),4),3)",
      "(weight(x((2,3)),8),1)",
      "(weight(x((2,3)),8),2)",
      "(weight(x((2,3)),8),3)",
      "(weight(x((3,1)),2),1)",
      "(weight(x((3,1)),2),2)",
      "(weight(x((3,1)),2),3)",
      "(weight(x((3,2)),5),1)",
      "(weight(x((3,2)),5),2)",
      "(weight(x((3,2)),5),3)",
      "(weight(x((3,3)),1),1)",
      "(weight(x((3,3)),1),2)",
      "(weight(x((3,3)),1),3)",
      "(x((1,1)),2)",
      "(x((1,1)),1)",
      "(x((1,2)),3)",
      "(x((1,2)),2)",
      "(x((1,2)),1)",
      "(x((1,3)),3)",
      "(x((1,3)),2)",
      "(x((2,1)),3)",
      "(x((2,1)),1)",
      "(x((2,2)),3)",
      "(x((2,2)),1)",
      "(x((2,3)),2)",
      "(x((2,3)),1)",
      "(x((3,1)),3)",
      "(x((3,1)),2)",
      "(x((3,1)),1)",
      "(x((3,2)),3)",
      "(x((3,2)),2)",
      "(x((3,3)),3)",
      "(x((3,3)),2)",
      "(x((3,3)),1)"
     ],
     "Costs": [
      -78
     ]
    },
    {
     "Value": [
      "(weight(x((1,1)),6),1)",
      "(weight(x((1,1)),6),2)",
      "(weight(x((1,1)),6),3)",
      "(weight(x((1,2)),3),1)",
      "(weight(x((1,2)),3),2)",
      "(weight(x((1,2)),3),3)",
      "(weight(x((1,3)),9),1)",
      "(weight(x((1,3)),9),2)",
      "(weight(x((1,3)),9),3)",
      "(weight(x((2,1)),7),1)",
      "(weight(x((2,1)),7),2)",
      "(weight(x((2,1)),7),3)",
      "(weight(x((2,2)),4),1)",
      "(weight(x((2,2)),4),2)",
      "(weight(x((2,2)),4),3)",
      "(weight(x((2,3)),8),1)",
      "(weight(x((2,3)),8),2)",
      "(weight(x((2,3)),8),3)",
      "(weight(x((3,1)),2),1)",
      "(weight(x((3,1)),2),2)",
      "(weight(x((3,1)),2),3)",
      "(weight(x((3,2)),5),1)",
      "(weight(x((3,2)),5),2)",
      "(weight(x((3,2)),5),3)",
      "(weight(x((3,3)),1),1)",
      "(weight(x((3,3)),1),2)",
      "(weight(x((3,3)),1),3)",
      "(x((1,1)),2)",
      "(x((1,1)),1)",
      "(x((1,2)),3)",
      "(x((1,2)),2)",
      "(x((1,2)),1)",
      "(x((1,3)),3)",
      "(x((1,3)),2)",
      "(x((2,1)),3)",
      "(x((2,1)),1)",
      "(x((2,2)),3)",
      "(x((2,2)),1)",
      "(x((2,3)),3)",
      "(x((2,3)),2)",
      "(x((3,1)),3)",
      "(x((3,1)),2)",
      "(x((3,1)),1)",
      "(x((3,2)),2)",
      "(x((3,2)),1)",
      "(x((3,3)),3)",
      "(x((3,3)),2)",
      "(x((3,3)),1)"
     ],
     "Costs": [
      -78
     ]
    },
    {
     "Value": [
      "(weight(x((1,1)),6),1)",
      "(weight(x((1,1)),6),2)",
      "(weight(x((1,1)),6),3)",
      "(weight(x((1,2)),3),1)",
      "(weight(x((1,2)),3),2)",
      "(weight(x((1,2)),3),3)",
      "(weight(x((1,3)),9),1)",
      "(weight(x((1,3)),9),2)",
      "(weight(x((1,3)),9),3)",
      "(weight(x((2,1)),7),1)",
      "(weight(x((2,1)),7),2)",
      "(weight(x((2,1)),7),3)",
      "(weight(x((2,2)),4),1)",
      "(weight(x((2,2)),4),2)",
      "(weight(x((2,2)),4),3)",
      "(weight(x((2,3)),8),1)",
      "(weight(x((2,3)),8),2)",
      "(weight(x((2,3)),8),3)",
      "(weight(x((3,1)),2),1)",
      "(weight(x((3,1)),2),2)",
      "(weight(x((3,1)),2),3)",
      "(weight(x((3,2)),5),1)",
      "(weight(x((3,2)),5),2)",
      "(weight(x((3,2)),5),3)",
      "(weight(x((3,3)),1),1)",
      "(weight(x((3,3)),1),2)",
      "(weight(x((3,3)),1),3)",
      "(x((1,1)),3)",
      "(x((1,1)),2)",
      "(x((1,2)),3)",
      "(x((1,2)),2)",
      "(x((1,2)),1)",
      "(x((1,3)),3)",
      "(x((1,3)),2)",
      "(x((2,1)),3)",
      "(x((2,1)),1)",
      "(x((2,2)),2)",
      "(x((2,2)),1)",
      "(x((2,3)),3)",
      "(x((2,3)),1)",
      "(x((3,1)),3)",
      "(x((3,1)),2)",
      "(x((3,1)),1)",
      "(x((3,2)),2)",
      "(x((3,2)),1)",
      "(x((3,3)),3)",
      "(x((3,3)),2)",
      "(x((3,3)),1)"
     ],
     "Costs": [
      -78
     ]
    },
    {
     "Value": [
      "(weight(x((1,1)),6),1)",
      "(weight(x((1,1)),6),2)",
      "(weight(x((1,1)),6),3)",
      "(weight(x((1,2)),3),1)",
      "(weight(x((1,2)),3),2)",
      "(weight(x((1,2)),3),3)",
      "(weight(x((1,3)),9),1)",
      "(weight(x((1,3)),9),2)",
      "(weight(x((1,3)),9),3)",
      "(weight(x((2,1)),7),1)",
      "(weight(x((2,1)),7),2)",
      "(weight(x((2,1)),7),3)",
      "(weight(x((2,2)),4),1)",
      "(weight(x((2,2)),4),2)",
      "(weight(x((2,2)),4),3)",
      "(weight(x((2,3)),8),1)",
      "(weight(x((2,3)),8),2)",
      "(weight(x((2,3)),8),3)",
      "(weight(x((3,1)),2),1)",
      "(weight(x((3,1)),2),2)",
      "(weight(x((3,1)),2),3)",
      "(weight(x((3,2)),5),1)",
      "(weight(x((3,2)),5),2)",
      "(weight(x((3,2)),5),3)",
      "(weight(x((3,3)),1),1)",
      "(weight(x((3,3)),1),2)",
      "(weight(x((3,3)),1),3)",
      "(x((1,1)),3)",
      "(x((1,1)),2)",
      "(x((1,2)),3)",
      "(x((1,2)),2)",
      "(x((1,2)),1)",
      "(x((1,3)),2)",
      "(x((1,3)),1)",
      "(x((2,1)),3)",
      "(x((2,1)),1)",
      "(x((2,2)),2)",
      "(x((2,2)),1)",
      "(x((2,3)),3)",
      "(x((2,3)),1)",
      "(x((3,1)),3)",
      "(x((3,1)),2)",
      "(x((3,1)),1)",
      "(x((3,2)),3)",
      "(x((3,2)),2)",
      "(x((3,3)),3)",
      "(x((3,3)),2)",
      "(x((3,3)),1)"
     ],
     "Costs": [
      -78
     ]
    },
    {
     "Value": [
      "(weight(x((1,1)),6),1)",
      "(weight(x((1,1)),6),2)",
      "(weight(x((1,1)),6),3)",
      "(weight(x((1,2)),3),1)",
      "(weight(x((1,2)),3),2)",
      "(weight(x((1,2)),3),3)",
      "(weight(x((1,3)),9),1)",
      "(weight(x((1,3)),9),2)",
      "(weight(x((1,3)),9),3)",
      "(weight(x((2,1)),7),1)",
      "(weight(x((2,1)),7),2)",
      "(weight(x((2,1)),7),3)",
      "(weight(x((2,2)),4),1)",
      "(weight(x((2,2)),4),2)",
      "(weight(x((2,2)),4),3)",
      "(weight(x((2,3)),8),1)",
      "(weight(x((2,3)),8),2)",
      "(weight(x((2,3)),8),3)",
      "(weight(x((3,1)),2),1)",
      "(weight(x((3,1)),2),2)",
      "(weight(x((3,1)),2),3)",
      "(weight(x((3,2)),5),1)",
      "(weight(x((3,2)),5),2)",
      "(weight(x((3,2)),5),3)",
      "(weight(x((3,3)),1),1)",
      "(weight(x((3,3)),1),2)",
      "(weight(x((3,3)),1),3)",
      "(x((1,1)),2)",
      "(x((1,1)),1)",
      "(x((1,2)),3)",
      "(x((1,2)),2)",
      "(x((1,2)),1)",
      "(x((1,3)),3)",
      "(x((1,3)),2)",
      "(x((2,1)),3)",
      "(x((2,1)),1)",
      "(x((2,2)),2)",
      "(x((2,2)),1)",
      "(x((2,3)),3)",
      "(x((2,3)),1)",
      "(x((3,1)),3)",
      "(x((3,1)),2)",
      "(x((3,1)),1)",
      "(x((3,2)),3)",
      "(x((3,2)),2)",
      "(x((3,3)),3)",
      "(x((3,3)),2)",
      "(x((3,3)),1)"
     ],
     "Costs": [
      -78
     ]
    },
    {
     "Value": [
      "(weight(x((1,1)),6),1)",
      "(weight(x((1,1)),6),2)",
      "(weight(x((1,1)),6),3)",
      "(weight(x((1,2)),3),1)",
      "(weight(x((1,2)),3),2)",
      "(weight(x((1,2)),3),3)",
      "(weight(x((1,3)),9),1)",
      "(weight(x((1,3)),9),2)",
      "(weight(x((1,3)),9),3)",
      "(weight(x((2,1)),7),1)",
      "(weight(x((2,1)),7),2)",
      "(weight(x((2,1)),7),3)",
      "(weight(x((2,2)),4),1)",
      "(weight(x((2,2)),4),2)",
      "(weight(x((2,2)),4),3)",
      "(weight(x((2,3)),8),1)",
      "(weight(x((2,3)),8),2)",
      "(weight(x((2,3)),8),3)",
      "(weight(x((3,1)),2),1)",
      "(weight(x((3,1)),2),2)",
      "(weight(x((3,1)),2),3)",
      "(weight(x((3,2)),5),1)",
      "(weight(x((3,2)),5),2)",
      "(weight(x((3,2)),5),3)",
      "(weight(x((3,3)),1),1)",
      "(weight(x((3,3)),1),2)",
      "(weight(x((3,3)),1),3)",
      "(x((1,1)),2)",
      "(x((1,1)),1)",
      "(x((1,2)),3)",
      "(x((1,2)),2)",
      "(x((1,2)),1)",
      "(x((1,3)),3)",
      "(x((1,3)),2)",
      "(x((2,1)),3)",
      "(x((2,1)),1)",
      "(x((2,2)),3)",
      "(x((2,2)),2)",
      "(x((2,3)),3)",
      "(x((2,3)),1)",
      "(x((3,1)),3)",
      "(x((3,1)),2)",
      "(x((3,1)),1)",
      "(x((3,2)),2)",
      "(x((3,2)),1)",
      "(x((3,3)),3)",
      "(x((3,3)),2)",
      "(x((3,3)),1)"
     ],
     "Costs": [
      -78
     ]
    },
    {
     "Value": [
      "(weight(x((1,1)),6),1)",
      "(weight(x((1,1)),6),2)",
      "(weight(x((1,1)),6),3)",
      "(weight(x((1,2)),3),1)",
      "(weight(x((1,2)),3),2)",
      "(weight(x((1,2)),3),3)",
      "(weight(x((1,3)),9),1)",
      "(weight(x((1,3)),9),2)",
      "(weight(x((1,3)),9),3)",
      "(weight(x((2,1)),7),1)",
      "(weight(x((2,1)),7),2)",
      "(weight(x((2,1)),7),3)",
      "(weight(x((2,2)),4),1)",
      "(weight(x((2,2)),4),2)",
      "(weight(x((2,2)),4),3)",
      "(weight(x((2,3)),8),1)",
      "(weight(x((2,3)),8),2)",
      "(weight(x((2,3)),8),3)",
      "(weight(x((3,1)),2),1)",
      "(weight(x((3,1)),2),2)",
      "(weight(x((3,1)),2),3)",
      "(weight(x((3,2)),5),1)",
      "(weight(x((3,2)),5),2)",
      "(weight(x((3,2)),5),3)",
      "(weight(x((3,3)),1),1)",
      "(weight(x((3,3)),1),2)",
      "(weight(x((3,3)),1),3)",
      "(x((1,1)),2)",
      "(x((1,1)),1)",
      "(x((1,2)),3)",
      "(x((1,2)),2)",
      "(x((1,2)),1)",
      "(x((1,3)),2)",
      "(x((1,3)),1)",
      "(x((2,1)),3)",
      "(x((2,1)),1)",
      "(x((2,2)),3)",
      "(x((2,2)),2)",
      "(x((2,3)),3)",
      "(x((2,3)),1)",
      "(x((3,1)),3)",
      "(x((3,1)),2)",
      "(x((3,1)),1)",
      "(x((3,2)),3)",
      "(x((3,2)),2)",
      "(x((3,3)),3)",
      "(x((3,3)),2)",
      "(x((3,3)),1)"
     ],
     "Costs": [
      -78
     ]
    },
    {
     "Value": [
      "(weight(x((1,1)),6),1)",
      "(weight(x((1,1)),6),2)",
      "(weight(x((1,1)),6),3)",
      "(weight(x((1,2)),3),1)",
      "(weight(x((1,2)),3),2)",
      "(weight(x((1,2)),3),3)",
      "(weight(x((1,3)),9),1)",
      "(weight(x((1,3)),9),2)",
      "(weight(x((1,3)),9),3)",
      "(weight(x((2,1)),7),1)",
      "(weight(x((2,1)),7),2)",
      "(weight(x((2,1)),7),3)",
      "(weight(x((2,2)),4),1)",
      "(weight(x((2,2)),4),2)",
      "(weight(x((2,2)),4),3)",
      "(weight(x((2,3)),8),1)",
      "(weight(x((2,3)),8),2)",
      "(weight(x((2,3)),8),3)",
      "(weight(x((3,1)),2),1)",
      "(weight(x((3,1)),2),2)",
      "(weight(x((3,1)),2),3)",
      "(weight(x((3,2)),5),1)",
      "(weight(x((3,2)),5),2)",
      "(weight(x((3,2)),5),3)",
      "(weight(x((3,3)),1),1)",
      "(weight(x((3,3)),1),2)",
      "(weight(x((3,3)),1),3)",
      "(x((1,1)),3)",
      "(x((1,1)),2)",
      "(x((1,2)),3)",
      "(x((1,2)),2)",
      "(x((1,2)),1)",
      "(x((1,3)),2)",
      "(x((1,3)),1)",
      "(x((2,1)),3)",
      "(x((2,1)),1)",
      "(x((2,2)),3)",
      "(x((2,2)),2)",
      "(x((2,3)),3)",
      "(x((2,3)),1)",
      "(x((3,1)),3)",
      "(x((3,1)),2)",
      "(x((3,1)),1)",
      "(x((3,2)),2)",
      "(x((3,2)),1)",
      "(x((3,3)),3)",
      "(x((3,3)),2)",
      "(x((3,3)),1)"
     ],
     "Costs": [
      -78
     ]
    }
   ]
  }
 ],
 "Result": "OPTIMUM FOUND",
 "Models": {
  "Number": 65,
  "More": "no",
  "Optimum": "yes",
  "Optimal": 54,
  "Costs": [
   -78
  ]
 },
 "Calls": 1,
 "Time": {
  "Total": 0.204,
  "Solve": 0.188,
  "Model": 0.0,
  "Unsat": 0.008,
  "CPU": 0.204
 }
}