{
  "Solver": "clingo version 5.6.2",
  "Input": [
    "myrobots.lp","instances/corridor-03.lp","viz_show.lp"
  ],
  "Call": [
    {
      "Witnesses": [
        {
          "Value": [
            "edge(4,8)", "edge(1,2)", "edge(2,3)", "edge(3,4)", "edge(4,5)", "edge(5,6)", "edge(6,7)", "edge(7,6)", "edge(6,5)", "edge(5,4)", "edge(4,3)", "edge(3,2)", "edge(2,1)", "edge(8,4)", "at(r1,1,0)", "at(r2,6,0)", "job(j1,c1,14)", "job(j2,c2,12)", "operation(j1,1,1)", "operation(j1,2,6)", "operation(j1,3,1)", "operation(j2,1,6)", "operation(j2,2,1)", "operation(j2,3,6)", "robot(r1,c1,1)", "robot(r2,c2,6)", "assign(r1,j1,1)", "assign(r2,j2,1)", "at(r1,6,5)", "at(r2,1,7)", "at(r2,6,12)", "at(r2,6,13)", "at(r2,6,14)", "at(r1,1,14)", "at(r1,1,15)", "at(r2,6,15)", "at(r2,6,16)", "at(r1,1,16)", "at(r1,2,1)", "at(r1,3,2)", "at(r1,4,3)", "at(r1,5,4)", "at(r1,5,6)", "at(r1,4,7)", "at(r1,4,8)", "at(r1,8,9)", "at(r1,8,10)", "at(r1,4,11)", "at(r1,3,12)", "at(r1,2,13)", "at(r2,4,2)", "at(r2,5,1)", "at(r2,8,3)", "at(r2,4,4)", "at(r2,3,5)", "at(r2,2,6)", "at(r2,2,8)", "at(r2,3,9)", "at(r2,4,10)", "at(r2,5,11)"
          ],
          "Costs": [
            24
          ]
        },
        {
          "Value": [
            "edge(4,8)", "edge(1,2)", "edge(2,3)", "edge(3,4)", "edge(4,5)", "edge(5,6)", "edge(6,7)", "edge(7,6)", "edge(6,5)", "edge(5,4)", "edge(4,3)", "edge(3,2)", "edge(2,1)", "edge(8,4)", "at(r1,1,0)", "at(r2,6,0)", "job(j1,c1,14)", "job(j2,c2,12)", "operation(j1,1,1)", "operation(j1,2,6)", "operation(j1,3,1)", "operation(j2,1,6)", "operation(j2,2,1)", "operation(j2,3,6)", "robot(r1,c1,1)", "robot(r2,c2,6)", "assign(r1,j1,1)", "assign(r2,j2,1)", "at(r1,6,5)", "at(r2,1,7)", "at(r2,6,12)", "at(r2,6,13)", "at(r2,6,14)", "at(r1,1,14)", "at(r1,1,15)", "at(r2,6,15)", "at(r2,6,16)", "at(r1,1,16)", "at(r1,2,1)", "at(r1,3,2)", "at(r1,4,3)", "at(r1,5,4)", "at(r1,5,6)", "at(r1,4,7)", "at(r1,8,8)", "at(r1,8,9)", "at(r1,8,10)", "at(r1,4,11)", "at(r1,3,12)", "at(r1,2,13)", "at(r2,4,2)", "at(r2,5,1)", "at(r2,8,3)", "at(r2,4,4)", "at(r2,3,5)", "at(r2,2,6)", "at(r2,2,8)", "at(r2,3,9)", "at(r2,4,10)", "at(r2,5,11)"
          ],
          "Costs": [
            24
          ]
        },
        {
          "Value": [
            "edge(4,8)", "edge(1,2)", "edge(2,3)", "edge(3,4)", "edge(4,5)", "edge(5,6)", "edge(6,7)", "edge(7,6)", "edge(6,5)", "edge(5,4)", "edge(4,3)", "edge(3,2)", "edge(2,1)", "edge(8,4)", "at(r1,1,0)", "at(r2,6,0)", "job(j1,c1,14)", "job(j2,c2,12)", "operation(j1,1,1)", "operation(j1,2,6)", "operation(j1,3,1)", "operation(j2,1,6)", "operation(j2,2,1)", "operation(j2,3,6)", "robot(r1,c1,1)", "robot(r2,c2,6)", "assign(r1,j1,1)", "assign(r2,j2,1)", "at(r1,6,5)", "at(r2,1,7)", "at(r2,6,12)", "at(r2,6,13)", "at(r2,6,14)", "at(r1,1,14)", "at(r1,1,15)", "at(r2,6,15)", "at(r2,6,16)", "at(r1,1,16)", "at(r1,2,1)", "at(r1,3,2)", "at(r1,4,3)", "at(r1,5,4)", "at(r1,5,6)", "at(r1,4,7)", "at(r1,4,8)", "at(r1,4,9)", "at(r1,8,10)", "at(r1,4,11)", "at(r1,3,12)", "at(r1,2,13)", "at(r2,4,2)", "at(r2,5,1)", "at(r2,8,3)", "at(r2,4,4)", "at(r2,3,5)", "at(r2,2,6)", "at(r2,2,8)", "at(r2,3,9)", "at(r2,4,10)", "at(r2,5,11)"
          ],
          "Costs": [
            24
          ]
        },
        {
          "Value": [
            "edge(4,8)", "edge(1,2)", "edge(2,3)", "edge(3,4)", "edge(4,5)", "edge(5,6)", "edge(6,7)", "edge(7,6)", "edge(6,5)", "edge(5,4)", "edge(4,3)", "edge(3,2)", "edge(2,1)", "edge(8,4)", "at(r1,1,0)", "at(r2,6,0)", "job(j1,c1,14)", "job(j2,c2,12)", "operation(j1,1,1)", "operation(j1,2,6)", "operation(j1,3,1)", "operation(j2,1,6)", "operation(j2,2,1)", "operation(j2,3,6)", "robot(r1,c1,1)", "robot(r2,c2,6)", "assign(r1,j1,1)", "assign(r2,j2,1)", "at(r1,6,7)", "at(r2,1,7)", "at(r2,6,12)", "at(r2,6,13)", "at(r2,6,14)", "at(r1,1,14)", "at(r1,1,15)", "at(r2,6,15)", "at(r2,6,16)", "at(r1,1,16)", "at(r1,2,1)", "at(r1,3,2)", "at(r1,4,3)", "at(r1,5,4)", "at(r1,5,5)", "at(r1,5,6)", "at(r1,5,8)", "at(r1,4,9)", "at(r1,8,10)", "at(r1,4,11)", "at(r1,3,12)", "at(r1,2,13)", "at(r2,4,2)", "at(r2,5,1)", "at(r2,8,3)", "at(r2,4,4)", "at(r2,3,5)", "at(r2,2,6)", "at(r2,2,8)", "at(r2,3,9)", "at(r2,4,10)", "at(r2,5,11)"
          ],
          "Costs": [
            24
          ]
        },
        {
          "Value": [
            "edge(4,8)", "edge(1,2)", "edge(2,3)", "edge(3,4)", "edge(4,5)", "edge(5,6)", "edge(6,7)", "edge(7,6)", "edge(6,5)", "edge(5,4)", "edge(4,3)", "edge(3,2)", "edge(2,1)", "edge(8,4)", "at(r1,1,0)", "at(r2,6,0)", "job(j1,c1,14)", "job(j2,c2,12)", "operation(j1,1,1)", "operation(j1,2,6)", "operation(j1,3,1)", "operation(j2,1,6)", "operation(j2,2,1)", "operation(j2,3,6)", "robot(r1,c1,1)", "robot(r2,c2,6)", "assign(r1,j1,1)", "assign(r2,j2,1)", "at(r1,6,7)", "at(r2,1,7)", "at(r2,6,12)", "at(r2,6,13)", "at(r2,6,14)", "at(r1,1,14)", "at(r1,1,15)", "at(r2,6,15)", "at(r2,6,16)", "at(r1,1,16)", "at(r1,2,1)", "at(r1,3,2)", "at(r1,4,3)", "at(r1,8,4)", "at(r1,4,5)", "at(r1,5,6)", "at(r1,5,8)", "at(r1,4,9)", "at(r1,8,10)", "at(r1,4,11)", "at(r1,3,12)", "at(r1,2,13)", "at(r2,5,1)", "at(r2,5,2)", "at(r2,5,3)", "at(r2,4,4)", "at(r2,3,5)", "at(r2,2,6)", "at(r2,2,8)", "at(r2,3,9)", "at(r2,4,10)", "at(r2,5,11)"
          ],
          "Costs": [
            24
          ]
        },
        {
          "Value": [
            "edge(4,8)", "edge(1,2)", "edge(2,3)", "edge(3,4)", "edge(4,5)", "edge(5,6)", "edge(6,7)", "edge(7,6)", "edge(6,5)", "edge(5,4)", "edge(4,3)", "edge(3,2)", "edge(2,1)", "edge(8,4)", "at(r1,1,0)", "at(r2,6,0)", "job(j1,c1,14)", "job(j2,c2,12)", "operation(j1,1,1)", "operation(j1,2,6)", "operation(j1,3,1)", "operation(j2,1,6)", "operation(j2,2,1)", "operation(j2,3,6)", "robot(r1,c1,1)", "robot(r2,c2,6)", "assign(r1,j1,1)", "assign(r2,j2,1)", "at(r2,6,1)", "at(r2,6,2)", "at(r1,6,7)", "at(r2,1,7)", "at(r2,6,12)", "at(r2,6,13)", "at(r2,6,14)", "at(r1,1,14)", "at(r1,1,15)", "at(r2,6,15)", "at(r2,6,16)", "at(r1,1,16)", "at(r1,2,1)", "at(r1,3,2)", "at(r1,4,3)", "at(r1,8,4)", "at(r1,4,5)", "at(r1,5,6)", "at(r1,5,8)", "at(r1,4,9)", "at(r1,8,10)", "at(r1,4,11)", "at(r1,3,12)", "at(r1,2,13)", "at(r2,5,3)", "at(r2,4,4)", "at(r2,3,5)", "at(r2,2,6)", "at(r2,2,8)", "at(r2,3,9)", "at(r2,4,10)", "at(r2,5,11)"
          ],
          "Costs": [
            24
          ]
        },
        {
          "Value": [
            "edge(4,8)", "edge(1,2)", "edge(2,3)", "edge(3,4)", "edge(4,5)", "edge(5,6)", "edge(6,7)", "edge(7,6)", "edge(6,5)", "edge(5,4)", "edge(4,3)", "edge(3,2)", "edge(2,1)", "edge(8,4)", "at(r1,1,0)", "at(r2,6,0)", "job(j1,c1,14)", "job(j2,c2,12)", "operation(j1,1,1)", "operation(j1,2,6)", "operation(j1,3,1)", "operation(j2,1,6)", "operation(j2,2,1)", "operation(j2,3,6)", "robot(r1,c1,1)", "robot(r2,c2,6)", "assign(r1,j1,1)", "assign(r2,j2,1)", "at(r1,6,5)", "at(r2,1,7)", "at(r2,6,12)", "at(r2,6,13)", "at(r2,6,14)", "at(r1,1,14)", "at(r1,1,15)", "at(r2,6,15)", "at(r2,6,16)", "at(r1,1,16)", "at(r1,2,1)", "at(r1,3,2)", "at(r1,4,3)", "at(r1,5,4)", "at(r1,5,6)", "at(r1,5,7)", "at(r1,5,8)", "at(r1,4,9)", "at(r1,8,10)", "at(r1,4,11)", "at(r1,3,12)", "at(r1,2,13)", "at(r2,4,2)", "at(r2,5,1)", "at(r2,8,3)", "at(r2,4,4)", "at(r2,3,5)", "at(r2,2,6)", "at(r2,2,8)", "at(r2,3,9)", "at(r2,4,10)", "at(r2,5,11)"
          ],
          "Costs": [
            24
          ]
        },
        {
          "Value": [
            "edge(4,8)", "edge(1,2)", "edge(2,3)", "edge(3,4)", "edge(4,5)", "edge(5,6)", "edge(6,7)", "edge(7,6)", "edge(6,5)", "edge(5,4)", "edge(4,3)", "edge(3,2)", "edge(2,1)", "edge(8,4)", "at(r1,1,0)", "at(r2,6,0)", "job(j1,c1,14)", "job(j2,c2,12)", "operation(j1,1,1)", "operation(j1,2,6)", "operation(j1,3,1)", "operation(j2,1,6)", "operation(j2,2,1)", "operation(j2,3,6)", "robot(r1,c1,1)", "robot(r2,c2,6)", "assign(r1,j1,1)", "assign(r2,j2,1)", "at(r2,6,1)", "at(r1,6,7)", "at(r2,1,7)", "at(r2,6,12)", "at(r2,6,13)", "at(r2,6,14)", "at(r1,1,14)", "at(r1,1,15)", "at(r2,6,15)", "at(r2,6,16)", "at(r1,1,16)", "at(r1,2,1)", "at(r1,3,2)", "at(r1,4,3)", "at(r1,8,4)", "at(r1,4,5)", "at(r1,5,6)", "at(r1,5,8)", "at(r1,4,9)", "at(r1,8,10)", "at(r1,4,11)", "at(r1,3,12)", "at(r1,2,13)", "at(r2,5,2)", "at(r2,5,3)", "at(r2,4,4)", "at(r2,3,5)", "at(r2,2,6)", "at(r2,2,8)", "at(r2,3,9)", "at(r2,4,10)", "at(r2,5,11)"
          ],
          "Costs": [
            24
          ]
        },
        {
          "Value": [
            "edge(4,8)", "edge(1,2)", "edge(2,3)", "edge(3,4)", "edge(4,5)", "edge(5,6)", "edge(6,7)", "edge(7,6)", "edge(6,5)", "edge(5,4)", "edge(4,3)", "edge(3,2)", "edge(2,1)", "edge(8,4)", "at(r1,1,0)", "at(r2,6,0)", "job(j1,c1,14)", "job(j2,c2,12)", "operation(j1,1,1)", "operation(j1,2,6)", "operation(j1,3,1)", "operation(j2,1,6)", "operation(j2,2,1)", "operation(j2,3,6)", "robot(r1,c1,1)", "robot(r2,c2,6)", "assign(r1,j1,1)", "assign(r2,j2,1)", "at(r1,6,5)", "at(r2,1,7)", "at(r2,6,12)", "at(r2,6,13)", "at(r2,6,14)", "at(r1,1,14)", "at(r1,1,15)", "at(r2,6,15)", "at(r2,6,16)", "at(r1,1,16)", "at(r1,2,1)", "at(r1,3,2)", "at(r1,4,3)", "at(r1,5,4)", "at(r1,5,6)", "at(r1,5,7)", "at(r1,4,8)", "at(r1,4,9)", "at(r1,8,10)", "at(r1,4,11)", "at(r1,3,12)", "at(r1,2,13)", "at(r2,4,2)", "at(r2,5,1)", "at(r2,8,3)", "at(r2,4,4)", "at(r2,3,5)", "at(r2,2,6)", "at(r2,2,8)", "at(r2,3,9)", "at(r2,4,10)", "at(r2,5,11)"
          ],
          "Costs": [
            24
          ]
        },
        {
          "Value": [
            "edge(4,8)", "edge(1,2)", "edge(2,3)", "edge(3,4)", "edge(4,5)", "edge(5,6)", "edge(6,7)", "edge(7,6)", "edge(6,5)", "edge(5,4)", "edge(4,3)", "edge(3,2)", "edge(2,1)", "edge(8,4)", "at(r1,1,0)", "at(r2,6,0)", "job(j1,c1,14)", "job(j2,c2,12)", "operation(j1,1,1)", "operation(j1,2,6)", "operation(j1,3,1)", "operation(j2,1,6)", "operation(j2,2,1)", "operation(j2,3,6)", "robot(r1,c1,1)", "robot(r2,c2,6)", "assign(r1,j1,1)", "assign(r2,j2,1)", "at(r1,6,5)", "at(r2,1,7)", "at(r2,6,12)", "at(r2,6,13)", "at(r2,6,14)", "at(r1,1,14)", "at(r1,1,15)", "at(r2,6,15)", "at(r2,6,16)", "at(r1,1,16)", "at(r1,2,1)", "at(r1,3,2)", "at(r1,4,3)", "at(r1,5,4)", "at(r1,5,6)", "at(r1,5,7)", "at(r1,4,8)", "at(r1,8,9)", "at(r1,8,10)", "at(r1,4,11)", "at(r1,3,12)", "at(r1,2,13)", "at(r2,4,2)", "at(r2,5,1)", "at(r2,8,3)", "at(r2,4,4)", "at(r2,3,5)", "at(r2,2,6)", "at(r2,2,8)", "at(r2,3,9)", "at(r2,4,10)", "at(r2,5,11)"
          ],
          "Costs": [
            24
          ]
        },
        {
          "Value": [
            "edge(4,8)", "edge(1,2)", "edge(2,3)", "edge(3,4)", "edge(4,5)", "edge(5,6)", "edge(6,7)", "edge(7,6)", "edge(6,5)", "edge(5,4)", "edge(4,3)", "edge(3,2)", "edge(2,1)", "edge(8,4)", "at(r1,1,0)", "at(r2,6,0)", "job(j1,c1,14)", "job(j2,c2,12)", "operation(j1,1,1)", "operation(j1,2,6)", "operation(j1,3,1)", "operation(j2,1,6)", "operation(j2,2,1)", "operation(j2,3,6)", "robot(r1,c1,1)", "robot(r2,c2,6)", "assign(r1,j1,1)", "assign(r2,j2,1)", "at(r1,6,5)", "at(r1,6,6)", "at(r2,1,7)", "at(r2,6,12)", "at(r2,6,13)", "at(r2,6,14)", "at(r1,1,14)", "at(r1,1,15)", "at(r2,6,15)", "at(r2,6,16)", "at(r1,1,16)", "at(r1,2,1)", "at(r1,3,2)", "at(r1,4,3)", "at(r1,5,4)", "at(r1,5,7)", "at(r1,5,8)", "at(r1,4,9)", "at(r1,8,10)", "at(r1,4,11)", "at(r1,3,12)", "at(r1,2,13)", "at(r2,4,2)", "at(r2,5,1)", "at(r2,8,3)", "at(r2,4,4)", "at(r2,3,5)", "at(r2,2,6)", "at(r2,2,8)", "at(r2,3,9)", "at(r2,4,10)", "at(r2,5,11)"
          ],
          "Costs": [
            24
          ]
        },
        {
          "Value": [
            "edge(4,8)", "edge(1,2)", "edge(2,3)", "edge(3,4)", "edge(4,5)", "edge(5,6)", "edge(6,7)", "edge(7,6)", "edge(6,5)", "edge(5,4)", "edge(4,3)", "edge(3,2)", "edge(2,1)", "edge(8,4)", "at(r1,1,0)", "at(r2,6,0)", "job(j1,c1,14)", "job(j2,c2,12)", "operation(j1,1,1)", "operation(j1,2,6)", "operation(j1,3,1)", "operation(j2,1,6)", "operation(j2,2,1)", "operation(j2,3,6)", "robot(r1,c1,1)", "robot(r2,c2,6)", "assign(r1,j1,1)", "assign(r2,j2,1)", "at(r1,6,5)", "at(r1,6,6)", "at(r2,1,7)", "at(r2,6,12)", "at(r2,6,13)", "at(r2,6,14)", "at(r1,1,14)", "at(r1,1,15)", "at(r2,6,15)", "at(r2,6,16)", "at(r1,1,16)", "at(r1,2,1)", "at(r1,3,2)", "at(r1,4,3)", "at(r1,5,4)", "at(r1,5,7)", "at(r1,4,8)", "at(r1,4,9)", "at(r1,8,10)", "at(r1,4,11)", "at(r1,3,12)", "at(r1,2,13)", "at(r2,4,2)", "at(r2,5,1)", "at(r2,8,3)", "at(r2,4,4)", "at(r2,3,5)", "at(r2,2,6)", "at(r2,2,8)", "at(r2,3,9)", "at(r2,4,10)", "at(r2,5,11)"
          ],
          "Costs": [
            24
          ]
        },
        {
          "Value": [
            "edge(4,8)", "edge(1,2)", "edge(2,3)", "edge(3,4)", "edge(4,5)", "edge(5,6)", "edge(6,7)", "edge(7,6)", "edge(6,5)", "edge(5,4)", "edge(4,3)", "edge(3,2)", "edge(2,1)", "edge(8,4)", "at(r1,1,0)", "at(r2,6,0)", "job(j1,c1,14)", "job(j2,c2,12)", "operation(j1,1,1)", "operation(j1,2,6)", "operation(j1,3,1)", "operation(j2,1,6)", "operation(j2,2,1)", "operation(j2,3,6)", "robot(r1,c1,1)", "robot(r2,c2,6)", "assign(r1,j1,1)", "assign(r2,j2,1)", "at(r1,6,5)", "at(r1,6,6)", "at(r2,1,7)", "at(r2,6,12)", "at(r2,6,13)", "at(r2,6,14)", "at(r1,1,14)", "at(r1,1,15)", "at(r2,6,15)", "at(r2,6,16)", "at(r1,1,16)", "at(r1,2,1)", "at(r1,3,2)", "at(r1,4,3)", "at(r1,5,4)", "at(r1,5,7)", "at(r1,4,8)", "at(r1,8,9)", "at(r1,8,10)", "at(r1,4,11)", "at(r1,3,12)", "at(r1,2,13)", "at(r2,4,2)", "at(r2,5,1)", "at(r2,8,3)", "at(r2,4,4)", "at(r2,3,5)", "at(r2,2,6)", "at(r2,2,8)", "at(r2,3,9)", "at(r2,4,10)", "at(r2,5,11)"
          ],
          "Costs": [
            24
          ]
        },
        {
          "Value": [
            "edge(4,8)", "edge(1,2)", "edge(2,3)", "edge(3,4)", "edge(4,5)", "edge(5,6)", "edge(6,7)", "edge(7,6)", "edge(6,5)", "edge(5,4)", "edge(4,3)", "edge(3,2)", "edge(2,1)", "edge(8,4)", "at(r1,1,0)", "at(r2,6,0)", "job(j1,c1,14)", "job(j2,c2,12)", "operation(j1,1,1)", "operation(j1,2,6)", "operation(j1,3,1)", "operation(j2,1,6)", "operation(j2,2,1)", "operation(j2,3,6)", "robot(r1,c1,1)", "robot(r2,c2,6)", "assign(r1,j1,1)", "assign(r2,j2,1)", "at(r1,6,6)", "at(r2,1,7)", "at(r2,6,12)", "at(r2,6,13)", "at(r2,6,14)", "at(r1,1,14)", "at(r1,1,15)", "at(r2,6,15)", "at(r2,6,16)", "at(r1,1,16)", "at(r1,2,1)", "at(r1,3,2)", "at(r1,4,3)", "at(r1,5,4)", "at(r1,5,5)", "at(r1,5,7)", "at(r1,5,8)", "at(r1,4,9)", "at(r1,8,10)", "at(r1,4,11)", "at(r1,3,12)", "at(r1,2,13)", "at(r2,4,2)", "at(r2,5,1)", "at(r2,8,3)", "at(r2,4,4)", "at(r2,3,5)", "at(r2,2,6)", "at(r2,2,8)", "at(r2,3,9)", "at(r2,4,10)", "at(r2,5,11)"
          ],
          "Costs": [
            24
          ]
        },
        {
          "Value": [
            "edge(4,8)", "edge(1,2)", "edge(2,3)", "edge(3,4)", "edge(4,5)", "edge(5,6)", "edge(6,7)", "edge(7,6)", "edge(6,5)", "edge(5,4)", "edge(4,3)", "edge(3,2)", "edge(2,1)", "edge(8,4)", "at(r1,1,0)", "at(r2,6,0)", "job(j1,c1,14)", "job(j2,c2,12)", "operation(j1,1,1)", "operation(j1,2,6)", "operation(j1,3,1)", "operation(j2,1,6)", "operation(j2,2,1)", "operation(j2,3,6)", "robot(r1,c1,1)", "robot(r2,c2,6)", "assign(r1,j1,1)", "assign(r2,j2,1)", "at(r1,6,6)", "at(r2,1,7)", "at(r2,6,12)", "at(r2,6,13)", "at(r2,6,14)", "at(r1,1,14)", "at(r1,1,15)", "at(r2,6,15)", "at(r2,6,16)", "at(r1,1,16)", "at(r1,2,1)", "at(r1,3,2)", "at(r1,4,3)", "at(r1,5,4)", "at(r1,5,5)", "at(r1,5,7)", "at(r1,4,8)", "at(r1,4,9)", "at(r1,8,10)", "at(r1,4,11)", "at(r1,3,12)", "at(r1,2,13)", "at(r2,4,2)", "at(r2,5,1)", "at(r2,8,3)", "at(r2,4,4)", "at(r2,3,5)", "at(r2,2,6)", "at(r2,2,8)", "at(r2,3,9)", "at(r2,4,10)", "at(r2,5,11)"
          ],
          "Costs": [
            24
          ]
        },
        {
          "Value": [
            "edge(4,8)", "edge(1,2)", "edge(2,3)", "edge(3,4)", "edge(4,5)", "edge(5,6)", "edge(6,7)", "edge(7,6)", "edge(6,5)", "edge(5,4)", "edge(4,3)", "edge(3,2)", "edge(2,1)", "edge(8,4)", "at(r1,1,0)", "at(r2,6,0)", "job(j1,c1,14)", "job(j2,c2,12)", "operation(j1,1,1)", "operation(j1,2,6)", "operation(j1,3,1)", "operation(j2,1,6)", "operation(j2,2,1)", "operation(j2,3,6)", "robot(r1,c1,1)", "robot(r2,c2,6)", "assign(r1,j1,1)", "assign(r2,j2,1)", "at(r1,6,6)", "at(r2,1,7)", "at(r2,6,12)", "at(r2,6,13)", "at(r2,6,14)", "at(r1,1,14)", "at(r1,1,15)", "at(r2,6,15)", "at(r2,6,16)", "at(r1,1,16)", "at(r1,2,1)", "at(r1,3,2)", "at(r1,4,3)", "at(r1,5,4)", "at(r1,5,5)", "at(r1,5,7)", "at(r1,4,8)", "at(r1,8,9)", "at(r1,8,10)", "at(r1,4,11)", "at(r1,3,12)", "at(r1,2,13)", "at(r2,4,2)", "at(r2,5,1)", "at(r2,8,3)", "at(r2,4,4)", "at(r2,3,5)", "at(r2,2,6)", "at(r2,2,8)", "at(r2,3,9)", "at(r2,4,10)", "at(r2,5,11)"
          ],
          "Costs": [
            24
          ]
        },
        {
          "Value": [
            "edge(4,8)", "edge(1,2)", "edge(2,3)", "edge(3,4)", "edge(4,5)", "edge(5,6)", "edge(6,7)", "edge(7,6)", "edge(6,5)", "edge(5,4)", "edge(4,3)", "edge(3,2)", "edge(2,1)", "edge(8,4)", "at(r1,1,0)", "at(r2,6,0)", "job(j1,c1,14)", "job(j2,c2,12)", "operation(j1,1,1)", "operation(j1,2,6)", "operation(j1,3,1)", "operation(j2,1,6)", "operation(j2,2,1)", "operation(j2,3,6)", "robot(r1,c1,1)", "robot(r2,c2,6)", "assign(r1,j1,1)", "assign(r2,j2,1)", "at(r1,6,5)", "at(r1,6,6)", "at(r1,6,7)", "at(r2,1,7)", "at(r2,6,12)", "at(r2,6,13)", "at(r2,6,14)", "at(r1,1,14)", "at(r1,1,15)", "at(r2,6,15)", "at(r2,6,16)", "at(r1,1,16)", "at(r1,2,1)", "at(r1,3,2)", "at(r1,4,3)", "at(r1,5,4)", "at(r1,5,8)", "at(r1,4,9)", "at(r1,8,10)", "at(r1,4,11)", "at(r1,3,12)", "at(r1,2,13)", "at(r2,4,2)", "at(r2,5,1)", "at(r2,8,3)", "at(r2,4,4)", "at(r2,3,5)", "at(r2,2,6)", "at(r2,2,8)", "at(r2,3,9)", "at(r2,4,10)", "at(r2,5,11)"
          ],
          "Costs": [
            24
          ]
        },
        {
          "Value": [
            "edge(4,8)", "edge(1,2)", "edge(2,3)", "edge(3,4)", "edge(4,5)", "edge(5,6)", "edge(6,7)", "edge(7,6)", "edge(6,5)", "edge(5,4)", "edge(4,3)", "edge(3,2)", "edge(2,1)", "edge(8,4)", "at(r1,1,0)", "at(r2,6,0)", "job(j1,c1,14)", "job(j2,c2,12)", "operation(j1,1,1)", "operation(j1,2,6)", "operation(j1,3,1)", "operation(j2,1,6)", "operation(j2,2,1)", "operation(j2,3,6)", "robot(r1,c1,1)", "robot(r2,c2,6)", "assign(r1,j1,1)", "assign(r2,j2,1)", "at(r1,6,6)", "at(r1,6,7)", "at(r2,1,7)", "at(r2,6,12)", "at(r2,6,13)", "at(r2,6,14)", "at(r1,1,14)", "at(r1,1,15)", "at(r2,6,15)", "at(r2,6,16)", "at(r1,1,16)", "at(r1,2,1)", "at(r1,3,2)", "at(r1,4,3)", "at(r1,5,4)", "at(r1,5,5)", "at(r1,5,8)", "at(r1,4,9)", "at(r1,8,10)", "at(r1,4,11)", "at(r1,3,12)", "at(r1,2,13)", "at(r2,4,2)", "at(r2,5,1)", "at(r2,8,3)", "at(r2,4,4)", "at(r2,3,5)", "at(r2,2,6)", "at(r2,2,8)", "at(r2,3,9)", "at(r2,4,10)", "at(r2,5,11)"
          ],
          "Costs": [
            24
          ]
        }
      ]
    }
  ],
  "Result": "OPTIMUM FOUND",
  "Models": {
    "Number": 19,
    "More": "no",
    "Optimum": "yes",
    "Optimal": 18,
    "Costs": [
      24
    ]
  },
  "Calls": 1,
  "Time": {
    "Total": 0.007,
    "Solve": 0.002,
    "Model": 0.001,
    "Unsat": 0.000,
    "CPU": 0.012
  },
  "Threads": 4,
  "Winner": 3
}
