{
  "Solver": "clingo version 5.6.2",
  "Input": [
    "myrobots.lp","instances/corridor-05.lp","viz_show.lp"
  ],
  "Call": [
    {
      "Witnesses": [
        {
          "Value": [
            "edge(4,17)", "edge(1,2)", "edge(2,3)", "edge(3,4)", "edge(4,5)", "edge(5,6)", "edge(6,7)", "edge(7,8)", "edge(9,1)", "edge(10,1)", "edge(11,1)", "edge(12,1)", "edge(8,13)", "edge(8,14)", "edge(8,15)", "edge(8,16)", "edge(16,8)", "edge(15,8)", "edge(14,8)", "edge(13,8)", "edge(1,12)", "edge(1,11)", "edge(1,10)", "edge(1,9)", "edge(8,7)", "edge(7,6)", "edge(6,5)", "edge(5,4)", "edge(4,3)", "edge(3,2)", "edge(2,1)", "edge(17,4)", "at(r1,9,0)", "at(r2,10,0)", "at(r3,11,0)", "at(r4,12,0)", "at(r5,13,0)", "at(r6,14,0)", "at(r7,15,0)", "at(r8,16,0)", "job(j1,c1,13)", "job(j2,c1,5)", "job(j3,c2,8)", "job(j4,c2,8)", "job(j5,c3,10)", "job(j6,c3,12)", "job(j7,c4,10)", "job(j8,c4,12)", "operation(j1,1,2)", "operation(j1,2,8)", "operation(j2,1,8)", "operation(j2,2,4)", "operation(j3,1,4)", "operation(j3,2,1)", "operation(j4,1,8)", "operation(j4,2,3)", "operation(j5,1,4)", "operation(j5,2,6)", "operation(j6,1,2)", "operation(j6,2,5)", "operation(j7,1,2)", "operation(j7,2,3)", "operation(j8,1,1)", "operation(j8,2,4)", "robot(r1,c1,9)", "robot(r2,c2,10)", "robot(r3,c3,11)", "robot(r4,c4,12)", "robot(r5,c1,13)", "robot(r6,c2,14)", "robot(r7,c3,15)", "robot(r8,c4,16)", "assign(r5,j2,1)", "assign(r2,j3,1)", "assign(r6,j4,1)", "assign(r7,j5,1)", "assign(r3,j6,1)", "assign(r4,j7,1)", "assign(r5,j1,2)", "assign(r4,j8,2)", "at(r5,8,1)", "at(r4,1,2)", "at(r6,8,2)", "at(r4,2,3)", "at(r2,3,3)", "at(r2,4,4)", "at(r4,3,4)", "at(r4,2,5)", "at(r5,4,5)", "at(r2,3,5)", "at(r7,6,5)", "at(r4,1,6)", "at(r6,4,6)", "at(r7,5,6)", "at(r5,2,7)", "at(r7,4,7)", "at(r2,1,7)", "at(r6,3,7)", "at(r6,4,8)", "at(r7,5,8)", "at(r3,2,9)", "at(r4,1,9)", "at(r5,4,9)", "at(r7,6,9)", "at(r4,2,10)", "at(r3,4,11)", "at(r4,3,11)", "at(r4,4,12)", "at(r3,5,12)", "at(r5,8,13)", "at(r3,5,13)", "at(r4,4,13)", "at(r1,9,1)", "at(r1,9,2)", "at(r1,9,3)", "at(r1,9,4)", "at(r1,9,5)", "at(r1,9,6)", "at(r1,9,7)", "at(r1,9,8)", "at(r1,9,9)", "at(r1,9,10)", "at(r1,9,11)", "at(r1,9,12)", "at(r1,9,13)", "at(r2,1,1)", "at(r2,2,2)", "at(r2,2,6)", "at(r2,10,8)", "at(r2,10,9)", "at(r2,10,10)", "at(r2,10,11)", "at(r2,10,12)", "at(r2,10,13)", "at(r3,11,1)", "at(r3,11,2)", "at(r3,11,3)", "at(r3,11,4)", "at(r3,11,5)", "at(r3,11,6)", "at(r3,11,7)", "at(r3,1,8)", "at(r3,3,10)", "at(r4,12,1)", "at(r4,12,7)", "at(r4,12,8)", "at(r5,7,2)", "at(r5,6,3)", "at(r5,5,4)", "at(r5,3,6)", "at(r5,3,8)", "at(r5,5,10)", "at(r5,6,11)", "at(r5,7,12)", "at(r6,14,1)", "at(r6,7,3)", "at(r6,6,4)", "at(r6,5,5)", "at(r6,17,9)", "at(r6,17,10)", "at(r6,17,11)", "at(r6,17,12)", "at(r6,17,13)", "at(r7,15,1)", "at(r7,15,2)", "at(r7,8,3)", "at(r7,7,4)", "at(r7,7,10)", "at(r7,8,11)", "at(r7,8,12)", "at(r7,13,13)", "at(r8,16,1)", "at(r8,16,2)", "at(r8,16,3)", "at(r8,16,4)", "at(r8,16,5)", "at(r8,16,6)", "at(r8,16,7)", "at(r8,16,8)", "at(r8,16,9)", "at(r8,16,10)", "at(r8,16,11)", "at(r8,16,12)", "at(r8,16,13)"
          ],
          "Costs": [
            54
          ]
        },
        {
          "Value": [
            "edge(4,17)", "edge(1,2)", "edge(2,3)", "edge(3,4)", "edge(4,5)", "edge(5,6)", "edge(6,7)", "edge(7,8)", "edge(9,1)", "edge(10,1)", "edge(11,1)", "edge(12,1)", "edge(8,13)", "edge(8,14)", "edge(8,15)", "edge(8,16)", "edge(16,8)", "edge(15,8)", "edge(14,8)", "edge(13,8)", "edge(1,12)", "edge(1,11)", "edge(1,10)", "edge(1,9)", "edge(8,7)", "edge(7,6)", "edge(6,5)", "edge(5,4)", "edge(4,3)", "edge(3,2)", "edge(2,1)", "edge(17,4)", "at(r1,9,0)", "at(r2,10,0)", "at(r3,11,0)", "at(r4,12,0)", "at(r5,13,0)", "at(r6,14,0)", "at(r7,15,0)", "at(r8,16,0)", "job(j1,c1,13)", "job(j2,c1,5)", "job(j3,c2,8)", "job(j4,c2,8)", "job(j5,c3,10)", "job(j6,c3,12)", "job(j7,c4,10)", "job(j8,c4,12)", "operation(j1,1,2)", "operation(j1,2,8)", "operation(j2,1,8)", "operation(j2,2,4)", "operation(j3,1,4)", "operation(j3,2,1)", "operation(j4,1,8)", "operation(j4,2,3)", "operation(j5,1,4)", "operation(j5,2,6)", "operation(j6,1,2)", "operation(j6,2,5)", "operation(j7,1,2)", "operation(j7,2,3)", "operation(j8,1,1)", "operation(j8,2,4)", "robot(r1,c1,9)", "robot(r2,c2,10)", "robot(r3,c3,11)", "robot(r4,c4,12)", "robot(r5,c1,13)", "robot(r6,c2,14)", "robot(r7,c3,15)", "robot(r8,c4,16)", "assign(r5,j2,1)", "assign(r2,j3,1)", "assign(r6,j4,1)", "assign(r7,j5,1)", "assign(r3,j6,1)", "assign(r4,j7,1)", "assign(r5,j1,2)", "assign(r4,j8,2)", "at(r5,8,1)", "at(r4,1,2)", "at(r6,8,2)", "at(r4,2,3)", "at(r2,3,3)", "at(r2,4,4)", "at(r4,3,4)", "at(r4,2,5)", "at(r5,4,5)", "at(r2,3,5)", "at(r7,6,5)", "at(r4,1,6)", "at(r6,4,6)", "at(r7,5,6)", "at(r5,2,7)", "at(r7,4,7)", "at(r2,1,7)", "at(r6,3,7)", "at(r6,4,8)", "at(r7,5,8)", "at(r3,2,9)", "at(r4,1,9)", "at(r5,4,9)", "at(r7,6,9)", "at(r4,2,10)", "at(r3,4,11)", "at(r4,3,11)", "at(r4,4,12)", "at(r3,5,12)", "at(r5,8,13)", "at(r3,5,13)", "at(r4,4,13)", "at(r1,9,1)", "at(r1,9,2)", "at(r1,9,3)", "at(r1,9,4)", "at(r1,9,5)", "at(r1,9,6)", "at(r1,9,7)", "at(r1,9,8)", "at(r1,9,9)", "at(r1,9,10)", "at(r1,9,11)", "at(r1,9,12)", "at(r1,9,13)", "at(r2,1,1)", "at(r2,2,2)", "at(r2,2,6)", "at(r2,12,8)", "at(r2,12,9)", "at(r2,12,10)", "at(r2,12,11)", "at(r2,12,12)", "at(r2,12,13)", "at(r3,11,1)", "at(r3,11,2)", "at(r3,11,3)", "at(r3,11,4)", "at(r3,11,5)", "at(r3,11,6)", "at(r3,11,7)", "at(r3,1,8)", "at(r3,3,10)", "at(r4,12,1)", "at(r4,10,7)", "at(r4,10,8)", "at(r5,7,2)", "at(r5,6,3)", "at(r5,5,4)", "at(r5,3,6)", "at(r5,3,8)", "at(r5,5,10)", "at(r5,6,11)", "at(r5,7,12)", "at(r6,14,1)", "at(r6,7,3)", "at(r6,6,4)", "at(r6,5,5)", "at(r6,17,9)", "at(r6,17,10)", "at(r6,17,11)", "at(r6,17,12)", "at(r6,17,13)", "at(r7,15,1)", "at(r7,15,2)", "at(r7,8,3)", "at(r7,7,4)", "at(r7,7,10)", "at(r7,8,11)", "at(r7,8,12)", "at(r7,13,13)", "at(r8,16,1)", "at(r8,16,2)", "at(r8,16,3)", "at(r8,16,4)", "at(r8,16,5)", "at(r8,16,6)", "at(r8,16,7)", "at(r8,16,8)", "at(r8,16,9)", "at(r8,16,10)", "at(r8,16,11)", "at(r8,16,12)", "at(r8,16,13)"
          ],
          "Costs": [
            54
          ]
        },
        {
          "Value": [
            "edge(4,17)", "edge(1,2)", "edge(2,3)", "edge(3,4)", "edge(4,5)", "edge(5,6)", "edge(6,7)", "edge(7,8)", "edge(9,1)", "edge(10,1)", "edge(11,1)", "edge(12,1)", "edge(8,13)", "edge(8,14)", "edge(8,15)", "edge(8,16)", "edge(16,8)", "edge(15,8)", "edge(14,8)", "edge(13,8)", "edge(1,12)", "edge(1,11)", "edge(1,10)", "edge(1,9)", "edge(8,7)", "edge(7,6)", "edge(6,5)", "edge(5,4)", "edge(4,3)", "edge(3,2)", "edge(2,1)", "edge(17,4)", "at(r1,9,0)", "at(r2,10,0)", "at(r3,11,0)", "at(r4,12,0)", "at(r5,13,0)", "at(r6,14,0)", "at(r7,15,0)", "at(r8,16,0)", "job(j1,c1,13)", "job(j2,c1,5)", "job(j3,c2,8)", "job(j4,c2,8)", "job(j5,c3,10)", "job(j6,c3,12)", "job(j7,c4,10)", "job(j8,c4,12)", "operation(j1,1,2)", "operation(j1,2,8)", "operation(j2,1,8)", "operation(j2,2,4)", "operation(j3,1,4)", "operation(j3,2,1)", "operation(j4,1,8)", "operation(j4,2,3)", "operation(j5,1,4)", "operation(j5,2,6)", "operation(j6,1,2)", "operation(j6,2,5)", "operation(j7,1,2)", "operation(j7,2,3)", "operation(j8,1,1)", "operation(j8,2,4)", "robot(r1,c1,9)", "robot(r2,c2,10)", "robot(r3,c3,11)", "robot(r4,c4,12)", "robot(r5,c1,13)", "robot(r6,c2,14)", "robot(r7,c3,15)", "robot(r8,c4,16)", "assign(r5,j2,1)", "assign(r2,j3,1)", "assign(r6,j4,1)", "assign(r7,j5,1)", "assign(r3,j6,1)", "assign(r4,j7,1)", "assign(r5,j1,2)", "assign(r4,j8,2)", "at(r5,8,1)", "at(r4,1,2)", "at(r6,8,2)", "at(r4,2,3)", "at(r2,3,3)", "at(r2,4,4)", "at(r4,3,4)", "at(r4,2,5)", "at(r5,4,5)", "at(r2,3,5)", "at(r7,6,5)", "at(r4,1,6)", "at(r6,4,6)", "at(r7,5,6)", "at(r5,2,7)", "at(r7,4,7)", "at(r2,1,7)", "at(r6,3,7)", "at(r6,4,8)", "at(r7,5,8)", "at(r3,2,9)", "at(r4,1,9)", "at(r5,4,9)", "at(r7,6,9)", "at(r4,2,10)", "at(r3,4,11)", "at(r4,3,11)", "at(r4,4,12)", "at(r3,5,12)", "at(r5,8,13)", "at(r3,5,13)", "at(r4,4,13)", "at(r1,9,1)", "at(r1,9,2)", "at(r1,9,3)", "at(r1,9,4)", "at(r1,9,5)", "at(r1,9,6)", "at(r1,9,7)", "at(r1,9,8)", "at(r1,9,9)", "at(r1,9,10)", "at(r1,9,11)", "at(r1,9,12)", "at(r1,9,13)", "at(r2,1,1)", "at(r2,2,2)", "at(r2,2,6)", "at(r2,10,8)", "at(r2,10,9)", "at(r2,10,10)", "at(r2,10,11)", "at(r2,10,12)", "at(r2,10,13)", "at(r3,11,1)", "at(r3,11,2)", "at(r3,11,3)", "at(r3,11,4)", "at(r3,11,5)", "at(r3,11,6)", "at(r3,11,7)", "at(r3,1,8)", "at(r3,3,10)", "at(r4,12,1)", "at(r4,12,7)", "at(r4,12,8)", "at(r5,7,2)", "at(r5,6,3)", "at(r5,5,4)", "at(r5,3,6)", "at(r5,3,8)", "at(r5,5,10)", "at(r5,6,11)", "at(r5,7,12)", "at(r6,14,1)", "at(r6,7,3)", "at(r6,6,4)", "at(r6,5,5)", "at(r6,17,9)", "at(r6,17,10)", "at(r6,17,11)", "at(r6,17,12)", "at(r6,17,13)", "at(r7,15,1)", "at(r7,15,2)", "at(r7,8,3)", "at(r7,7,4)", "at(r7,7,10)", "at(r7,8,11)", "at(r7,8,12)", "at(r7,15,13)", "at(r8,16,1)", "at(r8,16,2)", "at(r8,16,3)", "at(r8,16,4)", "at(r8,16,5)", "at(r8,16,6)", "at(r8,16,7)", "at(r8,16,8)", "at(r8,16,9)", "at(r8,16,10)", "at(r8,16,11)", "at(r8,16,12)", "at(r8,16,13)"
          ],
          "Costs": [
            54
          ]
        },
        {
          "Value": [
            "edge(4,17)", "edge(1,2)", "edge(2,3)", "edge(3,4)", "edge(4,5)", "edge(5,6)", "edge(6,7)", "edge(7,8)", "edge(9,1)", "edge(10,1)", "edge(11,1)", "edge(12,1)", "edge(8,13)", "edge(8,14)", "edge(8,15)", "edge(8,16)", "edge(16,8)", "edge(15,8)", "edge(14,8)", "edge(13,8)", "edge(1,12)", "edge(1,11)", "edge(1,10)", "edge(1,9)", "edge(8,7)", "edge(7,6)", "edge(6,5)", "edge(5,4)", "edge(4,3)", "edge(3,2)", "edge(2,1)", "edge(17,4)", "at(r1,9,0)", "at(r2,10,0)", "at(r3,11,0)", "at(r4,12,0)", "at(r5,13,0)", "at(r6,14,0)", "at(r7,15,0)", "at(r8,16,0)", "job(j1,c1,13)", "job(j2,c1,5)", "job(j3,c2,8)", "job(j4,c2,8)", "job(j5,c3,10)", "job(j6,c3,12)", "job(j7,c4,10)", "job(j8,c4,12)", "operation(j1,1,2)", "operation(j1,2,8)", "operation(j2,1,8)", "operation(j2,2,4)", "operation(j3,1,4)", "operation(j3,2,1)", "operation(j4,1,8)", "operation(j4,2,3)", "operation(j5,1,4)", "operation(j5,2,6)", "operation(j6,1,2)", "operation(j6,2,5)", "operation(j7,1,2)", "operation(j7,2,3)", "operation(j8,1,1)", "operation(j8,2,4)", "robot(r1,c1,9)", "robot(r2,c2,10)", "robot(r3,c3,11)", "robot(r4,c4,12)", "robot(r5,c1,13)", "robot(r6,c2,14)", "robot(r7,c3,15)", "robot(r8,c4,16)", "assign(r5,j2,1)", "assign(r2,j3,1)", "assign(r6,j4,1)", "assign(r7,j5,1)", "assign(r3,j6,1)", "assign(r4,j7,1)", "assign(r5,j1,2)", "assign(r4,j8,2)", "at(r5,8,1)", "at(r4,1,2)", "at(r6,8,2)", "at(r4,2,3)", "at(r2,3,3)", "at(r2,4,4)", "at(r4,3,4)", "at(r4,2,5)", "at(r5,4,5)", "at(r2,3,5)", "at(r7,6,5)", "at(r4,1,6)", "at(r6,4,6)", "at(r7,5,6)", "at(r5,2,7)", "at(r7,4,7)", "at(r2,1,7)", "at(r6,3,7)", "at(r6,4,8)", "at(r7,5,8)", "at(r3,2,9)", "at(r4,1,9)", "at(r5,4,9)", "at(r7,6,9)", "at(r4,2,10)", "at(r3,4,11)", "at(r4,3,11)", "at(r4,4,12)", "at(r3,5,12)", "at(r5,8,13)", "at(r3,5,13)", "at(r4,4,13)", "at(r1,9,1)", "at(r1,9,2)", "at(r1,9,3)", "at(r1,9,4)", "at(r1,9,5)", "at(r1,9,6)", "at(r1,9,7)", "at(r1,9,8)", "at(r1,9,9)", "at(r1,9,10)", "at(r1,9,11)", "at(r1,9,12)", "at(r1,9,13)", "at(r2,1,1)", "at(r2,2,2)", "at(r2,2,6)", "at(r2,12,8)", "at(r2,12,9)", "at(r2,12,10)", "at(r2,12,11)", "at(r2,12,12)", "at(r2,12,13)", "at(r3,11,1)", "at(r3,11,2)", "at(r3,11,3)", "at(r3,11,4)", "at(r3,11,5)", "at(r3,11,6)", "at(r3,11,7)", "at(r3,1,8)", "at(r3,3,10)", "at(r4,12,1)", "at(r4,10,7)", "at(r4,10,8)", "at(r5,7,2)", "at(r5,6,3)", "at(r5,5,4)", "at(r5,3,6)", "at(r5,3,8)", "at(r5,5,10)", "at(r5,6,11)", "at(r5,7,12)", "at(r6,14,1)", "at(r6,7,3)", "at(r6,6,4)", "at(r6,5,5)", "at(r6,17,9)", "at(r6,17,10)", "at(r6,17,11)", "at(r6,17,12)", "at(r6,17,13)", "at(r7,15,1)", "at(r7,15,2)", "at(r7,8,3)", "at(r7,7,4)", "at(r7,7,10)", "at(r7,8,11)", "at(r7,8,12)", "at(r7,15,13)", "at(r8,16,1)", "at(r8,16,2)", "at(r8,16,3)", "at(r8,16,4)", "at(r8,16,5)", "at(r8,16,6)", "at(r8,16,7)", "at(r8,16,8)", "at(r8,16,9)", "at(r8,16,10)", "at(r8,16,11)", "at(r8,16,12)", "at(r8,16,13)"
          ],
          "Costs": [
            54
          ]
        },
        {
          "Value": [
            "edge(4,17)", "edge(1,2)", "edge(2,3)", "edge(3,4)", "edge(4,5)", "edge(5,6)", "edge(6,7)", "edge(7,8)", "edge(9,1)", "edge(10,1)", "edge(11,1)", "edge(12,1)", "edge(8,13)", "edge(8,14)", "edge(8,15)", "edge(8,16)", "edge(16,8)", "edge(15,8)", "edge(14,8)", "edge(13,8)", "edge(1,12)", "edge(1,11)", "edge(1,10)", "edge(1,9)", "edge(8,7)", "edge(7,6)", "edge(6,5)", "edge(5,4)", "edge(4,3)", "edge(3,2)", "edge(2,1)", "edge(17,4)", "at(r1,9,0)", "at(r2,10,0)", "at(r3,11,0)", "at(r4,12,0)", "at(r5,13,0)", "at(r6,14,0)", "at(r7,15,0)", "at(r8,16,0)", "job(j1,c1,13)", "job(j2,c1,5)", "job(j3,c2,8)", "job(j4,c2,8)", "job(j5,c3,10)", "job(j6,c3,12)", "job(j7,c4,10)", "job(j8,c4,12)", "operation(j1,1,2)", "operation(j1,2,8)", "operation(j2,1,8)", "operation(j2,2,4)", "operation(j3,1,4)", "operation(j3,2,1)", "operation(j4,1,8)", "operation(j4,2,3)", "operation(j5,1,4)", "operation(j5,2,6)", "operation(j6,1,2)", "operation(j6,2,5)", "operation(j7,1,2)", "operation(j7,2,3)", "operation(j8,1,1)", "operation(j8,2,4)", "robot(r1,c1,9)", "robot(r2,c2,10)", "robot(r3,c3,11)", "robot(r4,c4,12)", "robot(r5,c1,13)", "robot(r6,c2,14)", "robot(r7,c3,15)", "robot(r8,c4,16)", "assign(r5,j2,1)", "assign(r2,j3,1)", "assign(r6,j4,1)", "assign(r7,j5,1)", "assign(r3,j6,1)", "assign(r4,j7,1)", "assign(r5,j1,2)", "assign(r4,j8,2)", "at(r5,8,1)", "at(r4,1,2)", "at(r6,8,2)", "at(r4,2,3)", "at(r2,3,3)", "at(r2,4,4)", "at(r4,3,4)", "at(r4,2,5)", "at(r5,4,5)", "at(r2,3,5)", "at(r7,6,5)", "at(r4,1,6)", "at(r6,4,6)", "at(r7,5,6)", "at(r5,2,7)", "at(r7,4,7)", "at(r2,1,7)", "at(r6,3,7)", "at(r6,4,8)", "at(r7,5,8)", "at(r3,2,9)", "at(r4,1,9)", "at(r5,4,9)", "at(r7,6,9)", "at(r4,2,10)", "at(r3,4,11)", "at(r4,3,11)", "at(r4,4,12)", "at(r3,5,12)", "at(r5,8,13)", "at(r3,5,13)", "at(r4,4,13)", "at(r1,9,1)", "at(r1,9,2)", "at(r1,9,3)", "at(r1,9,4)", "at(r1,9,5)", "at(r1,9,6)", "at(r1,9,7)", "at(r1,9,8)", "at(r1,9,9)", "at(r1,9,10)", "at(r1,9,11)", "at(r1,9,12)", "at(r1,9,13)", "at(r2,1,1)", "at(r2,2,2)", "at(r2,2,6)", "at(r2,10,8)", "at(r2,10,9)", "at(r2,10,10)", "at(r2,10,11)", "at(r2,10,12)", "at(r2,10,13)", "at(r3,11,1)", "at(r3,11,2)", "at(r3,11,3)", "at(r3,11,4)", "at(r3,11,5)", "at(r3,11,6)", "at(r3,11,7)", "at(r3,1,8)", "at(r3,3,10)", "at(r4,12,1)", "at(r4,12,7)", "at(r4,12,8)", "at(r5,7,2)", "at(r5,6,3)", "at(r5,5,4)", "at(r5,3,6)", "at(r5,3,8)", "at(r5,5,10)", "at(r5,6,11)", "at(r5,7,12)", "at(r6,14,1)", "at(r6,7,3)", "at(r6,6,4)", "at(r6,5,5)", "at(r6,17,9)", "at(r6,17,10)", "at(r6,17,11)", "at(r6,17,12)", "at(r6,17,13)", "at(r7,15,1)", "at(r7,15,2)", "at(r7,8,3)", "at(r7,7,4)", "at(r7,7,10)", "at(r7,8,11)", "at(r7,14,12)", "at(r7,14,13)", "at(r8,16,1)", "at(r8,16,2)", "at(r8,16,3)", "at(r8,16,4)", "at(r8,16,5)", "at(r8,16,6)", "at(r8,16,7)", "at(r8,16,8)", "at(r8,16,9)", "at(r8,16,10)", "at(r8,16,11)", "at(r8,16,12)", "at(r8,16,13)"
          ],
          "Costs": [
            54
          ]
        },
        {
          "Value": [
            "edge(4,17)", "edge(1,2)", "edge(2,3)", "edge(3,4)", "edge(4,5)", "edge(5,6)", "edge(6,7)", "edge(7,8)", "edge(9,1)", "edge(10,1)", "edge(11,1)", "edge(12,1)", "edge(8,13)", "edge(8,14)", "edge(8,15)", "edge(8,16)", "edge(16,8)", "edge(15,8)", "edge(14,8)", "edge(13,8)", "edge(1,12)", "edge(1,11)", "edge(1,10)", "edge(1,9)", "edge(8,7)", "edge(7,6)", "edge(6,5)", "edge(5,4)", "edge(4,3)", "edge(3,2)", "edge(2,1)", "edge(17,4)", "at(r1,9,0)", "at(r2,10,0)", "at(r3,11,0)", "at(r4,12,0)", "at(r5,13,0)", "at(r6,14,0)", "at(r7,15,0)", "at(r8,16,0)", "job(j1,c1,13)", "job(j2,c1,5)", "job(j3,c2,8)", "job(j4,c2,8)", "job(j5,c3,10)", "job(j6,c3,12)", "job(j7,c4,10)", "job(j8,c4,12)", "operation(j1,1,2)", "operation(j1,2,8)", "operation(j2,1,8)", "operation(j2,2,4)", "operation(j3,1,4)", "operation(j3,2,1)", "operation(j4,1,8)", "operation(j4,2,3)", "operation(j5,1,4)", "operation(j5,2,6)", "operation(j6,1,2)", "operation(j6,2,5)", "operation(j7,1,2)", "operation(j7,2,3)", "operation(j8,1,1)", "operation(j8,2,4)", "robot(r1,c1,9)", "robot(r2,c2,10)", "robot(r3,c3,11)", "robot(r4,c4,12)", "robot(r5,c1,13)", "robot(r6,c2,14)", "robot(r7,c3,15)", "robot(r8,c4,16)", "assign(r5,j2,1)", "assign(r2,j3,1)", "assign(r6,j4,1)", "assign(r7,j5,1)", "assign(r3,j6,1)", "assign(r4,j7,1)", "assign(r5,j1,2)", "assign(r4,j8,2)", "at(r5,8,1)", "at(r4,1,2)", "at(r6,8,2)", "at(r4,2,3)", "at(r2,3,3)", "at(r2,4,4)", "at(r4,3,4)", "at(r4,2,5)", "at(r5,4,5)", "at(r2,3,5)", "at(r7,6,5)", "at(r4,1,6)", "at(r6,4,6)", "at(r7,5,6)", "at(r5,2,7)", "at(r7,4,7)", "at(r2,1,7)", "at(r6,3,7)", "at(r6,4,8)", "at(r7,5,8)", "at(r3,2,9)", "at(r4,1,9)", "at(r5,4,9)", "at(r7,6,9)", "at(r4,2,10)", "at(r3,4,11)", "at(r4,3,11)", "at(r4,4,12)", "at(r3,5,12)", "at(r5,8,13)", "at(r3,5,13)", "at(r4,4,13)", "at(r1,9,1)", "at(r1,9,2)", "at(r1,9,3)", "at(r1,9,4)", "at(r1,9,5)", "at(r1,9,6)", "at(r1,9,7)", "at(r1,9,8)", "at(r1,9,9)", "at(r1,9,10)", "at(r1,9,11)", "at(r1,9,12)", "at(r1,9,13)", "at(r2,1,1)", "at(r2,2,2)", "at(r2,2,6)", "at(r2,12,8)", "at(r2,12,9)", "at(r2,12,10)", "at(r2,12,11)", "at(r2,12,12)", "at(r2,12,13)", "at(r3,11,1)", "at(r3,11,2)", "at(r3,11,3)", "at(r3,11,4)", "at(r3,11,5)", "at(r3,11,6)", "at(r3,11,7)", "at(r3,1,8)", "at(r3,3,10)", "at(r4,12,1)", "at(r4,10,7)", "at(r4,10,8)", "at(r5,7,2)", "at(r5,6,3)", "at(r5,5,4)", "at(r5,3,6)", "at(r5,3,8)", "at(r5,5,10)", "at(r5,6,11)", "at(r5,7,12)", "at(r6,14,1)", "at(r6,7,3)", "at(r6,6,4)", "at(r6,5,5)", "at(r6,17,9)", "at(r6,17,10)", "at(r6,17,11)", "at(r6,17,12)", "at(r6,17,13)", "at(r7,15,1)", "at(r7,15,2)", "at(r7,8,3)", "at(r7,7,4)", "at(r7,7,10)", "at(r7,8,11)", "at(r7,14,12)", "at(r7,14,13)", "at(r8,16,1)", "at(r8,16,2)", "at(r8,16,3)", "at(r8,16,4)", "at(r8,16,5)", "at(r8,16,6)", "at(r8,16,7)", "at(r8,16,8)", "at(r8,16,9)", "at(r8,16,10)", "at(r8,16,11)", "at(r8,16,12)", "at(r8,16,13)"
          ],
          "Costs": [
            54
          ]
        },
        {
          "Value": [
            "edge(4,17)", "edge(1,2)", "edge(2,3)", "edge(3,4)", "edge(4,5)", "edge(5,6)", "edge(6,7)", "edge(7,8)", "edge(9,1)", "edge(10,1)", "edge(11,1)", "edge(12,1)", "edge(8,13)", "edge(8,14)", "edge(8,15)", "edge(8,16)", "edge(16,8)", "edge(15,8)", "edge(14,8)", "edge(13,8)", "edge(1,12)", "edge(1,11)", "edge(1,10)", "edge(1,9)", "edge(8,7)", "edge(7,6)", "edge(6,5)", "edge(5,4)", "edge(4,3)", "edge(3,2)", "edge(2,1)", "edge(17,4)", "at(r1,9,0)", "at(r2,10,0)", "at(r3,11,0)", "at(r4,12,0)", "at(r5,13,0)", "at(r6,14,0)", "at(r7,15,0)", "at(r8,16,0)", "job(j1,c1,13)", "job(j2,c1,5)", "job(j3,c2,8)", "job(j4,c2,8)", "job(j5,c3,10)", "job(j6,c3,12)", "job(j7,c4,10)", "job(j8,c4,12)", "operation(j1,1,2)", "operation(j1,2,8)", "operation(j2,1,8)", "operation(j2,2,4)", "operation(j3,1,4)", "operation(j3,2,1)", "operation(j4,1,8)", "operation(j4,2,3)", "operation(j5,1,4)", "operation(j5,2,6)", "operation(j6,1,2)", "operation(j6,2,5)", "operation(j7,1,2)", "operation(j7,2,3)", "operation(j8,1,1)", "operation(j8,2,4)", "robot(r1,c1,9)", "robot(r2,c2,10)", "robot(r3,c3,11)", "robot(r4,c4,12)", "robot(r5,c1,13)", "robot(r6,c2,14)", "robot(r7,c3,15)", "robot(r8,c4,16)", "assign(r5,j2,1)", "assign(r2,j3,1)", "assign(r6,j4,1)", "assign(r7,j5,1)", "assign(r3,j6,1)", "assign(r4,j7,1)", "assign(r5,j1,2)", "assign(r4,j8,2)", "at(r5,8,1)", "at(r4,1,2)", "at(r6,8,2)", "at(r4,2,3)", "at(r2,3,3)", "at(r2,4,4)", "at(r4,3,4)", "at(r4,2,5)", "at(r5,4,5)", "at(r2,3,5)", "at(r7,6,5)", "at(r4,1,6)", "at(r6,4,6)", "at(r7,5,6)", "at(r5,2,7)", "at(r7,4,7)", "at(r2,1,7)", "at(r6,3,7)", "at(r6,4,8)", "at(r7,5,8)", "at(r3,2,9)", "at(r4,1,9)", "at(r5,4,9)", "at(r7,6,9)", "at(r4,2,10)", "at(r3,4,11)", "at(r4,3,11)", "at(r4,4,12)", "at(r3,5,12)", "at(r5,8,13)", "at(r3,5,13)", "at(r4,4,13)", "at(r1,9,1)", "at(r1,9,2)", "at(r1,9,3)", "at(r1,9,4)", "at(r1,9,5)", "at(r1,9,6)", "at(r1,9,7)", "at(r1,9,8)", "at(r1,9,9)", "at(r1,9,10)", "at(r1,9,11)", "at(r1,9,12)", "at(r1,9,13)", "at(r2,1,1)", "at(r2,2,2)", "at(r2,2,6)", "at(r2,10,8)", "at(r2,10,9)", "at(r2,10,10)", "at(r2,10,11)", "at(r2,10,12)", "at(r2,10,13)", "at(r3,11,1)", "at(r3,11,2)", "at(r3,11,3)", "at(r3,11,4)", "at(r3,11,5)", "at(r3,11,6)", "at(r3,11,7)", "at(r3,1,8)", "at(r3,3,10)", "at(r4,12,1)", "at(r4,12,7)", "at(r4,12,8)", "at(r5,7,2)", "at(r5,6,3)", "at(r5,5,4)", "at(r5,3,6)", "at(r5,3,8)", "at(r5,5,10)", "at(r5,6,11)", "at(r5,7,12)", "at(r6,14,1)", "at(r6,7,3)", "at(r6,6,4)", "at(r6,5,5)", "at(r6,17,9)", "at(r6,17,10)", "at(r6,17,11)", "at(r6,17,12)", "at(r6,17,13)", "at(r7,15,1)", "at(r7,15,2)", "at(r7,8,3)", "at(r7,7,4)", "at(r7,7,10)", "at(r7,8,11)", "at(r7,13,12)", "at(r7,13,13)", "at(r8,16,1)", "at(r8,16,2)", "at(r8,16,3)", "at(r8,16,4)", "at(r8,16,5)", "at(r8,16,6)", "at(r8,16,7)", "at(r8,16,8)", "at(r8,16,9)", "at(r8,16,10)", "at(r8,16,11)", "at(r8,16,12)", "at(r8,16,13)"
          ],
          "Costs": [
            54
          ]
        },
        {
          "Value": [
            "edge(4,17)", "edge(1,2)", "edge(2,3)", "edge(3,4)", "edge(4,5)", "edge(5,6)", "edge(6,7)", "edge(7,8)", "edge(9,1)", "edge(10,1)", "edge(11,1)", "edge(12,1)", "edge(8,13)", "edge(8,14)", "edge(8,15)", "edge(8,16)", "edge(16,8)", "edge(15,8)", "edge(14,8)", "edge(13,8)", "edge(1,12)", "edge(1,11)", "edge(1,10)", "edge(1,9)", "edge(8,7)", "edge(7,6)", "edge(6,5)", "edge(5,4)", "edge(4,3)", "edge(3,2)", "edge(2,1)", "edge(17,4)", "at(r1,9,0)", "at(r2,10,0)", "at(r3,11,0)", "at(r4,12,0)", "at(r5,13,0)", "at(r6,14,0)", "at(r7,15,0)", "at(r8,16,0)", "job(j1,c1,13)", "job(j2,c1,5)", "job(j3,c2,8)", "job(j4,c2,8)", "job(j5,c3,10)", "job(j6,c3,12)", "job(j7,c4,10)", "job(j8,c4,12)", "operation(j1,1,2)", "operation(j1,2,8)", "operation(j2,1,8)", "operation(j2,2,4)", "operation(j3,1,4)", "operation(j3,2,1)", "operation(j4,1,8)", "operation(j4,2,3)", "operation(j5,1,4)", "operation(j5,2,6)", "operation(j6,1,2)", "operation(j6,2,5)", "operation(j7,1,2)", "operation(j7,2,3)", "operation(j8,1,1)", "operation(j8,2,4)", "robot(r1,c1,9)", "robot(r2,c2,10)", "robot(r3,c3,11)", "robot(r4,c4,12)", "robot(r5,c1,13)", "robot(r6,c2,14)", "robot(r7,c3,15)", "robot(r8,c4,16)", "assign(r5,j2,1)", "assign(r2,j3,1)", "assign(r6,j4,1)", "assign(r7,j5,1)", "assign(r3,j6,1)", "assign(r4,j7,1)", "assign(r5,j1,2)", "assign(r4,j8,2)", "at(r5,8,1)", "at(r4,1,2)", "at(r6,8,2)", "at(r4,2,3)", "at(r2,3,3)", "at(r2,4,4)", "at(r4,3,4)", "at(r4,2,5)", "at(r5,4,5)", "at(r2,3,5)", "at(r7,6,5)", "at(r4,1,6)", "at(r6,4,6)", "at(r7,5,6)", "at(r5,2,7)", "at(r7,4,7)", "at(r2,1,7)", "at(r6,3,7)", "at(r6,4,8)", "at(r7,5,8)", "at(r3,2,9)", "at(r4,1,9)", "at(r5,4,9)", "at(r7,6,9)", "at(r4,2,10)", "at(r3,4,11)", "at(r4,3,11)", "at(r4,4,12)", "at(r3,5,12)", "at(r5,8,13)", "at(r3,5,13)", "at(r4,4,13)", "at(r1,9,1)", "at(r1,9,2)", "at(r1,9,3)", "at(r1,9,4)", "at(r1,9,5)", "at(r1,9,6)", "at(r1,9,7)", "at(r1,9,8)", "at(r1,9,9)", "at(r1,9,10)", "at(r1,9,11)", "at(r1,9,12)", "at(r1,9,13)", "at(r2,1,1)", "at(r2,2,2)", "at(r2,2,6)", "at(r2,10,8)", "at(r2,10,9)", "at(r2,10,10)", "at(r2,10,11)", "at(r2,10,12)", "at(r2,10,13)", "at(r3,11,1)", "at(r3,11,2)", "at(r3,11,3)", "at(r3,11,4)", "at(r3,11,5)", "at(r3,11,6)", "at(r3,11,7)", "at(r3,1,8)", "at(r3,3,10)", "at(r4,12,1)", "at(r4,12,7)", "at(r4,12,8)", "at(r5,7,2)", "at(r5,6,3)", "at(r5,5,4)", "at(r5,3,6)", "at(r5,3,8)", "at(r5,5,10)", "at(r5,6,11)", "at(r5,7,12)", "at(r6,14,1)", "at(r6,7,3)", "at(r6,6,4)", "at(r6,5,5)", "at(r6,17,9)", "at(r6,17,10)", "at(r6,17,11)", "at(r6,17,12)", "at(r6,17,13)", "at(r7,15,1)", "at(r7,15,2)", "at(r7,8,3)", "at(r7,7,4)", "at(r7,7,10)", "at(r7,8,11)", "at(r7,8,12)", "at(r7,14,13)", "at(r8,16,1)", "at(r8,16,2)", "at(r8,16,3)", "at(r8,16,4)", "at(r8,16,5)", "at(r8,16,6)", "at(r8,16,7)", "at(r8,16,8)", "at(r8,16,9)", "at(r8,16,10)", "at(r8,16,11)", "at(r8,16,12)", "at(r8,16,13)"
          ],
          "Costs": [
            54
          ]
        },
        {
          "Value": [
            "edge(4,17)", "edge(1,2)", "edge(2,3)", "edge(3,4)", "edge(4,5)", "edge(5,6)", "edge(6,7)", "edge(7,8)", "edge(9,1)", "edge(10,1)", "edge(11,1)", "edge(12,1)", "edge(8,13)", "edge(8,14)", "edge(8,15)", "edge(8,16)", "edge(16,8)", "edge(15,8)", "edge(14,8)", "edge(13,8)", "edge(1,12)", "edge(1,11)", "edge(1,10)", "edge(1,9)", "edge(8,7)", "edge(7,6)", "edge(6,5)", "edge(5,4)", "edge(4,3)", "edge(3,2)", "edge(2,1)", "edge(17,4)", "at(r1,9,0)", "at(r2,10,0)", "at(r3,11,0)", "at(r4,12,0)", "at(r5,13,0)", "at(r6,14,0)", "at(r7,15,0)", "at(r8,16,0)", "job(j1,c1,13)", "job(j2,c1,5)", "job(j3,c2,8)", "job(j4,c2,8)", "job(j5,c3,10)", "job(j6,c3,12)", "job(j7,c4,10)", "job(j8,c4,12)", "operation(j1,1,2)", "operation(j1,2,8)", "operation(j2,1,8)", "operation(j2,2,4)", "operation(j3,1,4)", "operation(j3,2,1)", "operation(j4,1,8)", "operation(j4,2,3)", "operation(j5,1,4)", "operation(j5,2,6)", "operation(j6,1,2)", "operation(j6,2,5)", "operation(j7,1,2)", "operation(j7,2,3)", "operation(j8,1,1)", "operation(j8,2,4)", "robot(r1,c1,9)", "robot(r2,c2,10)", "robot(r3,c3,11)", "robot(r4,c4,12)", "robot(r5,c1,13)", "robot(r6,c2,14)", "robot(r7,c3,15)", "robot(r8,c4,16)", "assign(r5,j2,1)", "assign(r2,j3,1)", "assign(r6,j4,1)", "assign(r7,j5,1)", "assign(r3,j6,1)", "assign(r4,j7,1)", "assign(r5,j1,2)", "assign(r4,j8,2)", "at(r5,8,1)", "at(r4,1,2)", "at(r6,8,2)", "at(r4,2,3)", "at(r2,3,3)", "at(r2,4,4)", "at(r4,3,4)", "at(r4,2,5)", "at(r5,4,5)", "at(r2,3,5)", "at(r7,6,5)", "at(r4,1,6)", "at(r6,4,6)", "at(r7,5,6)", "at(r5,2,7)", "at(r7,4,7)", "at(r2,1,7)", "at(r6,3,7)", "at(r6,4,8)", "at(r7,5,8)", "at(r3,2,9)", "at(r4,1,9)", "at(r5,4,9)", "at(r7,6,9)", "at(r4,2,10)", "at(r3,4,11)", "at(r4,3,11)", "at(r4,4,12)", "at(r3,5,12)", "at(r5,8,13)", "at(r3,5,13)", "at(r4,4,13)", "at(r1,9,1)", "at(r1,9,2)", "at(r1,9,3)", "at(r1,9,4)", "at(r1,9,5)", "at(r1,9,6)", "at(r1,9,7)", "at(r1,9,8)", "at(r1,9,9)", "at(r1,9,10)", "at(r1,9,11)", "at(r1,9,12)", "at(r1,9,13)", "at(r2,1,1)", "at(r2,2,2)", "at(r2,2,6)", "at(r2,12,8)", "at(r2,12,9)", "at(r2,12,10)", "at(r2,12,11)", "at(r2,12,12)", "at(r2,12,13)", "at(r3,11,1)", "at(r3,11,2)", "at(r3,11,3)", "at(r3,11,4)", "at(r3,11,5)", "at(r3,11,6)", "at(r3,11,7)", "at(r3,1,8)", "at(r3,3,10)", "at(r4,12,1)", "at(r4,10,7)", "at(r4,10,8)", "at(r5,7,2)", "at(r5,6,3)", "at(r5,5,4)", "at(r5,3,6)", "at(r5,3,8)", "at(r5,5,10)", "at(r5,6,11)", "at(r5,7,12)", "at(r6,14,1)", "at(r6,7,3)", "at(r6,6,4)", "at(r6,5,5)", "at(r6,17,9)", "at(r6,17,10)", "at(r6,17,11)", "at(r6,17,12)", "at(r6,17,13)", "at(r7,15,1)", "at(r7,15,2)", "at(r7,8,3)", "at(r7,7,4)", "at(r7,7,10)", "at(r7,8,11)", "at(r7,13,12)", "at(r7,13,13)", "at(r8,16,1)", "at(r8,16,2)", "at(r8,16,3)", "at(r8,16,4)", "at(r8,16,5)", "at(r8,16,6)", "at(r8,16,7)", "at(r8,16,8)", "at(r8,16,9)", "at(r8,16,10)", "at(r8,16,11)", "at(r8,16,12)", "at(r8,16,13)"
          ],
          "Costs": [
            54
          ]
        },
        {
          "Value": [
            "edge(4,17)", "edge(1,2)", "edge(2,3)", "edge(3,4)", "edge(4,5)", "edge(5,6)", "edge(6,7)", "edge(7,8)", "edge(9,1)", "edge(10,1)", "edge(11,1)", "edge(12,1)", "edge(8,13)", "edge(8,14)", "edge(8,15)", "edge(8,16)", "edge(16,8)", "edge(15,8)", "edge(14,8)", "edge(13,8)", "edge(1,12)", "edge(1,11)", "edge(1,10)", "edge(1,9)", "edge(8,7)", "edge(7,6)", "edge(6,5)", "edge(5,4)", "edge(4,3)", "edge(3,2)", "edge(2,1)", "edge(17,4)", "at(r1,9,0)", "at(r2,10,0)", "at(r3,11,0)", "at(r4,12,0)", "at(r5,13,0)", "at(r6,14,0)", "at(r7,15,0)", "at(r8,16,0)", "job(j1,c1,13)", "job(j2,c1,5)", "job(j3,c2,8)", "job(j4,c2,8)", "job(j5,c3,10)", "job(j6,c3,12)", "job(j7,c4,10)", "job(j8,c4,12)", "operation(j1,1,2)", "operation(j1,2,8)", "operation(j2,1,8)", "operation(j2,2,4)", "operation(j3,1,4)", "operation(j3,2,1)", "operation(j4,1,8)", "operation(j4,2,3)", "operation(j5,1,4)", "operation(j5,2,6)", "operation(j6,1,2)", "operation(j6,2,5)", "operation(j7,1,2)", "operation(j7,2,3)", "operation(j8,1,1)", "operation(j8,2,4)", "robot(r1,c1,9)", "robot(r2,c2,10)", "robot(r3,c3,11)", "robot(r4,c4,12)", "robot(r5,c1,13)", "robot(r6,c2,14)", "robot(r7,c3,15)", "robot(r8,c4,16)", "assign(r5,j2,1)", "assign(r2,j3,1)", "assign(r6,j4,1)", "assign(r7,j5,1)", "assign(r3,j6,1)", "assign(r4,j7,1)", "assign(r5,j1,2)", "assign(r4,j8,2)", "at(r5,8,1)", "at(r4,1,2)", "at(r6,8,2)", "at(r4,2,3)", "at(r2,3,3)", "at(r2,4,4)", "at(r4,3,4)", "at(r4,2,5)", "at(r5,4,5)", "at(r2,3,5)", "at(r7,6,5)", "at(r4,1,6)", "at(r6,4,6)", "at(r7,5,6)", "at(r5,2,7)", "at(r7,4,7)", "at(r2,1,7)", "at(r6,3,7)", "at(r6,4,8)", "at(r7,5,8)", "at(r3,2,9)", "at(r4,1,9)", "at(r5,4,9)", "at(r7,6,9)", "at(r4,2,10)", "at(r3,4,11)", "at(r4,3,11)", "at(r4,4,12)", "at(r3,5,12)", "at(r5,8,13)", "at(r3,5,13)", "at(r4,4,13)", "at(r1,9,1)", "at(r1,9,2)", "at(r1,9,3)", "at(r1,9,4)", "at(r1,9,5)", "at(r1,9,6)", "at(r1,9,7)", "at(r1,9,8)", "at(r1,9,9)", "at(r1,9,10)", "at(r1,9,11)", "at(r1,9,12)", "at(r1,9,13)", "at(r2,1,1)", "at(r2,2,2)", "at(r2,2,6)", "at(r2,12,8)", "at(r2,12,9)", "at(r2,12,10)", "at(r2,12,11)", "at(r2,12,12)", "at(r2,12,13)", "at(r3,11,1)", "at(r3,11,2)", "at(r3,11,3)", "at(r3,11,4)", "at(r3,11,5)", "at(r3,11,6)", "at(r3,11,7)", "at(r3,1,8)", "at(r3,3,10)", "at(r4,12,1)", "at(r4,10,7)", "at(r4,10,8)", "at(r5,7,2)", "at(r5,6,3)", "at(r5,5,4)", "at(r5,3,6)", "at(r5,3,8)", "at(r5,5,10)", "at(r5,6,11)", "at(r5,7,12)", "at(r6,14,1)", "at(r6,7,3)", "at(r6,6,4)", "at(r6,5,5)", "at(r6,17,9)", "at(r6,17,10)", "at(r6,17,11)", "at(r6,17,12)", "at(r6,17,13)", "at(r7,15,1)", "at(r7,15,2)", "at(r7,8,3)", "at(r7,7,4)", "at(r7,7,10)", "at(r7,8,11)", "at(r7,8,12)", "at(r7,14,13)", "at(r8,16,1)", "at(r8,16,2)", "at(r8,16,3)", "at(r8,16,4)", "at(r8,16,5)", "at(r8,16,6)", "at(r8,16,7)", "at(r8,16,8)", "at(r8,16,9)", "at(r8,16,10)", "at(r8,16,11)", "at(r8,16,12)", "at(r8,16,13)"
          ],
          "Costs": [
            54
          ]
        },
        {
          "Value": [
            "edge(4,17)", "edge(1,2)", "edge(2,3)", "edge(3,4)", "edge(4,5)", "edge(5,6)", "edge(6,7)", "edge(7,8)", "edge(9,1)", "edge(10,1)", "edge(11,1)", "edge(12,1)", "edge(8,13)", "edge(8,14)", "edge(8,15)", "edge(8,16)", "edge(16,8)", "edge(15,8)", "edge(14,8)", "edge(13,8)", "edge(1,12)", "edge(1,11)", "edge(1,10)", "edge(1,9)", "edge(8,7)", "edge(7,6)", "edge(6,5)", "edge(5,4)", "edge(4,3)", "edge(3,2)", "edge(2,1)", "edge(17,4)", "at(r1,9,0)", "at(r2,10,0)", "at(r3,11,0)", "at(r4,12,0)", "at(r5,13,0)", "at(r6,14,0)", "at(r7,15,0)", "at(r8,16,0)", "job(j1,c1,13)", "job(j2,c1,5)", "job(j3,c2,8)", "job(j4,c2,8)", "job(j5,c3,10)", "job(j6,c3,12)", "job(j7,c4,10)", "job(j8,c4,12)", "operation(j1,1,2)", "operation(j1,2,8)", "operation(j2,1,8)", "operation(j2,2,4)", "operation(j3,1,4)", "operation(j3,2,1)", "operation(j4,1,8)", "operation(j4,2,3)", "operation(j5,1,4)", "operation(j5,2,6)", "operation(j6,1,2)", "operation(j6,2,5)", "operation(j7,1,2)", "operation(j7,2,3)", "operation(j8,1,1)", "operation(j8,2,4)", "robot(r1,c1,9)", "robot(r2,c2,10)", "robot(r3,c3,11)", "robot(r4,c4,12)", "robot(r5,c1,13)", "robot(r6,c2,14)", "robot(r7,c3,15)", "robot(r8,c4,16)", "assign(r5,j2,1)", "assign(r2,j3,1)", "assign(r6,j4,1)", "assign(r7,j5,1)", "assign(r3,j6,1)", "assign(r4,j7,1)", "assign(r5,j1,2)", "assign(r4,j8,2)", "at(r5,8,1)", "at(r4,1,2)", "at(r6,8,2)", "at(r4,2,3)", "at(r2,3,3)", "at(r2,4,4)", "at(r4,3,4)", "at(r4,2,5)", "at(r5,4,5)", "at(r2,3,5)", "at(r7,6,5)", "at(r4,1,6)", "at(r6,4,6)", "at(r7,5,6)", "at(r5,2,7)", "at(r7,4,7)", "at(r2,1,7)", "at(r6,3,7)", "at(r6,4,8)", "at(r7,5,8)", "at(r3,2,9)", "at(r4,1,9)", "at(r5,4,9)", "at(r7,6,9)", "at(r4,2,10)", "at(r3,4,11)", "at(r4,3,11)", "at(r4,4,12)", "at(r3,5,12)", "at(r5,8,13)", "at(r3,5,13)", "at(r4,4,13)", "at(r1,9,1)", "at(r1,9,2)", "at(r1,9,3)", "at(r1,9,4)", "at(r1,9,5)", "at(r1,9,6)", "at(r1,9,7)", "at(r1,9,8)", "at(r1,9,9)", "at(r1,9,10)", "at(r1,9,11)", "at(r1,9,12)", "at(r1,9,13)", "at(r2,1,1)", "at(r2,2,2)", "at(r2,2,6)", "at(r2,12,8)", "at(r2,12,9)", "at(r2,12,10)", "at(r2,12,11)", "at(r2,12,12)", "at(r2,12,13)", "at(r3,11,1)", "at(r3,11,2)", "at(r3,11,3)", "at(r3,11,4)", "at(r3,11,5)", "at(r3,11,6)", "at(r3,11,7)", "at(r3,1,8)", "at(r3,3,10)", "at(r4,12,1)", "at(r4,10,7)", "at(r4,10,8)", "at(r5,7,2)", "at(r5,6,3)", "at(r5,5,4)", "at(r5,3,6)", "at(r5,3,8)", "at(r5,5,10)", "at(r5,6,11)", "at(r5,7,12)", "at(r6,14,1)", "at(r6,7,3)", "at(r6,6,4)", "at(r6,5,5)", "at(r6,17,9)", "at(r6,17,10)", "at(r6,17,11)", "at(r6,17,12)", "at(r6,17,13)", "at(r7,15,1)", "at(r7,15,2)", "at(r7,8,3)", "at(r7,7,4)", "at(r7,7,10)", "at(r7,8,11)", "at(r7,15,12)", "at(r7,15,13)", "at(r8,16,1)", "at(r8,16,2)", "at(r8,16,3)", "at(r8,16,4)", "at(r8,16,5)", "at(r8,16,6)", "at(r8,16,7)", "at(r8,16,8)", "at(r8,16,9)", "at(r8,16,10)", "at(r8,16,11)", "at(r8,16,12)", "at(r8,16,13)"
          ],
          "Costs": [
            54
          ]
        },
        {
          "Value": [
            "edge(4,17)", "edge(1,2)", "edge(2,3)", "edge(3,4)", "edge(4,5)", "edge(5,6)", "edge(6,7)", "edge(7,8)", "edge(9,1)", "edge(10,1)", "edge(11,1)", "edge(12,1)", "edge(8,13)", "edge(8,14)", "edge(8,15)", "edge(8,16)", "edge(16,8)", "edge(15,8)", "edge(14,8)", "edge(13,8)", "edge(1,12)", "edge(1,11)", "edge(1,10)", "edge(1,9)", "edge(8,7)", "edge(7,6)", "edge(6,5)", "edge(5,4)", "edge(4,3)", "edge(3,2)", "edge(2,1)", "edge(17,4)", "at(r1,9,0)", "at(r2,10,0)", "at(r3,11,0)", "at(r4,12,0)", "at(r5,13,0)", "at(r6,14,0)", "at(r7,15,0)", "at(r8,16,0)", "job(j1,c1,13)", "job(j2,c1,5)", "job(j3,c2,8)", "job(j4,c2,8)", "job(j5,c3,10)", "job(j6,c3,12)", "job(j7,c4,10)", "job(j8,c4,12)", "operation(j1,1,2)", "operation(j1,2,8)", "operation(j2,1,8)", "operation(j2,2,4)", "operation(j3,1,4)", "operation(j3,2,1)", "operation(j4,1,8)", "operation(j4,2,3)", "operation(j5,1,4)", "operation(j5,2,6)", "operation(j6,1,2)", "operation(j6,2,5)", "operation(j7,1,2)", "operation(j7,2,3)", "operation(j8,1,1)", "operation(j8,2,4)", "robot(r1,c1,9)", "robot(r2,c2,10)", "robot(r3,c3,11)", "robot(r4,c4,12)", "robot(r5,c1,13)", "robot(r6,c2,14)", "robot(r7,c3,15)", "robot(r8,c4,16)", "assign(r5,j2,1)", "assign(r2,j3,1)", "assign(r6,j4,1)", "assign(r7,j5,1)", "assign(r3,j6,1)", "assign(r4,j7,1)", "assign(r5,j1,2)", "assign(r4,j8,2)", "at(r5,8,1)", "at(r4,1,2)", "at(r6,8,2)", "at(r4,2,3)", "at(r2,3,3)", "at(r2,4,4)", "at(r4,3,4)", "at(r4,2,5)", "at(r5,4,5)", "at(r2,3,5)", "at(r7,6,5)", "at(r4,1,6)", "at(r6,4,6)", "at(r7,5,6)", "at(r5,2,7)", "at(r7,4,7)", "at(r2,1,7)", "at(r6,3,7)", "at(r6,4,8)", "at(r7,5,8)", "at(r3,2,9)", "at(r4,1,9)", "at(r5,4,9)", "at(r7,6,9)", "at(r4,2,10)", "at(r3,4,11)", "at(r4,3,11)", "at(r4,4,12)", "at(r3,5,12)", "at(r5,8,13)", "at(r3,5,13)", "at(r4,4,13)", "at(r1,9,1)", "at(r1,9,2)", "at(r1,9,3)", "at(r1,9,4)", "at(r1,9,5)", "at(r1,9,6)", "at(r1,9,7)", "at(r1,9,8)", "at(r1,9,9)", "at(r1,9,10)", "at(r1,9,11)", "at(r1,9,12)", "at(r1,9,13)", "at(r2,1,1)", "at(r2,2,2)", "at(r2,2,6)", "at(r2,10,8)", "at(r2,10,9)", "at(r2,10,10)", "at(r2,10,11)", "at(r2,10,12)", "at(r2,10,13)", "at(r3,11,1)", "at(r3,11,2)", "at(r3,11,3)", "at(r3,11,4)", "at(r3,11,5)", "at(r3,11,6)", "at(r3,11,7)", "at(r3,1,8)", "at(r3,3,10)", "at(r4,12,1)", "at(r4,12,7)", "at(r4,12,8)", "at(r5,7,2)", "at(r5,6,3)", "at(r5,5,4)", "at(r5,3,6)", "at(r5,3,8)", "at(r5,5,10)", "at(r5,6,11)", "at(r5,7,12)", "at(r6,14,1)", "at(r6,7,3)", "at(r6,6,4)", "at(r6,5,5)", "at(r6,17,9)", "at(r6,17,10)", "at(r6,17,11)", "at(r6,17,12)", "at(r6,17,13)", "at(r7,15,1)", "at(r7,15,2)", "at(r7,8,3)", "at(r7,7,4)", "at(r7,7,10)", "at(r7,8,11)", "at(r7,15,12)", "at(r7,15,13)", "at(r8,16,1)", "at(r8,16,2)", "at(r8,16,3)", "at(r8,16,4)", "at(r8,16,5)", "at(r8,16,6)", "at(r8,16,7)", "at(r8,16,8)", "at(r8,16,9)", "at(r8,16,10)", "at(r8,16,11)", "at(r8,16,12)", "at(r8,16,13)"
          ],
          "Costs": [
            54
          ]
        },
        {
          "Value": [
            "edge(4,17)", "edge(1,2)", "edge(2,3)", "edge(3,4)", "edge(4,5)", "edge(5,6)", "edge(6,7)", "edge(7,8)", "edge(9,1)", "edge(10,1)", "edge(11,1)", "edge(12,1)", "edge(8,13)", "edge(8,14)", "edge(8,15)", "edge(8,16)", "edge(16,8)", "edge(15,8)", "edge(14,8)", "edge(13,8)", "edge(1,12)", "edge(1,11)", "edge(1,10)", "edge(1,9)", "edge(8,7)", "edge(7,6)", "edge(6,5)", "edge(5,4)", "edge(4,3)", "edge(3,2)", "edge(2,1)", "edge(17,4)", "at(r1,9,0)", "at(r2,10,0)", "at(r3,11,0)", "at(r4,12,0)", "at(r5,13,0)", "at(r6,14,0)", "at(r7,15,0)", "at(r8,16,0)", "job(j1,c1,13)", "job(j2,c1,5)", "job(j3,c2,8)", "job(j4,c2,8)", "job(j5,c3,10)", "job(j6,c3,12)", "job(j7,c4,10)", "job(j8,c4,12)", "operation(j1,1,2)", "operation(j1,2,8)", "operation(j2,1,8)", "operation(j2,2,4)", "operation(j3,1,4)", "operation(j3,2,1)", "operation(j4,1,8)", "operation(j4,2,3)", "operation(j5,1,4)", "operation(j5,2,6)", "operation(j6,1,2)", "operation(j6,2,5)", "operation(j7,1,2)", "operation(j7,2,3)", "operation(j8,1,1)", "operation(j8,2,4)", "robot(r1,c1,9)", "robot(r2,c2,10)", "robot(r3,c3,11)", "robot(r4,c4,12)", "robot(r5,c1,13)", "robot(r6,c2,14)", "robot(r7,c3,15)", "robot(r8,c4,16)", "assign(r5,j2,1)", "assign(r2,j3,1)", "assign(r6,j4,1)", "assign(r7,j5,1)", "assign(r3,j6,1)", "assign(r4,j7,1)", "assign(r5,j1,2)", "assign(r4,j8,2)", "at(r5,8,1)", "at(r4,1,2)", "at(r6,8,2)", "at(r4,2,3)", "at(r2,3,3)", "at(r2,4,4)", "at(r4,3,4)", "at(r4,2,5)", "at(r5,4,5)", "at(r2,3,5)", "at(r7,6,5)", "at(r4,1,6)", "at(r6,4,6)", "at(r7,5,6)", "at(r5,2,7)", "at(r7,4,7)", "at(r2,1,7)", "at(r6,3,7)", "at(r6,4,8)", "at(r7,5,8)", "at(r3,2,9)", "at(r4,1,9)", "at(r5,4,9)", "at(r7,5,9)", "at(r4,2,10)", "at(r7,6,10)", "at(r3,4,11)", "at(r4,3,11)", "at(r4,4,12)", "at(r3,5,12)", "at(r5,8,13)", "at(r3,5,13)", "at(r4,4,13)", "at(r1,9,1)", "at(r1,9,2)", "at(r1,9,3)", "at(r1,9,4)", "at(r1,9,5)", "at(r1,9,6)", "at(r1,9,7)", "at(r1,9,8)", "at(r1,9,9)", "at(r1,9,10)", "at(r1,9,11)", "at(r1,9,12)", "at(r1,9,13)", "at(r2,1,1)", "at(r2,2,2)", "at(r2,2,6)", "at(r2,10,8)", "at(r2,10,9)", "at(r2,10,10)", "at(r2,10,11)", "at(r2,10,12)", "at(r2,10,13)", "at(r3,11,1)", "at(r3,11,2)", "at(r3,11,3)", "at(r3,11,4)", "at(r3,11,5)", "at(r3,11,6)", "at(r3,11,7)", "at(r3,1,8)", "at(r3,3,10)", "at(r4,12,1)", "at(r4,12,7)", "at(r4,12,8)", "at(r5,7,2)", "at(r5,6,3)", "at(r5,5,4)", "at(r5,3,6)", "at(r5,3,8)", "at(r5,5,10)", "at(r5,6,11)", "at(r5,7,12)", "at(r6,14,1)", "at(r6,7,3)", "at(r6,6,4)", "at(r6,5,5)", "at(r6,17,9)", "at(r6,17,10)", "at(r6,17,11)", "at(r6,17,12)", "at(r6,17,13)", "at(r7,15,1)", "at(r7,15,2)", "at(r7,8,3)", "at(r7,7,4)", "at(r7,7,11)", "at(r7,8,12)", "at(r7,13,13)", "at(r8,16,1)", "at(r8,16,2)", "at(r8,16,3)", "at(r8,16,4)", "at(r8,16,5)", "at(r8,16,6)", "at(r8,16,7)", "at(r8,16,8)", "at(r8,16,9)", "at(r8,16,10)", "at(r8,16,11)", "at(r8,16,12)", "at(r8,16,13)"
          ],
          "Costs": [
            54
          ]
        },
        {
          "Value": [
            "edge(4,17)", "edge(1,2)", "edge(2,3)", "edge(3,4)", "edge(4,5)", "edge(5,6)", "edge(6,7)", "edge(7,8)", "edge(9,1)", "edge(10,1)", "edge(11,1)", "edge(12,1)", "edge(8,13)", "edge(8,14)", "edge(8,15)", "edge(8,16)", "edge(16,8)", "edge(15,8)", "edge(14,8)", "edge(13,8)", "edge(1,12)", "edge(1,11)", "edge(1,10)", "edge(1,9)", "edge(8,7)", "edge(7,6)", "edge(6,5)", "edge(5,4)", "edge(4,3)", "edge(3,2)", "edge(2,1)", "edge(17,4)", "at(r1,9,0)", "at(r2,10,0)", "at(r3,11,0)", "at(r4,12,0)", "at(r5,13,0)", "at(r6,14,0)", "at(r7,15,0)", "at(r8,16,0)", "job(j1,c1,13)", "job(j2,c1,5)", "job(j3,c2,8)", "job(j4,c2,8)", "job(j5,c3,10)", "job(j6,c3,12)", "job(j7,c4,10)", "job(j8,c4,12)", "operation(j1,1,2)", "operation(j1,2,8)", "operation(j2,1,8)", "operation(j2,2,4)", "operation(j3,1,4)", "operation(j3,2,1)", "operation(j4,1,8)", "operation(j4,2,3)", "operation(j5,1,4)", "operation(j5,2,6)", "operation(j6,1,2)", "operation(j6,2,5)", "operation(j7,1,2)", "operation(j7,2,3)", "operation(j8,1,1)", "operation(j8,2,4)", "robot(r1,c1,9)", "robot(r2,c2,10)", "robot(r3,c3,11)", "robot(r4,c4,12)", "robot(r5,c1,13)", "robot(r6,c2,14)", "robot(r7,c3,15)", "robot(r8,c4,16)", "assign(r5,j2,1)", "assign(r2,j3,1)", "assign(r6,j4,1)", "assign(r7,j5,1)", "assign(r3,j6,1)", "assign(r4,j7,1)", "assign(r5,j1,2)", "assign(r4,j8,2)", "at(r5,8,1)", "at(r4,1,2)", "at(r6,8,2)", "at(r4,2,3)", "at(r2,3,3)", "at(r2,4,4)", "at(r4,3,4)", "at(r4,2,5)", "at(r5,4,5)", "at(r2,3,5)", "at(r7,6,5)", "at(r4,1,6)", "at(r6,4,6)", "at(r7,5,6)", "at(r5,2,7)", "at(r7,4,7)", "at(r2,1,7)", "at(r6,3,7)", "at(r6,4,8)", "at(r7,5,8)", "at(r3,2,9)", "at(r4,1,9)", "at(r5,4,9)", "at(r7,6,9)", "at(r4,2,10)", "at(r3,4,11)", "at(r4,3,11)", "at(r4,4,12)", "at(r3,5,12)", "at(r5,8,13)", "at(r3,5,13)", "at(r4,4,13)", "at(r1,9,1)", "at(r1,9,2)", "at(r1,9,3)", "at(r1,9,4)", "at(r1,9,5)", "at(r1,9,6)", "at(r1,9,7)", "at(r1,9,8)", "at(r1,9,9)", "at(r1,9,10)", "at(r1,9,11)", "at(r1,9,12)", "at(r1,9,13)", "at(r2,1,1)", "at(r2,2,2)", "at(r2,2,6)", "at(r2,12,8)", "at(r2,12,9)", "at(r2,12,10)", "at(r2,12,11)", "at(r2,12,12)", "at(r2,12,13)", "at(r3,11,1)", "at(r3,11,2)", "at(r3,11,3)", "at(r3,11,4)", "at(r3,11,5)", "at(r3,11,6)", "at(r3,11,7)", "at(r3,1,8)", "at(r3,3,10)", "at(r4,12,1)", "at(r4,10,7)", "at(r4,10,8)", "at(r5,7,2)", "at(r5,6,3)", "at(r5,5,4)", "at(r5,3,6)", "at(r5,3,8)", "at(r5,5,10)", "at(r5,6,11)", "at(r5,7,12)", "at(r6,14,1)", "at(r6,7,3)", "at(r6,6,4)", "at(r6,5,5)", "at(r6,17,9)", "at(r6,17,10)", "at(r6,17,11)", "at(r6,17,12)", "at(r6,17,13)", "at(r7,15,1)", "at(r7,15,2)", "at(r7,8,3)", "at(r7,7,4)", "at(r7,7,10)", "at(r7,7,11)", "at(r7,8,12)", "at(r7,15,13)", "at(r8,16,1)", "at(r8,16,2)", "at(r8,16,3)", "at(r8,16,4)", "at(r8,16,5)", "at(r8,16,6)", "at(r8,16,7)", "at(r8,16,8)", "at(r8,16,9)", "at(r8,16,10)", "at(r8,16,11)", "at(r8,16,12)", "at(r8,16,13)"
          ],
          "Costs": [
            54
          ]
        },
        {
          "Value": [
            "edge(4,17)", "edge(1,2)", "edge(2,3)", "edge(3,4)", "edge(4,5)", "edge(5,6)", "edge(6,7)", "edge(7,8)", "edge(9,1)", "edge(10,1)", "edge(11,1)", "edge(12,1)", "edge(8,13)", "edge(8,14)", "edge(8,15)", "edge(8,16)", "edge(16,8)", "edge(15,8)", "edge(14,8)", "edge(13,8)", "edge(1,12)", "edge(1,11)", "edge(1,10)", "edge(1,9)", "edge(8,7)", "edge(7,6)", "edge(6,5)", "edge(5,4)", "edge(4,3)", "edge(3,2)", "edge(2,1)", "edge(17,4)", "at(r1,9,0)", "at(r2,10,0)", "at(r3,11,0)", "at(r4,12,0)", "at(r5,13,0)", "at(r6,14,0)", "at(r7,15,0)", "at(r8,16,0)", "job(j1,c1,13)", "job(j2,c1,5)", "job(j3,c2,8)", "job(j4,c2,8)", "job(j5,c3,10)", "job(j6,c3,12)", "job(j7,c4,10)", "job(j8,c4,12)", "operation(j1,1,2)", "operation(j1,2,8)", "operation(j2,1,8)", "operation(j2,2,4)", "operation(j3,1,4)", "operation(j3,2,1)", "operation(j4,1,8)", "operation(j4,2,3)", "operation(j5,1,4)", "operation(j5,2,6)", "operation(j6,1,2)", "operation(j6,2,5)", "operation(j7,1,2)", "operation(j7,2,3)", "operation(j8,1,1)", "operation(j8,2,4)", "robot(r1,c1,9)", "robot(r2,c2,10)", "robot(r3,c3,11)", "robot(r4,c4,12)", "robot(r5,c1,13)", "robot(r6,c2,14)", "robot(r7,c3,15)", "robot(r8,c4,16)", "assign(r5,j2,1)", "assign(r2,j3,1)", "assign(r6,j4,1)", "assign(r7,j5,1)", "assign(r3,j6,1)", "assign(r4,j7,1)", "assign(r5,j1,2)", "assign(r4,j8,2)", "at(r5,8,1)", "at(r4,1,2)", "at(r6,8,2)", "at(r4,2,3)", "at(r2,3,3)", "at(r2,4,4)", "at(r4,3,4)", "at(r4,2,5)", "at(r5,4,5)", "at(r2,3,5)", "at(r7,6,5)", "at(r4,1,6)", "at(r6,4,6)", "at(r7,5,6)", "at(r5,2,7)", "at(r7,4,7)", "at(r2,1,7)", "at(r6,3,7)", "at(r6,4,8)", "at(r7,5,8)", "at(r3,2,9)", "at(r4,1,9)", "at(r5,4,9)", "at(r7,5,9)", "at(r4,2,10)", "at(r7,6,10)", "at(r3,4,11)", "at(r4,3,11)", "at(r4,4,12)", "at(r3,5,12)", "at(r5,8,13)", "at(r3,5,13)", "at(r4,4,13)", "at(r1,9,1)", "at(r1,9,2)", "at(r1,9,3)", "at(r1,9,4)", "at(r1,9,5)", "at(r1,9,6)", "at(r1,9,7)", "at(r1,9,8)", "at(r1,9,9)", "at(r1,9,10)", "at(r1,9,11)", "at(r1,9,12)", "at(r1,9,13)", "at(r2,1,1)", "at(r2,2,2)", "at(r2,2,6)", "at(r2,12,8)", "at(r2,12,9)", "at(r2,12,10)", "at(r2,12,11)", "at(r2,12,12)", "at(r2,12,13)", "at(r3,11,1)", "at(r3,11,2)", "at(r3,11,3)", "at(r3,11,4)", "at(r3,11,5)", "at(r3,11,6)", "at(r3,11,7)", "at(r3,1,8)", "at(r3,3,10)", "at(r4,12,1)", "at(r4,10,7)", "at(r4,10,8)", "at(r5,7,2)", "at(r5,6,3)", "at(r5,5,4)", "at(r5,3,6)", "at(r5,3,8)", "at(r5,5,10)", "at(r5,6,11)", "at(r5,7,12)", "at(r6,14,1)", "at(r6,7,3)", "at(r6,6,4)", "at(r6,5,5)", "at(r6,17,9)", "at(r6,17,10)", "at(r6,17,11)", "at(r6,17,12)", "at(r6,17,13)", "at(r7,15,1)", "at(r7,15,2)", "at(r7,8,3)", "at(r7,7,4)", "at(r7,7,11)", "at(r7,8,12)", "at(r7,13,13)", "at(r8,16,1)", "at(r8,16,2)", "at(r8,16,3)", "at(r8,16,4)", "at(r8,16,5)", "at(r8,16,6)", "at(r8,16,7)", "at(r8,16,8)", "at(r8,16,9)", "at(r8,16,10)", "at(r8,16,11)", "at(r8,16,12)", "at(r8,16,13)"
          ],
          "Costs": [
            54
          ]
        },
        {
          "Value": [
            "edge(4,17)", "edge(1,2)", "edge(2,3)", "edge(3,4)", "edge(4,5)", "edge(5,6)", "edge(6,7)", "edge(7,8)", "edge(9,1)", "edge(10,1)", "edge(11,1)", "edge(12,1)", "edge(8,13)", "edge(8,14)", "edge(8,15)", "edge(8,16)", "edge(16,8)", "edge(15,8)", "edge(14,8)", "edge(13,8)", "edge(1,12)", "edge(1,11)", "edge(1,10)", "edge(1,9)", "edge(8,7)", "edge(7,6)", "edge(6,5)", "edge(5,4)", "edge(4,3)", "edge(3,2)", "edge(2,1)", "edge(17,4)", "at(r1,9,0)", "at(r2,10,0)", "at(r3,11,0)", "at(r4,12,0)", "at(r5,13,0)", "at(r6,14,0)", "at(r7,15,0)", "at(r8,16,0)", "job(j1,c1,13)", "job(j2,c1,5)", "job(j3,c2,8)", "job(j4,c2,8)", "job(j5,c3,10)", "job(j6,c3,12)", "job(j7,c4,10)", "job(j8,c4,12)", "operation(j1,1,2)", "operation(j1,2,8)", "operation(j2,1,8)", "operation(j2,2,4)", "operation(j3,1,4)", "operation(j3,2,1)", "operation(j4,1,8)", "operation(j4,2,3)", "operation(j5,1,4)", "operation(j5,2,6)", "operation(j6,1,2)", "operation(j6,2,5)", "operation(j7,1,2)", "operation(j7,2,3)", "operation(j8,1,1)", "operation(j8,2,4)", "robot(r1,c1,9)", "robot(r2,c2,10)", "robot(r3,c3,11)", "robot(r4,c4,12)", "robot(r5,c1,13)", "robot(r6,c2,14)", "robot(r7,c3,15)", "robot(r8,c4,16)", "assign(r5,j2,1)", "assign(r2,j3,1)", "assign(r6,j4,1)", "assign(r7,j5,1)", "assign(r3,j6,1)", "assign(r4,j7,1)", "assign(r5,j1,2)", "assign(r4,j8,2)", "at(r5,8,1)", "at(r4,1,2)", "at(r6,8,2)", "at(r4,2,3)", "at(r2,3,3)", "at(r2,4,4)", "at(r4,3,4)", "at(r4,2,5)", "at(r5,4,5)", "at(r2,3,5)", "at(r7,6,5)", "at(r4,1,6)", "at(r6,4,6)", "at(r7,5,6)", "at(r5,2,7)", "at(r7,4,7)", "at(r2,1,7)", "at(r6,3,7)", "at(r6,4,8)", "at(r7,5,8)", "at(r3,2,9)", "at(r4,1,9)", "at(r5,4,9)", "at(r7,5,9)", "at(r4,2,10)", "at(r7,6,10)", "at(r3,4,11)", "at(r4,3,11)", "at(r4,4,12)", "at(r3,5,12)", "at(r5,8,13)", "at(r3,5,13)", "at(r4,4,13)", "at(r1,9,1)", "at(r1,9,2)", "at(r1,9,3)", "at(r1,9,4)", "at(r1,9,5)", "at(r1,9,6)", "at(r1,9,7)", "at(r1,9,8)", "at(r1,9,9)", "at(r1,9,10)", "at(r1,9,11)", "at(r1,9,12)", "at(r1,9,13)", "at(r2,1,1)", "at(r2,2,2)", "at(r2,2,6)", "at(r2,10,8)", "at(r2,10,9)", "at(r2,10,10)", "at(r2,10,11)", "at(r2,10,12)", "at(r2,10,13)", "at(r3,11,1)", "at(r3,11,2)", "at(r3,11,3)", "at(r3,11,4)", "at(r3,11,5)", "at(r3,11,6)", "at(r3,11,7)", "at(r3,1,8)", "at(r3,3,10)", "at(r4,12,1)", "at(r4,12,7)", "at(r4,12,8)", "at(r5,7,2)", "at(r5,6,3)", "at(r5,5,4)", "at(r5,3,6)", "at(r5,3,8)", "at(r5,5,10)", "at(r5,6,11)", "at(r5,7,12)", "at(r6,14,1)", "at(r6,7,3)", "at(r6,6,4)", "at(r6,5,5)", "at(r6,17,9)", "at(r6,17,10)", "at(r6,17,11)", "at(r6,17,12)", "at(r6,17,13)", "at(r7,15,1)", "at(r7,15,2)", "at(r7,8,3)", "at(r7,7,4)", "at(r7,7,11)", "at(r7,8,12)", "at(r7,15,13)", "at(r8,16,1)", "at(r8,16,2)", "at(r8,16,3)", "at(r8,16,4)", "at(r8,16,5)", "at(r8,16,6)", "at(r8,16,7)", "at(r8,16,8)", "at(r8,16,9)", "at(r8,16,10)", "at(r8,16,11)", "at(r8,16,12)", "at(r8,16,13)"
          ],
          "Costs": [
            54
          ]
        },
        {
          "Value": [
            "edge(4,17)", "edge(1,2)", "edge(2,3)", "edge(3,4)", "edge(4,5)", "edge(5,6)", "edge(6,7)", "edge(7,8)", "edge(9,1)", "edge(10,1)", "edge(11,1)", "edge(12,1)", "edge(8,13)", "edge(8,14)", "edge(8,15)", "edge(8,16)", "edge(16,8)", "edge(15,8)", "edge(14,8)", "edge(13,8)", "edge(1,12)", "edge(1,11)", "edge(1,10)", "edge(1,9)", "edge(8,7)", "edge(7,6)", "edge(6,5)", "edge(5,4)", "edge(4,3)", "edge(3,2)", "edge(2,1)", "edge(17,4)", "at(r1,9,0)", "at(r2,10,0)", "at(r3,11,0)", "at(r4,12,0)", "at(r5,13,0)", "at(r6,14,0)", "at(r7,15,0)", "at(r8,16,0)", "job(j1,c1,13)", "job(j2,c1,5)", "job(j3,c2,8)", "job(j4,c2,8)", "job(j5,c3,10)", "job(j6,c3,12)", "job(j7,c4,10)", "job(j8,c4,12)", "operation(j1,1,2)", "operation(j1,2,8)", "operation(j2,1,8)", "operation(j2,2,4)", "operation(j3,1,4)", "operation(j3,2,1)", "operation(j4,1,8)", "operation(j4,2,3)", "operation(j5,1,4)", "operation(j5,2,6)", "operation(j6,1,2)", "operation(j6,2,5)", "operation(j7,1,2)", "operation(j7,2,3)", "operation(j8,1,1)", "operation(j8,2,4)", "robot(r1,c1,9)", "robot(r2,c2,10)", "robot(r3,c3,11)", "robot(r4,c4,12)", "robot(r5,c1,13)", "robot(r6,c2,14)", "robot(r7,c3,15)", "robot(r8,c4,16)", "assign(r5,j2,1)", "assign(r2,j3,1)", "assign(r6,j4,1)", "assign(r7,j5,1)", "assign(r3,j6,1)", "assign(r4,j7,1)", "assign(r5,j1,2)", "assign(r4,j8,2)", "at(r5,8,1)", "at(r4,1,2)", "at(r6,8,2)", "at(r4,2,3)", "at(r2,3,3)", "at(r2,4,4)", "at(r4,3,4)", "at(r4,2,5)", "at(r5,4,5)", "at(r2,3,5)", "at(r7,6,5)", "at(r4,1,6)", "at(r6,4,6)", "at(r7,5,6)", "at(r5,2,7)", "at(r7,4,7)", "at(r2,1,7)", "at(r6,3,7)", "at(r6,4,8)", "at(r7,5,8)", "at(r3,2,9)", "at(r4,1,9)", "at(r5,4,9)", "at(r7,6,9)", "at(r4,2,10)", "at(r3,4,11)", "at(r4,3,11)", "at(r4,4,12)", "at(r3,5,12)", "at(r5,8,13)", "at(r3,5,13)", "at(r4,4,13)", "at(r1,9,1)", "at(r1,9,2)", "at(r1,9,3)", "at(r1,9,4)", "at(r1,9,5)", "at(r1,9,6)", "at(r1,9,7)", "at(r1,9,8)", "at(r1,9,9)", "at(r1,9,10)", "at(r1,9,11)", "at(r1,9,12)", "at(r1,9,13)", "at(r2,1,1)", "at(r2,2,2)", "at(r2,2,6)", "at(r2,10,8)", "at(r2,10,9)", "at(r2,10,10)", "at(r2,10,11)", "at(r2,10,12)", "at(r2,10,13)", "at(r3,11,1)", "at(r3,11,2)", "at(r3,11,3)", "at(r3,11,4)", "at(r3,11,5)", "at(r3,11,6)", "at(r3,11,7)", "at(r3,1,8)", "at(r3,3,10)", "at(r4,12,1)", "at(r4,12,7)", "at(r4,12,8)", "at(r5,7,2)", "at(r5,6,3)", "at(r5,5,4)", "at(r5,3,6)", "at(r5,3,8)", "at(r5,5,10)", "at(r5,6,11)", "at(r5,7,12)", "at(r6,14,1)", "at(r6,7,3)", "at(r6,6,4)", "at(r6,5,5)", "at(r6,17,9)", "at(r6,17,10)", "at(r6,17,11)", "at(r6,17,12)", "at(r6,17,13)", "at(r7,15,1)", "at(r7,15,2)", "at(r7,8,3)", "at(r7,7,4)", "at(r7,7,10)", "at(r7,7,11)", "at(r7,8,12)", "at(r7,15,13)", "at(r8,16,1)", "at(r8,16,2)", "at(r8,16,3)", "at(r8,16,4)", "at(r8,16,5)", "at(r8,16,6)", "at(r8,16,7)", "at(r8,16,8)", "at(r8,16,9)", "at(r8,16,10)", "at(r8,16,11)", "at(r8,16,12)", "at(r8,16,13)"
          ],
          "Costs": [
            54
          ]
        },
        {
          "Value": [
            "edge(4,17)", "edge(1,2)", "edge(2,3)", "edge(3,4)", "edge(4,5)", "edge(5,6)", "edge(6,7)", "edge(7,8)", "edge(9,1)", "edge(10,1)", "edge(11,1)", "edge(12,1)", "edge(8,13)", "edge(8,14)", "edge(8,15)", "edge(8,16)", "edge(16,8)", "edge(15,8)", "edge(14,8)", "edge(13,8)", "edge(1,12)", "edge(1,11)", "edge(1,10)", "edge(1,9)", "edge(8,7)", "edge(7,6)", "edge(6,5)", "edge(5,4)", "edge(4,3)", "edge(3,2)", "edge(2,1)", "edge(17,4)", "at(r1,9,0)", "at(r2,10,0)", "at(r3,11,0)", "at(r4,12,0)", "at(r5,13,0)", "at(r6,14,0)", "at(r7,15,0)", "at(r8,16,0)", "job(j1,c1,13)", "job(j2,c1,5)", "job(j3,c2,8)", "job(j4,c2,8)", "job(j5,c3,10)", "job(j6,c3,12)", "job(j7,c4,10)", "job(j8,c4,12)", "operation(j1,1,2)", "operation(j1,2,8)", "operation(j2,1,8)", "operation(j2,2,4)", "operation(j3,1,4)", "operation(j3,2,1)", "operation(j4,1,8)", "operation(j4,2,3)", "operation(j5,1,4)", "operation(j5,2,6)", "operation(j6,1,2)", "operation(j6,2,5)", "operation(j7,1,2)", "operation(j7,2,3)", "operation(j8,1,1)", "operation(j8,2,4)", "robot(r1,c1,9)", "robot(r2,c2,10)", "robot(r3,c3,11)", "robot(r4,c4,12)", "robot(r5,c1,13)", "robot(r6,c2,14)", "robot(r7,c3,15)", "robot(r8,c4,16)", "assign(r5,j2,1)", "assign(r2,j3,1)", "assign(r6,j4,1)", "assign(r7,j5,1)", "assign(r3,j6,1)", "assign(r4,j7,1)", "assign(r5,j1,2)", "assign(r4,j8,2)", "at(r5,8,1)", "at(r4,1,2)", "at(r6,8,2)", "at(r4,2,3)", "at(r2,3,3)", "at(r2,4,4)", "at(r4,3,4)", "at(r4,2,5)", "at(r5,4,5)", "at(r2,3,5)", "at(r7,6,5)", "at(r4,1,6)", "at(r6,4,6)", "at(r7,5,6)", "at(r5,2,7)", "at(r7,4,7)", "at(r2,1,7)", "at(r6,3,7)", "at(r6,4,8)", "at(r7,5,8)", "at(r3,2,9)", "at(r4,1,9)", "at(r5,4,9)", "at(r7,5,9)", "at(r4,2,10)", "at(r7,6,10)", "at(r3,4,11)", "at(r4,3,11)", "at(r4,4,12)", "at(r3,5,12)", "at(r5,8,13)", "at(r3,5,13)", "at(r4,4,13)", "at(r1,9,1)", "at(r1,9,2)", "at(r1,9,3)", "at(r1,9,4)", "at(r1,9,5)", "at(r1,9,6)", "at(r1,9,7)", "at(r1,9,8)", "at(r1,9,9)", "at(r1,9,10)", "at(r1,9,11)", "at(r1,9,12)", "at(r1,9,13)", "at(r2,1,1)", "at(r2,2,2)", "at(r2,2,6)", "at(r2,12,8)", "at(r2,12,9)", "at(r2,12,10)", "at(r2,12,11)", "at(r2,12,12)", "at(r2,12,13)", "at(r3,11,1)", "at(r3,11,2)", "at(r3,11,3)", "at(r3,11,4)", "at(r3,11,5)", "at(r3,11,6)", "at(r3,11,7)", "at(r3,1,8)", "at(r3,3,10)", "at(r4,12,1)", "at(r4,10,7)", "at(r4,10,8)", "at(r5,7,2)", "at(r5,6,3)", "at(r5,5,4)", "at(r5,3,6)", "at(r5,3,8)", "at(r5,5,10)", "at(r5,6,11)", "at(r5,7,12)", "at(r6,14,1)", "at(r6,7,3)", "at(r6,6,4)", "at(r6,5,5)", "at(r6,17,9)", "at(r6,17,10)", "at(r6,17,11)", "at(r6,17,12)", "at(r6,17,13)", "at(r7,15,1)", "at(r7,15,2)", "at(r7,8,3)", "at(r7,7,4)", "at(r7,7,11)", "at(r7,8,12)", "at(r7,15,13)", "at(r8,16,1)", "at(r8,16,2)", "at(r8,16,3)", "at(r8,16,4)", "at(r8,16,5)", "at(r8,16,6)", "at(r8,16,7)", "at(r8,16,8)", "at(r8,16,9)", "at(r8,16,10)", "at(r8,16,11)", "at(r8,16,12)", "at(r8,16,13)"
          ],
          "Costs": [
            54
          ]
        },
        {
          "Value": [
            "edge(4,17)", "edge(1,2)", "edge(2,3)", "edge(3,4)", "edge(4,5)", "edge(5,6)", "edge(6,7)", "edge(7,8)", "edge(9,1)", "edge(10,1)", "edge(11,1)", "edge(12,1)", "edge(8,13)", "edge(8,14)", "edge(8,15)", "edge(8,16)", "edge(16,8)", "edge(15,8)", "edge(14,8)", "edge(13,8)", "edge(1,12)", "edge(1,11)", "edge(1,10)", "edge(1,9)", "edge(8,7)", "edge(7,6)", "edge(6,5)", "edge(5,4)", "edge(4,3)", "edge(3,2)", "edge(2,1)", "edge(17,4)", "at(r1,9,0)", "at(r2,10,0)", "at(r3,11,0)", "at(r4,12,0)", "at(r5,13,0)", "at(r6,14,0)", "at(r7,15,0)", "at(r8,16,0)", "job(j1,c1,13)", "job(j2,c1,5)", "job(j3,c2,8)", "job(j4,c2,8)", "job(j5,c3,10)", "job(j6,c3,12)", "job(j7,c4,10)", "job(j8,c4,12)", "operation(j1,1,2)", "operation(j1,2,8)", "operation(j2,1,8)", "operation(j2,2,4)", "operation(j3,1,4)", "operation(j3,2,1)", "operation(j4,1,8)", "operation(j4,2,3)", "operation(j5,1,4)", "operation(j5,2,6)", "operation(j6,1,2)", "operation(j6,2,5)", "operation(j7,1,2)", "operation(j7,2,3)", "operation(j8,1,1)", "operation(j8,2,4)", "robot(r1,c1,9)", "robot(r2,c2,10)", "robot(r3,c3,11)", "robot(r4,c4,12)", "robot(r5,c1,13)", "robot(r6,c2,14)", "robot(r7,c3,15)", "robot(r8,c4,16)", "assign(r5,j2,1)", "assign(r2,j3,1)", "assign(r6,j4,1)", "assign(r7,j5,1)", "assign(r3,j6,1)", "assign(r4,j7,1)", "assign(r5,j1,2)", "assign(r4,j8,2)", "at(r5,8,1)", "at(r4,1,2)", "at(r6,8,2)", "at(r4,2,3)", "at(r2,3,3)", "at(r2,4,4)", "at(r4,3,4)", "at(r4,2,5)", "at(r5,4,5)", "at(r2,3,5)", "at(r7,6,5)", "at(r4,1,6)", "at(r6,4,6)", "at(r7,5,6)", "at(r5,2,7)", "at(r7,4,7)", "at(r2,1,7)", "at(r6,3,7)", "at(r6,4,8)", "at(r7,5,8)", "at(r3,2,9)", "at(r4,1,9)", "at(r5,4,9)", "at(r7,6,9)", "at(r4,2,10)", "at(r3,4,11)", "at(r4,3,11)", "at(r4,4,12)", "at(r3,5,12)", "at(r5,8,13)", "at(r3,5,13)", "at(r4,4,13)", "at(r1,9,1)", "at(r1,9,2)", "at(r1,9,3)", "at(r1,9,4)", "at(r1,9,5)", "at(r1,9,6)", "at(r1,9,7)", "at(r1,9,8)", "at(r1,9,9)", "at(r1,9,10)", "at(r1,9,11)", "at(r1,9,12)", "at(r1,9,13)", "at(r2,1,1)", "at(r2,2,2)", "at(r2,2,6)", "at(r2,10,8)", "at(r2,10,9)", "at(r2,10,10)", "at(r2,10,11)", "at(r2,10,12)", "at(r2,10,13)", "at(r3,11,1)", "at(r3,11,2)", "at(r3,11,3)", "at(r3,11,4)", "at(r3,11,5)", "at(r3,11,6)", "at(r3,11,7)", "at(r3,1,8)", "at(r3,3,10)", "at(r4,12,1)", "at(r4,12,7)", "at(r4,12,8)", "at(r5,7,2)", "at(r5,6,3)", "at(r5,5,4)", "at(r5,3,6)", "at(r5,3,8)", "at(r5,5,10)", "at(r5,6,11)", "at(r5,7,12)", "at(r6,14,1)", "at(r6,7,3)", "at(r6,6,4)", "at(r6,5,5)", "at(r6,17,9)", "at(r6,17,10)", "at(r6,17,11)", "at(r6,17,12)", "at(r6,17,13)", "at(r7,15,1)", "at(r7,15,2)", "at(r7,8,3)", "at(r7,7,4)", "at(r7,7,10)", "at(r7,7,11)", "at(r7,8,12)", "at(r7,13,13)", "at(r8,16,1)", "at(r8,16,2)", "at(r8,16,3)", "at(r8,16,4)", "at(r8,16,5)", "at(r8,16,6)", "at(r8,16,7)", "at(r8,16,8)", "at(r8,16,9)", "at(r8,16,10)", "at(r8,16,11)", "at(r8,16,12)", "at(r8,16,13)"
          ],
          "Costs": [
            54
          ]
        },
        {
          "Value": [
            "edge(4,17)", "edge(1,2)", "edge(2,3)", "edge(3,4)", "edge(4,5)", "edge(5,6)", "edge(6,7)", "edge(7,8)", "edge(9,1)", "edge(10,1)", "edge(11,1)", "edge(12,1)", "edge(8,13)", "edge(8,14)", "edge(8,15)", "edge(8,16)", "edge(16,8)", "edge(15,8)", "edge(14,8)", "edge(13,8)", "edge(1,12)", "edge(1,11)", "edge(1,10)", "edge(1,9)", "edge(8,7)", "edge(7,6)", "edge(6,5)", "edge(5,4)", "edge(4,3)", "edge(3,2)", "edge(2,1)", "edge(17,4)", "at(r1,9,0)", "at(r2,10,0)", "at(r3,11,0)", "at(r4,12,0)", "at(r5,13,0)", "at(r6,14,0)", "at(r7,15,0)", "at(r8,16,0)", "job(j1,c1,13)", "job(j2,c1,5)", "job(j3,c2,8)", "job(j4,c2,8)", "job(j5,c3,10)", "job(j6,c3,12)", "job(j7,c4,10)", "job(j8,c4,12)", "operation(j1,1,2)", "operation(j1,2,8)", "operation(j2,1,8)", "operation(j2,2,4)", "operation(j3,1,4)", "operation(j3,2,1)", "operation(j4,1,8)", "operation(j4,2,3)", "operation(j5,1,4)", "operation(j5,2,6)", "operation(j6,1,2)", "operation(j6,2,5)", "operation(j7,1,2)", "operation(j7,2,3)", "operation(j8,1,1)", "operation(j8,2,4)", "robot(r1,c1,9)", "robot(r2,c2,10)", "robot(r3,c3,11)", "robot(r4,c4,12)", "robot(r5,c1,13)", "robot(r6,c2,14)", "robot(r7,c3,15)", "robot(r8,c4,16)", "assign(r5,j2,1)", "assign(r2,j3,1)", "assign(r6,j4,1)", "assign(r7,j5,1)", "assign(r3,j6,1)", "assign(r4,j7,1)", "assign(r5,j1,2)", "assign(r4,j8,2)", "at(r5,8,1)", "at(r4,1,2)", "at(r6,8,2)", "at(r4,2,3)", "at(r2,3,3)", "at(r2,4,4)", "at(r4,3,4)", "at(r4,2,5)", "at(r5,4,5)", "at(r2,3,5)", "at(r7,6,5)", "at(r4,1,6)", "at(r6,4,6)", "at(r7,5,6)", "at(r5,2,7)", "at(r7,4,7)", "at(r2,1,7)", "at(r6,3,7)", "at(r6,4,8)", "at(r7,5,8)", "at(r3,2,9)", "at(r4,1,9)", "at(r5,4,9)", "at(r7,5,9)", "at(r4,2,10)", "at(r7,6,10)", "at(r3,4,11)", "at(r4,3,11)", "at(r4,4,12)", "at(r3,5,12)", "at(r5,8,13)", "at(r3,5,13)", "at(r4,4,13)", "at(r1,9,1)", "at(r1,9,2)", "at(r1,9,3)", "at(r1,9,4)", "at(r1,9,5)", "at(r1,9,6)", "at(r1,9,7)", "at(r1,9,8)", "at(r1,9,9)", "at(r1,9,10)", "at(r1,9,11)", "at(r1,9,12)", "at(r1,9,13)", "at(r2,1,1)", "at(r2,2,2)", "at(r2,2,6)", "at(r2,10,8)", "at(r2,10,9)", "at(r2,10,10)", "at(r2,10,11)", "at(r2,10,12)", "at(r2,10,13)", "at(r3,11,1)", "at(r3,11,2)", "at(r3,11,3)", "at(r3,11,4)", "at(r3,11,5)", "at(r3,11,6)", "at(r3,11,7)", "at(r3,1,8)", "at(r3,3,10)", "at(r4,12,1)", "at(r4,12,7)", "at(r4,12,8)", "at(r5,7,2)", "at(r5,6,3)", "at(r5,5,4)", "at(r5,3,6)", "at(r5,3,8)", "at(r5,5,10)", "at(r5,6,11)", "at(r5,7,12)", "at(r6,14,1)", "at(r6,7,3)", "at(r6,6,4)", "at(r6,5,5)", "at(r6,17,9)", "at(r6,17,10)", "at(r6,17,11)", "at(r6,17,12)", "at(r6,17,13)", "at(r7,15,1)", "at(r7,15,2)", "at(r7,8,3)", "at(r7,7,4)", "at(r7,7,11)", "at(r7,8,12)", "at(r7,14,13)", "at(r8,16,1)", "at(r8,16,2)", "at(r8,16,3)", "at(r8,16,4)", "at(r8,16,5)", "at(r8,16,6)", "at(r8,16,7)", "at(r8,16,8)", "at(r8,16,9)", "at(r8,16,10)", "at(r8,16,11)", "at(r8,16,12)", "at(r8,16,13)"
          ],
          "Costs": [
            54
          ]
        },
        {
          "Value": [
            "edge(4,17)", "edge(1,2)", "edge(2,3)", "edge(3,4)", "edge(4,5)", "edge(5,6)", "edge(6,7)", "edge(7,8)", "edge(9,1)", "edge(10,1)", "edge(11,1)", "edge(12,1)", "edge(8,13)", "edge(8,14)", "edge(8,15)", "edge(8,16)", "edge(16,8)", "edge(15,8)", "edge(14,8)", "edge(13,8)", "edge(1,12)", "edge(1,11)", "edge(1,10)", "edge(1,9)", "edge(8,7)", "edge(7,6)", "edge(6,5)", "edge(5,4)", "edge(4,3)", "edge(3,2)", "edge(2,1)", "edge(17,4)", "at(r1,9,0)", "at(r2,10,0)", "at(r3,11,0)", "at(r4,12,0)", "at(r5,13,0)", "at(r6,14,0)", "at(r7,15,0)", "at(r8,16,0)", "job(j1,c1,13)", "job(j2,c1,5)", "job(j3,c2,8)", "job(j4,c2,8)", "job(j5,c3,10)", "job(j6,c3,12)", "job(j7,c4,10)", "job(j8,c4,12)", "operation(j1,1,2)", "operation(j1,2,8)", "operation(j2,1,8)", "operation(j2,2,4)", "operation(j3,1,4)", "operation(j3,2,1)", "operation(j4,1,8)", "operation(j4,2,3)", "operation(j5,1,4)", "operation(j5,2,6)", "operation(j6,1,2)", "operation(j6,2,5)", "operation(j7,1,2)", "operation(j7,2,3)", "operation(j8,1,1)", "operation(j8,2,4)", "robot(r1,c1,9)", "robot(r2,c2,10)", "robot(r3,c3,11)", "robot(r4,c4,12)", "robot(r5,c1,13)", "robot(r6,c2,14)", "robot(r7,c3,15)", "robot(r8,c4,16)", "assign(r5,j2,1)", "assign(r2,j3,1)", "assign(r6,j4,1)", "assign(r7,j5,1)", "assign(r3,j6,1)", "assign(r4,j7,1)", "assign(r5,j1,2)", "assign(r4,j8,2)", "at(r5,8,1)", "at(r4,1,2)", "at(r6,8,2)", "at(r4,2,3)", "at(r2,3,3)", "at(r2,4,4)", "at(r4,3,4)", "at(r4,2,5)", "at(r5,4,5)", "at(r2,3,5)", "at(r7,6,5)", "at(r4,1,6)", "at(r6,4,6)", "at(r7,5,6)", "at(r5,2,7)", "at(r7,4,7)", "at(r2,1,7)", "at(r6,3,7)", "at(r6,4,8)", "at(r7,5,8)", "at(r3,2,9)", "at(r4,1,9)", "at(r5,4,9)", "at(r7,5,9)", "at(r4,2,10)", "at(r7,6,10)", "at(r3,4,11)", "at(r4,3,11)", "at(r4,4,12)", "at(r3,5,12)", "at(r5,8,13)", "at(r3,5,13)", "at(r4,4,13)", "at(r1,9,1)", "at(r1,9,2)", "at(r1,9,3)", "at(r1,9,4)", "at(r1,9,5)", "at(r1,9,6)", "at(r1,9,7)", "at(r1,9,8)", "at(r1,9,9)", "at(r1,9,10)", "at(r1,9,11)", "at(r1,9,12)", "at(r1,9,13)", "at(r2,1,1)", "at(r2,2,2)", "at(r2,2,6)", "at(r2,12,8)", "at(r2,12,9)", "at(r2,12,10)", "at(r2,12,11)", "at(r2,12,12)", "at(r2,12,13)", "at(r3,11,1)", "at(r3,11,2)", "at(r3,11,3)", "at(r3,11,4)", "at(r3,11,5)", "at(r3,11,6)", "at(r3,11,7)", "at(r3,1,8)", "at(r3,3,10)", "at(r4,12,1)", "at(r4,10,7)", "at(r4,10,8)", "at(r5,7,2)", "at(r5,6,3)", "at(r5,5,4)", "at(r5,3,6)", "at(r5,3,8)", "at(r5,5,10)", "at(r5,6,11)", "at(r5,7,12)", "at(r6,14,1)", "at(r6,7,3)", "at(r6,6,4)", "at(r6,5,5)", "at(r6,17,9)", "at(r6,17,10)", "at(r6,17,11)", "at(r6,17,12)", "at(r6,17,13)", "at(r7,15,1)", "at(r7,15,2)", "at(r7,8,3)", "at(r7,7,4)", "at(r7,7,11)", "at(r7,8,12)", "at(r7,14,13)", "at(r8,16,1)", "at(r8,16,2)", "at(r8,16,3)", "at(r8,16,4)", "at(r8,16,5)", "at(r8,16,6)", "at(r8,16,7)", "at(r8,16,8)", "at(r8,16,9)", "at(r8,16,10)", "at(r8,16,11)", "at(r8,16,12)", "at(r8,16,13)"
          ],
          "Costs": [
            54
          ]
        },
        {
          "Value": [
            "edge(4,17)", "edge(1,2)", "edge(2,3)", "edge(3,4)", "edge(4,5)", "edge(5,6)", "edge(6,7)", "edge(7,8)", "edge(9,1)", "edge(10,1)", "edge(11,1)", "edge(12,1)", "edge(8,13)", "edge(8,14)", "edge(8,15)", "edge(8,16)", "edge(16,8)", "edge(15,8)", "edge(14,8)", "edge(13,8)", "edge(1,12)", "edge(1,11)", "edge(1,10)", "edge(1,9)", "edge(8,7)", "edge(7,6)", "edge(6,5)", "edge(5,4)", "edge(4,3)", "edge(3,2)", "edge(2,1)", "edge(17,4)", "at(r1,9,0)", "at(r2,10,0)", "at(r3,11,0)", "at(r4,12,0)", "at(r5,13,0)", "at(r6,14,0)", "at(r7,15,0)", "at(r8,16,0)", "job(j1,c1,13)", "job(j2,c1,5)", "job(j3,c2,8)", "job(j4,c2,8)", "job(j5,c3,10)", "job(j6,c3,12)", "job(j7,c4,10)", "job(j8,c4,12)", "operation(j1,1,2)", "operation(j1,2,8)", "operation(j2,1,8)", "operation(j2,2,4)", "operation(j3,1,4)", "operation(j3,2,1)", "operation(j4,1,8)", "operation(j4,2,3)", "operation(j5,1,4)", "operation(j5,2,6)", "operation(j6,1,2)", "operation(j6,2,5)", "operation(j7,1,2)", "operation(j7,2,3)", "operation(j8,1,1)", "operation(j8,2,4)", "robot(r1,c1,9)", "robot(r2,c2,10)", "robot(r3,c3,11)", "robot(r4,c4,12)", "robot(r5,c1,13)", "robot(r6,c2,14)", "robot(r7,c3,15)", "robot(r8,c4,16)", "assign(r5,j2,1)", "assign(r2,j3,1)", "assign(r6,j4,1)", "assign(r7,j5,1)", "assign(r3,j6,1)", "assign(r4,j7,1)", "assign(r5,j1,2)", "assign(r4,j8,2)", "at(r5,8,1)", "at(r4,1,2)", "at(r6,8,2)", "at(r4,2,3)", "at(r2,3,3)", "at(r2,4,4)", "at(r4,3,4)", "at(r4,2,5)", "at(r5,4,5)", "at(r2,3,5)", "at(r7,6,5)", "at(r4,1,6)", "at(r6,4,6)", "at(r7,5,6)", "at(r5,2,7)", "at(r7,4,7)", "at(r2,1,7)", "at(r6,3,7)", "at(r6,4,8)", "at(r7,5,8)", "at(r3,2,9)", "at(r4,1,9)", "at(r5,4,9)", "at(r7,6,9)", "at(r4,2,10)", "at(r3,4,11)", "at(r4,3,11)", "at(r4,4,12)", "at(r3,5,12)", "at(r5,8,13)", "at(r3,5,13)", "at(r4,4,13)", "at(r1,9,1)", "at(r1,9,2)", "at(r1,9,3)", "at(r1,9,4)", "at(r1,9,5)", "at(r1,9,6)", "at(r1,9,7)", "at(r1,9,8)", "at(r1,9,9)", "at(r1,9,10)", "at(r1,9,11)", "at(r1,9,12)", "at(r1,9,13)", "at(r2,1,1)", "at(r2,2,2)", "at(r2,2,6)", "at(r2,12,8)", "at(r2,12,9)", "at(r2,12,10)", "at(r2,12,11)", "at(r2,12,12)", "at(r2,12,13)", "at(r3,11,1)", "at(r3,11,2)", "at(r3,11,3)", "at(r3,11,4)", "at(r3,11,5)", "at(r3,11,6)", "at(r3,11,7)", "at(r3,1,8)", "at(r3,3,10)", "at(r4,12,1)", "at(r4,10,7)", "at(r4,10,8)", "at(r5,7,2)", "at(r5,6,3)", "at(r5,5,4)", "at(r5,3,6)", "at(r5,3,8)", "at(r5,5,10)", "at(r5,6,11)", "at(r5,7,12)", "at(r6,14,1)", "at(r6,7,3)", "at(r6,6,4)", "at(r6,5,5)", "at(r6,17,9)", "at(r6,17,10)", "at(r6,17,11)", "at(r6,17,12)", "at(r6,17,13)", "at(r7,15,1)", "at(r7,15,2)", "at(r7,8,3)", "at(r7,7,4)", "at(r7,7,10)", "at(r7,7,11)", "at(r7,8,12)", "at(r7,13,13)", "at(r8,16,1)", "at(r8,16,2)", "at(r8,16,3)", "at(r8,16,4)", "at(r8,16,5)", "at(r8,16,6)", "at(r8,16,7)", "at(r8,16,8)", "at(r8,16,9)", "at(r8,16,10)", "at(r8,16,11)", "at(r8,16,12)", "at(r8,16,13)"
          ],
          "Costs": [
            54
          ]
        },
        {
          "Value": [
            "edge(4,17)", "edge(1,2)", "edge(2,3)", "edge(3,4)", "edge(4,5)", "edge(5,6)", "edge(6,7)", "edge(7,8)", "edge(9,1)", "edge(10,1)", "edge(11,1)", "edge(12,1)", "edge(8,13)", "edge(8,14)", "edge(8,15)", "edge(8,16)", "edge(16,8)", "edge(15,8)", "edge(14,8)", "edge(13,8)", "edge(1,12)", "edge(1,11)", "edge(1,10)", "edge(1,9)", "edge(8,7)", "edge(7,6)", "edge(6,5)", "edge(5,4)", "edge(4,3)", "edge(3,2)", "edge(2,1)", "edge(17,4)", "at(r1,9,0)", "at(r2,10,0)", "at(r3,11,0)", "at(r4,12,0)", "at(r5,13,0)", "at(r6,14,0)", "at(r7,15,0)", "at(r8,16,0)", "job(j1,c1,13)", "job(j2,c1,5)", "job(j3,c2,8)", "job(j4,c2,8)", "job(j5,c3,10)", "job(j6,c3,12)", "job(j7,c4,10)", "job(j8,c4,12)", "operation(j1,1,2)", "operation(j1,2,8)", "operation(j2,1,8)", "operation(j2,2,4)", "operation(j3,1,4)", "operation(j3,2,1)", "operation(j4,1,8)", "operation(j4,2,3)", "operation(j5,1,4)", "operation(j5,2,6)", "operation(j6,1,2)", "operation(j6,2,5)", "operation(j7,1,2)", "operation(j7,2,3)", "operation(j8,1,1)", "operation(j8,2,4)", "robot(r1,c1,9)", "robot(r2,c2,10)", "robot(r3,c3,11)", "robot(r4,c4,12)", "robot(r5,c1,13)", "robot(r6,c2,14)", "robot(r7,c3,15)", "robot(r8,c4,16)", "assign(r5,j2,1)", "assign(r2,j3,1)", "assign(r6,j4,1)", "assign(r7,j5,1)", "assign(r3,j6,1)", "assign(r4,j7,1)", "assign(r5,j1,2)", "assign(r4,j8,2)", "at(r5,8,1)", "at(r4,1,2)", "at(r6,8,2)", "at(r4,2,3)", "at(r2,3,3)", "at(r2,4,4)", "at(r4,3,4)", "at(r4,2,5)", "at(r5,4,5)", "at(r2,3,5)", "at(r7,6,5)", "at(r4,1,6)", "at(r6,4,6)", "at(r7,5,6)", "at(r5,2,7)", "at(r7,4,7)", "at(r2,1,7)", "at(r6,3,7)", "at(r6,4,8)", "at(r7,5,8)", "at(r3,2,9)", "at(r4,1,9)", "at(r5,4,9)", "at(r7,6,9)", "at(r4,2,10)", "at(r3,4,11)", "at(r4,3,11)", "at(r4,4,12)", "at(r3,5,12)", "at(r5,8,13)", "at(r3,5,13)", "at(r4,4,13)", "at(r1,9,1)", "at(r1,9,2)", "at(r1,9,3)", "at(r1,9,4)", "at(r1,9,5)", "at(r1,9,6)", "at(r1,9,7)", "at(r1,9,8)", "at(r1,9,9)", "at(r1,9,10)", "at(r1,9,11)", "at(r1,9,12)", "at(r1,9,13)", "at(r2,1,1)", "at(r2,2,2)", "at(r2,2,6)", "at(r2,10,8)", "at(r2,10,9)", "at(r2,10,10)", "at(r2,10,11)", "at(r2,10,12)", "at(r2,10,13)", "at(r3,11,1)", "at(r3,11,2)", "at(r3,11,3)", "at(r3,11,4)", "at(r3,11,5)", "at(r3,11,6)", "at(r3,11,7)", "at(r3,1,8)", "at(r3,3,10)", "at(r4,12,1)", "at(r4,12,7)", "at(r4,12,8)", "at(r5,7,2)", "at(r5,6,3)", "at(r5,5,4)", "at(r5,3,6)", "at(r5,3,8)", "at(r5,5,10)", "at(r5,6,11)", "at(r5,7,12)", "at(r6,14,1)", "at(r6,7,3)", "at(r6,6,4)", "at(r6,5,5)", "at(r6,17,9)", "at(r6,17,10)", "at(r6,17,11)", "at(r6,17,12)", "at(r6,17,13)", "at(r7,15,1)", "at(r7,15,2)", "at(r7,8,3)", "at(r7,7,4)", "at(r7,7,10)", "at(r7,7,11)", "at(r7,8,12)", "at(r7,14,13)", "at(r8,16,1)", "at(r8,16,2)", "at(r8,16,3)", "at(r8,16,4)", "at(r8,16,5)", "at(r8,16,6)", "at(r8,16,7)", "at(r8,16,8)", "at(r8,16,9)", "at(r8,16,10)", "at(r8,16,11)", "at(r8,16,12)", "at(r8,16,13)"
          ],
          "Costs": [
            54
          ]
        },
        {
          "Value": [
            "edge(4,17)", "edge(1,2)", "edge(2,3)", "edge(3,4)", "edge(4,5)", "edge(5,6)", "edge(6,7)", "edge(7,8)", "edge(9,1)", "edge(10,1)", "edge(11,1)", "edge(12,1)", "edge(8,13)", "edge(8,14)", "edge(8,15)", "edge(8,16)", "edge(16,8)", "edge(15,8)", "edge(14,8)", "edge(13,8)", "edge(1,12)", "edge(1,11)", "edge(1,10)", "edge(1,9)", "edge(8,7)", "edge(7,6)", "edge(6,5)", "edge(5,4)", "edge(4,3)", "edge(3,2)", "edge(2,1)", "edge(17,4)", "at(r1,9,0)", "at(r2,10,0)", "at(r3,11,0)", "at(r4,12,0)", "at(r5,13,0)", "at(r6,14,0)", "at(r7,15,0)", "at(r8,16,0)", "job(j1,c1,13)", "job(j2,c1,5)", "job(j3,c2,8)", "job(j4,c2,8)", "job(j5,c3,10)", "job(j6,c3,12)", "job(j7,c4,10)", "job(j8,c4,12)", "operation(j1,1,2)", "operation(j1,2,8)", "operation(j2,1,8)", "operation(j2,2,4)", "operation(j3,1,4)", "operation(j3,2,1)", "operation(j4,1,8)", "operation(j4,2,3)", "operation(j5,1,4)", "operation(j5,2,6)", "operation(j6,1,2)", "operation(j6,2,5)", "operation(j7,1,2)", "operation(j7,2,3)", "operation(j8,1,1)", "operation(j8,2,4)", "robot(r1,c1,9)", "robot(r2,c2,10)", "robot(r3,c3,11)", "robot(r4,c4,12)", "robot(r5,c1,13)", "robot(r6,c2,14)", "robot(r7,c3,15)", "robot(r8,c4,16)", "assign(r5,j2,1)", "assign(r2,j3,1)", "assign(r6,j4,1)", "assign(r7,j5,1)", "assign(r3,j6,1)", "assign(r4,j7,1)", "assign(r5,j1,2)", "assign(r4,j8,2)", "at(r5,8,1)", "at(r4,1,2)", "at(r6,8,2)", "at(r4,2,3)", "at(r2,3,3)", "at(r2,4,4)", "at(r4,3,4)", "at(r4,2,5)", "at(r5,4,5)", "at(r2,3,5)", "at(r7,6,5)", "at(r4,1,6)", "at(r6,4,6)", "at(r7,5,6)", "at(r5,2,7)", "at(r7,4,7)", "at(r2,1,7)", "at(r6,3,7)", "at(r6,4,8)", "at(r7,5,8)", "at(r3,2,9)", "at(r4,1,9)", "at(r5,4,9)", "at(r7,6,9)", "at(r4,2,10)", "at(r7,6,10)", "at(r3,4,11)", "at(r4,3,11)", "at(r4,4,12)", "at(r3,5,12)", "at(r5,8,13)", "at(r3,5,13)", "at(r4,4,13)", "at(r1,9,1)", "at(r1,9,2)", "at(r1,9,3)", "at(r1,9,4)", "at(r1,9,5)", "at(r1,9,6)", "at(r1,9,7)", "at(r1,9,8)", "at(r1,9,9)", "at(r1,9,10)", "at(r1,9,11)", "at(r1,9,12)", "at(r1,9,13)", "at(r2,1,1)", "at(r2,2,2)", "at(r2,2,6)", "at(r2,10,8)", "at(r2,10,9)", "at(r2,10,10)", "at(r2,10,11)", "at(r2,10,12)", "at(r2,10,13)", "at(r3,11,1)", "at(r3,11,2)", "at(r3,11,3)", "at(r3,11,4)", "at(r3,11,5)", "at(r3,11,6)", "at(r3,11,7)", "at(r3,1,8)", "at(r3,3,10)", "at(r4,12,1)", "at(r4,12,7)", "at(r4,12,8)", "at(r5,7,2)", "at(r5,6,3)", "at(r5,5,4)", "at(r5,3,6)", "at(r5,3,8)", "at(r5,5,10)", "at(r5,6,11)", "at(r5,7,12)", "at(r6,14,1)", "at(r6,7,3)", "at(r6,6,4)", "at(r6,5,5)", "at(r6,17,9)", "at(r6,17,10)", "at(r6,17,11)", "at(r6,17,12)", "at(r6,17,13)", "at(r7,15,1)", "at(r7,15,2)", "at(r7,8,3)", "at(r7,7,4)", "at(r7,7,11)", "at(r7,8,12)", "at(r7,13,13)", "at(r8,16,1)", "at(r8,16,2)", "at(r8,16,3)", "at(r8,16,4)", "at(r8,16,5)", "at(r8,16,6)", "at(r8,16,7)", "at(r8,16,8)", "at(r8,16,9)", "at(r8,16,10)", "at(r8,16,11)", "at(r8,16,12)", "at(r8,16,13)"
          ],
          "Costs": [
            54
          ]
        },
        {
          "Value": [
            "edge(4,17)", "edge(1,2)", "edge(2,3)", "edge(3,4)", "edge(4,5)", "edge(5,6)", "edge(6,7)", "edge(7,8)", "edge(9,1)", "edge(10,1)", "edge(11,1)", "edge(12,1)", "edge(8,13)", "edge(8,14)", "edge(8,15)", "edge(8,16)", "edge(16,8)", "edge(15,8)", "edge(14,8)", "edge(13,8)", "edge(1,12)", "edge(1,11)", "edge(1,10)", "edge(1,9)", "edge(8,7)", "edge(7,6)", "edge(6,5)", "edge(5,4)", "edge(4,3)", "edge(3,2)", "edge(2,1)", "edge(17,4)", "at(r1,9,0)", "at(r2,10,0)", "at(r3,11,0)", "at(r4,12,0)", "at(r5,13,0)", "at(r6,14,0)", "at(r7,15,0)", "at(r8,16,0)", "job(j1,c1,13)", "job(j2,c1,5)", "job(j3,c2,8)", "job(j4,c2,8)", "job(j5,c3,10)", "job(j6,c3,12)", "job(j7,c4,10)", "job(j8,c4,12)", "operation(j1,1,2)", "operation(j1,2,8)", "operation(j2,1,8)", "operation(j2,2,4)", "operation(j3,1,4)", "operation(j3,2,1)", "operation(j4,1,8)", "operation(j4,2,3)", "operation(j5,1,4)", "operation(j5,2,6)", "operation(j6,1,2)", "operation(j6,2,5)", "operation(j7,1,2)", "operation(j7,2,3)", "operation(j8,1,1)", "operation(j8,2,4)", "robot(r1,c1,9)", "robot(r2,c2,10)", "robot(r3,c3,11)", "robot(r4,c4,12)", "robot(r5,c1,13)", "robot(r6,c2,14)", "robot(r7,c3,15)", "robot(r8,c4,16)", "assign(r5,j2,1)", "assign(r2,j3,1)", "assign(r6,j4,1)", "assign(r7,j5,1)", "assign(r3,j6,1)", "assign(r4,j7,1)", "assign(r5,j1,2)", "assign(r4,j8,2)", "at(r5,8,1)", "at(r4,1,2)", "at(r6,8,2)", "at(r4,2,3)", "at(r2,3,3)", "at(r2,4,4)", "at(r4,3,4)", "at(r4,2,5)", "at(r5,4,5)", "at(r2,3,5)", "at(r7,6,5)", "at(r4,1,6)", "at(r6,4,6)", "at(r7,5,6)", "at(r5,2,7)", "at(r7,4,7)", "at(r2,1,7)", "at(r6,3,7)", "at(r6,4,8)", "at(r7,5,8)", "at(r3,2,9)", "at(r4,1,9)", "at(r5,4,9)", "at(r7,6,9)", "at(r4,2,10)", "at(r7,6,10)", "at(r3,4,11)", "at(r4,3,11)", "at(r4,4,12)", "at(r3,5,12)", "at(r5,8,13)", "at(r3,5,13)", "at(r4,4,13)", "at(r1,9,1)", "at(r1,9,2)", "at(r1,9,3)", "at(r1,9,4)", "at(r1,9,5)", "at(r1,9,6)", "at(r1,9,7)", "at(r1,9,8)", "at(r1,9,9)", "at(r1,9,10)", "at(r1,9,11)", "at(r1,9,12)", "at(r1,9,13)", "at(r2,1,1)", "at(r2,2,2)", "at(r2,2,6)", "at(r2,12,8)", "at(r2,12,9)", "at(r2,12,10)", "at(r2,12,11)", "at(r2,12,12)", "at(r2,12,13)", "at(r3,11,1)", "at(r3,11,2)", "at(r3,11,3)", "at(r3,11,4)", "at(r3,11,5)", "at(r3,11,6)", "at(r3,11,7)", "at(r3,1,8)", "at(r3,3,10)", "at(r4,12,1)", "at(r4,10,7)", "at(r4,10,8)", "at(r5,7,2)", "at(r5,6,3)", "at(r5,5,4)", "at(r5,3,6)", "at(r5,3,8)", "at(r5,5,10)", "at(r5,6,11)", "at(r5,7,12)", "at(r6,14,1)", "at(r6,7,3)", "at(r6,6,4)", "at(r6,5,5)", "at(r6,17,9)", "at(r6,17,10)", "at(r6,17,11)", "at(r6,17,12)", "at(r6,17,13)", "at(r7,15,1)", "at(r7,15,2)", "at(r7,8,3)", "at(r7,7,4)", "at(r7,7,11)", "at(r7,8,12)", "at(r7,13,13)", "at(r8,16,1)", "at(r8,16,2)", "at(r8,16,3)", "at(r8,16,4)", "at(r8,16,5)", "at(r8,16,6)", "at(r8,16,7)", "at(r8,16,8)", "at(r8,16,9)", "at(r8,16,10)", "at(r8,16,11)", "at(r8,16,12)", "at(r8,16,13)"
          ],
          "Costs": [
            54
          ]
        },
        {
          "Value": [
            "edge(4,17)", "edge(1,2)", "edge(2,3)", "edge(3,4)", "edge(4,5)", "edge(5,6)", "edge(6,7)", "edge(7,8)", "edge(9,1)", "edge(10,1)", "edge(11,1)", "edge(12,1)", "edge(8,13)", "edge(8,14)", "edge(8,15)", "edge(8,16)", "edge(16,8)", "edge(15,8)", "edge(14,8)", "edge(13,8)", "edge(1,12)", "edge(1,11)", "edge(1,10)", "edge(1,9)", "edge(8,7)", "edge(7,6)", "edge(6,5)", "edge(5,4)", "edge(4,3)", "edge(3,2)", "edge(2,1)", "edge(17,4)", "at(r1,9,0)", "at(r2,10,0)", "at(r3,11,0)", "at(r4,12,0)", "at(r5,13,0)", "at(r6,14,0)", "at(r7,15,0)", "at(r8,16,0)", "job(j1,c1,13)", "job(j2,c1,5)", "job(j3,c2,8)", "job(j4,c2,8)", "job(j5,c3,10)", "job(j6,c3,12)", "job(j7,c4,10)", "job(j8,c4,12)", "operation(j1,1,2)", "operation(j1,2,8)", "operation(j2,1,8)", "operation(j2,2,4)", "operation(j3,1,4)", "operation(j3,2,1)", "operation(j4,1,8)", "operation(j4,2,3)", "operation(j5,1,4)", "operation(j5,2,6)", "operation(j6,1,2)", "operation(j6,2,5)", "operation(j7,1,2)", "operation(j7,2,3)", "operation(j8,1,1)", "operation(j8,2,4)", "robot(r1,c1,9)", "robot(r2,c2,10)", "robot(r3,c3,11)", "robot(r4,c4,12)", "robot(r5,c1,13)", "robot(r6,c2,14)", "robot(r7,c3,15)", "robot(r8,c4,16)", "assign(r5,j2,1)", "assign(r2,j3,1)", "assign(r6,j4,1)", "assign(r7,j5,1)", "assign(r3,j6,1)", "assign(r4,j7,1)", "assign(r5,j1,2)", "assign(r4,j8,2)", "at(r5,8,1)", "at(r4,1,2)", "at(r6,8,2)", "at(r4,2,3)", "at(r2,3,3)", "at(r2,4,4)", "at(r4,3,4)", "at(r4,2,5)", "at(r5,4,5)", "at(r2,3,5)", "at(r7,6,5)", "at(r4,1,6)", "at(r6,4,6)", "at(r7,5,6)", "at(r5,2,7)", "at(r7,4,7)", "at(r2,1,7)", "at(r6,3,7)", "at(r6,4,8)", "at(r7,5,8)", "at(r3,2,9)", "at(r4,1,9)", "at(r5,4,9)", "at(r7,6,9)", "at(r4,2,10)", "at(r3,4,11)", "at(r4,3,11)", "at(r4,4,12)", "at(r3,5,12)", "at(r5,8,13)", "at(r3,5,13)", "at(r4,4,13)", "at(r1,9,1)", "at(r1,9,2)", "at(r1,9,3)", "at(r1,9,4)", "at(r1,9,5)", "at(r1,9,6)", "at(r1,9,7)", "at(r1,9,8)", "at(r1,9,9)", "at(r1,9,10)", "at(r1,9,11)", "at(r1,9,12)", "at(r1,9,13)", "at(r2,1,1)", "at(r2,2,2)", "at(r2,2,6)", "at(r2,12,8)", "at(r2,12,9)", "at(r2,12,10)", "at(r2,12,11)", "at(r2,12,12)", "at(r2,12,13)", "at(r3,11,1)", "at(r3,11,2)", "at(r3,11,3)", "at(r3,11,4)", "at(r3,11,5)", "at(r3,11,6)", "at(r3,11,7)", "at(r3,1,8)", "at(r3,3,10)", "at(r4,12,1)", "at(r4,10,7)", "at(r4,10,8)", "at(r5,7,2)", "at(r5,6,3)", "at(r5,5,4)", "at(r5,3,6)", "at(r5,3,8)", "at(r5,5,10)", "at(r5,6,11)", "at(r5,7,12)", "at(r6,14,1)", "at(r6,7,3)", "at(r6,6,4)", "at(r6,5,5)", "at(r6,17,9)", "at(r6,17,10)", "at(r6,17,11)", "at(r6,17,12)", "at(r6,17,13)", "at(r7,15,1)", "at(r7,15,2)", "at(r7,8,3)", "at(r7,7,4)", "at(r7,7,10)", "at(r7,7,11)", "at(r7,8,12)", "at(r7,14,13)", "at(r8,16,1)", "at(r8,16,2)", "at(r8,16,3)", "at(r8,16,4)", "at(r8,16,5)", "at(r8,16,6)", "at(r8,16,7)", "at(r8,16,8)", "at(r8,16,9)", "at(r8,16,10)", "at(r8,16,11)", "at(r8,16,12)", "at(r8,16,13)"
          ],
          "Costs": [
            54
          ]
        },
        {
          "Value": [
            "edge(4,17)", "edge(1,2)", "edge(2,3)", "edge(3,4)", "edge(4,5)", "edge(5,6)", "edge(6,7)", "edge(7,8)", "edge(9,1)", "edge(10,1)", "edge(11,1)", "edge(12,1)", "edge(8,13)", "edge(8,14)", "edge(8,15)", "edge(8,16)", "edge(16,8)", "edge(15,8)", "edge(14,8)", "edge(13,8)", "edge(1,12)", "edge(1,11)", "edge(1,10)", "edge(1,9)", "edge(8,7)", "edge(7,6)", "edge(6,5)", "edge(5,4)", "edge(4,3)", "edge(3,2)", "edge(2,1)", "edge(17,4)", "at(r1,9,0)", "at(r2,10,0)", "at(r3,11,0)", "at(r4,12,0)", "at(r5,13,0)", "at(r6,14,0)", "at(r7,15,0)", "at(r8,16,0)", "job(j1,c1,13)", "job(j2,c1,5)", "job(j3,c2,8)", "job(j4,c2,8)", "job(j5,c3,10)", "job(j6,c3,12)", "job(j7,c4,10)", "job(j8,c4,12)", "operation(j1,1,2)", "operation(j1,2,8)", "operation(j2,1,8)", "operation(j2,2,4)", "operation(j3,1,4)", "operation(j3,2,1)", "operation(j4,1,8)", "operation(j4,2,3)", "operation(j5,1,4)", "operation(j5,2,6)", "operation(j6,1,2)", "operation(j6,2,5)", "operation(j7,1,2)", "operation(j7,2,3)", "operation(j8,1,1)", "operation(j8,2,4)", "robot(r1,c1,9)", "robot(r2,c2,10)", "robot(r3,c3,11)", "robot(r4,c4,12)", "robot(r5,c1,13)", "robot(r6,c2,14)", "robot(r7,c3,15)", "robot(r8,c4,16)", "assign(r5,j2,1)", "assign(r2,j3,1)", "assign(r6,j4,1)", "assign(r7,j5,1)", "assign(r3,j6,1)", "assign(r4,j7,1)", "assign(r5,j1,2)", "assign(r4,j8,2)", "at(r5,8,1)", "at(r4,1,2)", "at(r6,8,2)", "at(r4,2,3)", "at(r2,3,3)", "at(r2,4,4)", "at(r4,3,4)", "at(r4,2,5)", "at(r5,4,5)", "at(r2,3,5)", "at(r7,6,5)", "at(r4,1,6)", "at(r6,4,6)", "at(r7,5,6)", "at(r5,2,7)", "at(r7,4,7)", "at(r2,1,7)", "at(r6,3,7)", "at(r6,4,8)", "at(r7,5,8)", "at(r3,2,9)", "at(r4,1,9)", "at(r5,4,9)", "at(r7,6,9)", "at(r4,2,10)", "at(r7,6,10)", "at(r3,4,11)", "at(r4,3,11)", "at(r4,4,12)", "at(r3,5,12)", "at(r5,8,13)", "at(r3,5,13)", "at(r4,4,13)", "at(r1,9,1)", "at(r1,9,2)", "at(r1,9,3)", "at(r1,9,4)", "at(r1,9,5)", "at(r1,9,6)", "at(r1,9,7)", "at(r1,9,8)", "at(r1,9,9)", "at(r1,9,10)", "at(r1,9,11)", "at(r1,9,12)", "at(r1,9,13)", "at(r2,1,1)", "at(r2,2,2)", "at(r2,2,6)", "at(r2,10,8)", "at(r2,10,9)", "at(r2,10,10)", "at(r2,10,11)", "at(r2,10,12)", "at(r2,10,13)", "at(r3,11,1)", "at(r3,11,2)", "at(r3,11,3)", "at(r3,11,4)", "at(r3,11,5)", "at(r3,11,6)", "at(r3,11,7)", "at(r3,1,8)", "at(r3,3,10)", "at(r4,12,1)", "at(r4,12,7)", "at(r4,12,8)", "at(r5,7,2)", "at(r5,6,3)", "at(r5,5,4)", "at(r5,3,6)", "at(r5,3,8)", "at(r5,5,10)", "at(r5,6,11)", "at(r5,7,12)", "at(r6,14,1)", "at(r6,7,3)", "at(r6,6,4)", "at(r6,5,5)", "at(r6,17,9)", "at(r6,17,10)", "at(r6,17,11)", "at(r6,17,12)", "at(r6,17,13)", "at(r7,15,1)", "at(r7,15,2)", "at(r7,8,3)", "at(r7,7,4)", "at(r7,7,11)", "at(r7,8,12)", "at(r7,15,13)", "at(r8,16,1)", "at(r8,16,2)", "at(r8,16,3)", "at(r8,16,4)", "at(r8,16,5)", "at(r8,16,6)", "at(r8,16,7)", "at(r8,16,8)", "at(r8,16,9)", "at(r8,16,10)", "at(r8,16,11)", "at(r8,16,12)", "at(r8,16,13)"
          ],
          "Costs": [
            54
          ]
        },
        {
          "Value": [
            "edge(4,17)", "edge(1,2)", "edge(2,3)", "edge(3,4)", "edge(4,5)", "edge(5,6)", "edge(6,7)", "edge(7,8)", "edge(9,1)", "edge(10,1)", "edge(11,1)", "edge(12,1)", "edge(8,13)", "edge(8,14)", "edge(8,15)", "edge(8,16)", "edge(16,8)", "edge(15,8)", "edge(14,8)", "edge(13,8)", "edge(1,12)", "edge(1,11)", "edge(1,10)", "edge(1,9)", "edge(8,7)", "edge(7,6)", "edge(6,5)", "edge(5,4)", "edge(4,3)", "edge(3,2)", "edge(2,1)", "edge(17,4)", "at(r1,9,0)", "at(r2,10,0)", "at(r3,11,0)", "at(r4,12,0)", "at(r5,13,0)", "at(r6,14,0)", "at(r7,15,0)", "at(r8,16,0)", "job(j1,c1,13)", "job(j2,c1,5)", "job(j3,c2,8)", "job(j4,c2,8)", "job(j5,c3,10)", "job(j6,c3,12)", "job(j7,c4,10)", "job(j8,c4,12)", "operation(j1,1,2)", "operation(j1,2,8)", "operation(j2,1,8)", "operation(j2,2,4)", "operation(j3,1,4)", "operation(j3,2,1)", "operation(j4,1,8)", "operation(j4,2,3)", "operation(j5,1,4)", "operation(j5,2,6)", "operation(j6,1,2)", "operation(j6,2,5)", "operation(j7,1,2)", "operation(j7,2,3)", "operation(j8,1,1)", "operation(j8,2,4)", "robot(r1,c1,9)", "robot(r2,c2,10)", "robot(r3,c3,11)", "robot(r4,c4,12)", "robot(r5,c1,13)", "robot(r6,c2,14)", "robot(r7,c3,15)", "robot(r8,c4,16)", "assign(r5,j2,1)", "assign(r2,j3,1)", "assign(r6,j4,1)", "assign(r7,j5,1)", "assign(r3,j6,1)", "assign(r4,j7,1)", "assign(r5,j1,2)", "assign(r4,j8,2)", "at(r5,8,1)", "at(r4,1,2)", "at(r6,8,2)", "at(r4,2,3)", "at(r2,3,3)", "at(r2,4,4)", "at(r4,3,4)", "at(r4,2,5)", "at(r5,4,5)", "at(r2,3,5)", "at(r7,6,5)", "at(r4,1,6)", "at(r6,4,6)", "at(r7,5,6)", "at(r5,2,7)", "at(r7,4,7)", "at(r2,1,7)", "at(r6,3,7)", "at(r6,4,8)", "at(r7,5,8)", "at(r3,2,9)", "at(r4,1,9)", "at(r5,4,9)", "at(r7,6,9)", "at(r4,2,10)", "at(r7,6,10)", "at(r3,4,11)", "at(r4,3,11)", "at(r4,4,12)", "at(r3,5,12)", "at(r5,8,13)", "at(r3,5,13)", "at(r4,4,13)", "at(r1,9,1)", "at(r1,9,2)", "at(r1,9,3)", "at(r1,9,4)", "at(r1,9,5)", "at(r1,9,6)", "at(r1,9,7)", "at(r1,9,8)", "at(r1,9,9)", "at(r1,9,10)", "at(r1,9,11)", "at(r1,9,12)", "at(r1,9,13)", "at(r2,1,1)", "at(r2,2,2)", "at(r2,2,6)", "at(r2,12,8)", "at(r2,12,9)", "at(r2,12,10)", "at(r2,12,11)", "at(r2,12,12)", "at(r2,12,13)", "at(r3,11,1)", "at(r3,11,2)", "at(r3,11,3)", "at(r3,11,4)", "at(r3,11,5)", "at(r3,11,6)", "at(r3,11,7)", "at(r3,1,8)", "at(r3,3,10)", "at(r4,12,1)", "at(r4,10,7)", "at(r4,10,8)", "at(r5,7,2)", "at(r5,6,3)", "at(r5,5,4)", "at(r5,3,6)", "at(r5,3,8)", "at(r5,5,10)", "at(r5,6,11)", "at(r5,7,12)", "at(r6,14,1)", "at(r6,7,3)", "at(r6,6,4)", "at(r6,5,5)", "at(r6,17,9)", "at(r6,17,10)", "at(r6,17,11)", "at(r6,17,12)", "at(r6,17,13)", "at(r7,15,1)", "at(r7,15,2)", "at(r7,8,3)", "at(r7,7,4)", "at(r7,7,11)", "at(r7,8,12)", "at(r7,15,13)", "at(r8,16,1)", "at(r8,16,2)", "at(r8,16,3)", "at(r8,16,4)", "at(r8,16,5)", "at(r8,16,6)", "at(r8,16,7)", "at(r8,16,8)", "at(r8,16,9)", "at(r8,16,10)", "at(r8,16,11)", "at(r8,16,12)", "at(r8,16,13)"
          ],
          "Costs": [
            54
          ]
        },
        {
          "Value": [
            "edge(4,17)", "edge(1,2)", "edge(2,3)", "edge(3,4)", "edge(4,5)", "edge(5,6)", "edge(6,7)", "edge(7,8)", "edge(9,1)", "edge(10,1)", "edge(11,1)", "edge(12,1)", "edge(8,13)", "edge(8,14)", "edge(8,15)", "edge(8,16)", "edge(16,8)", "edge(15,8)", "edge(14,8)", "edge(13,8)", "edge(1,12)", "edge(1,11)", "edge(1,10)", "edge(1,9)", "edge(8,7)", "edge(7,6)", "edge(6,5)", "edge(5,4)", "edge(4,3)", "edge(3,2)", "edge(2,1)", "edge(17,4)", "at(r1,9,0)", "at(r2,10,0)", "at(r3,11,0)", "at(r4,12,0)", "at(r5,13,0)", "at(r6,14,0)", "at(r7,15,0)", "at(r8,16,0)", "job(j1,c1,13)", "job(j2,c1,5)", "job(j3,c2,8)", "job(j4,c2,8)", "job(j5,c3,10)", "job(j6,c3,12)", "job(j7,c4,10)", "job(j8,c4,12)", "operation(j1,1,2)", "operation(j1,2,8)", "operation(j2,1,8)", "operation(j2,2,4)", "operation(j3,1,4)", "operation(j3,2,1)", "operation(j4,1,8)", "operation(j4,2,3)", "operation(j5,1,4)", "operation(j5,2,6)", "operation(j6,1,2)", "operation(j6,2,5)", "operation(j7,1,2)", "operation(j7,2,3)", "operation(j8,1,1)", "operation(j8,2,4)", "robot(r1,c1,9)", "robot(r2,c2,10)", "robot(r3,c3,11)", "robot(r4,c4,12)", "robot(r5,c1,13)", "robot(r6,c2,14)", "robot(r7,c3,15)", "robot(r8,c4,16)", "assign(r5,j2,1)", "assign(r2,j3,1)", "assign(r6,j4,1)", "assign(r7,j5,1)", "assign(r3,j6,1)", "assign(r4,j7,1)", "assign(r5,j1,2)", "assign(r4,j8,2)", "at(r5,8,1)", "at(r4,1,2)", "at(r6,8,2)", "at(r4,2,3)", "at(r2,3,3)", "at(r2,4,4)", "at(r4,3,4)", "at(r4,2,5)", "at(r5,4,5)", "at(r2,3,5)", "at(r7,6,5)", "at(r4,1,6)", "at(r6,4,6)", "at(r7,5,6)", "at(r5,2,7)", "at(r7,4,7)", "at(r2,1,7)", "at(r6,3,7)", "at(r6,4,8)", "at(r7,5,8)", "at(r3,2,9)", "at(r4,1,9)", "at(r5,4,9)", "at(r7,6,9)", "at(r4,2,10)", "at(r7,6,10)", "at(r3,4,11)", "at(r4,3,11)", "at(r4,4,12)", "at(r3,5,12)", "at(r5,8,13)", "at(r3,5,13)", "at(r4,4,13)", "at(r1,9,1)", "at(r1,9,2)", "at(r1,9,3)", "at(r1,9,4)", "at(r1,9,5)", "at(r1,9,6)", "at(r1,9,7)", "at(r1,9,8)", "at(r1,9,9)", "at(r1,9,10)", "at(r1,9,11)", "at(r1,9,12)", "at(r1,9,13)", "at(r2,1,1)", "at(r2,2,2)", "at(r2,2,6)", "at(r2,10,8)", "at(r2,10,9)", "at(r2,10,10)", "at(r2,10,11)", "at(r2,10,12)", "at(r2,10,13)", "at(r3,11,1)", "at(r3,11,2)", "at(r3,11,3)", "at(r3,11,4)", "at(r3,11,5)", "at(r3,11,6)", "at(r3,11,7)", "at(r3,1,8)", "at(r3,3,10)", "at(r4,12,1)", "at(r4,12,7)", "at(r4,12,8)", "at(r5,7,2)", "at(r5,6,3)", "at(r5,5,4)", "at(r5,3,6)", "at(r5,3,8)", "at(r5,5,10)", "at(r5,6,11)", "at(r5,7,12)", "at(r6,14,1)", "at(r6,7,3)", "at(r6,6,4)", "at(r6,5,5)", "at(r6,17,9)", "at(r6,17,10)", "at(r6,17,11)", "at(r6,17,12)", "at(r6,17,13)", "at(r7,15,1)", "at(r7,15,2)", "at(r7,8,3)", "at(r7,7,4)", "at(r7,7,11)", "at(r7,8,12)", "at(r7,14,13)", "at(r8,16,1)", "at(r8,16,2)", "at(r8,16,3)", "at(r8,16,4)", "at(r8,16,5)", "at(r8,16,6)", "at(r8,16,7)", "at(r8,16,8)", "at(r8,16,9)", "at(r8,16,10)", "at(r8,16,11)", "at(r8,16,12)", "at(r8,16,13)"
          ],
          "Costs": [
            54
          ]
        },
        {
          "Value": [
            "edge(4,17)", "edge(1,2)", "edge(2,3)", "edge(3,4)", "edge(4,5)", "edge(5,6)", "edge(6,7)", "edge(7,8)", "edge(9,1)", "edge(10,1)", "edge(11,1)", "edge(12,1)", "edge(8,13)", "edge(8,14)", "edge(8,15)", "edge(8,16)", "edge(16,8)", "edge(15,8)", "edge(14,8)", "edge(13,8)", "edge(1,12)", "edge(1,11)", "edge(1,10)", "edge(1,9)", "edge(8,7)", "edge(7,6)", "edge(6,5)", "edge(5,4)", "edge(4,3)", "edge(3,2)", "edge(2,1)", "edge(17,4)", "at(r1,9,0)", "at(r2,10,0)", "at(r3,11,0)", "at(r4,12,0)", "at(r5,13,0)", "at(r6,14,0)", "at(r7,15,0)", "at(r8,16,0)", "job(j1,c1,13)", "job(j2,c1,5)", "job(j3,c2,8)", "job(j4,c2,8)", "job(j5,c3,10)", "job(j6,c3,12)", "job(j7,c4,10)", "job(j8,c4,12)", "operation(j1,1,2)", "operation(j1,2,8)", "operation(j2,1,8)", "operation(j2,2,4)", "operation(j3,1,4)", "operation(j3,2,1)", "operation(j4,1,8)", "operation(j4,2,3)", "operation(j5,1,4)", "operation(j5,2,6)", "operation(j6,1,2)", "operation(j6,2,5)", "operation(j7,1,2)", "operation(j7,2,3)", "operation(j8,1,1)", "operation(j8,2,4)", "robot(r1,c1,9)", "robot(r2,c2,10)", "robot(r3,c3,11)", "robot(r4,c4,12)", "robot(r5,c1,13)", "robot(r6,c2,14)", "robot(r7,c3,15)", "robot(r8,c4,16)", "assign(r5,j2,1)", "assign(r2,j3,1)", "assign(r6,j4,1)", "assign(r7,j5,1)", "assign(r3,j6,1)", "assign(r4,j7,1)", "assign(r5,j1,2)", "assign(r4,j8,2)", "at(r5,8,1)", "at(r4,1,2)", "at(r6,8,2)", "at(r4,2,3)", "at(r2,3,3)", "at(r2,4,4)", "at(r4,3,4)", "at(r4,2,5)", "at(r5,4,5)", "at(r2,3,5)", "at(r7,6,5)", "at(r4,1,6)", "at(r6,4,6)", "at(r7,5,6)", "at(r5,2,7)", "at(r7,4,7)", "at(r2,1,7)", "at(r6,3,7)", "at(r6,4,8)", "at(r7,5,8)", "at(r3,2,9)", "at(r4,1,9)", "at(r5,4,9)", "at(r7,6,9)", "at(r4,2,10)", "at(r7,6,10)", "at(r3,4,11)", "at(r4,3,11)", "at(r4,4,12)", "at(r3,5,12)", "at(r5,8,13)", "at(r3,5,13)", "at(r4,4,13)", "at(r1,9,1)", "at(r1,9,2)", "at(r1,9,3)", "at(r1,9,4)", "at(r1,9,5)", "at(r1,9,6)", "at(r1,9,7)", "at(r1,9,8)", "at(r1,9,9)", "at(r1,9,10)", "at(r1,9,11)", "at(r1,9,12)", "at(r1,9,13)", "at(r2,1,1)", "at(r2,2,2)", "at(r2,2,6)", "at(r2,12,8)", "at(r2,12,9)", "at(r2,12,10)", "at(r2,12,11)", "at(r2,12,12)", "at(r2,12,13)", "at(r3,11,1)", "at(r3,11,2)", "at(r3,11,3)", "at(r3,11,4)", "at(r3,11,5)", "at(r3,11,6)", "at(r3,11,7)", "at(r3,1,8)", "at(r3,3,10)", "at(r4,12,1)", "at(r4,10,7)", "at(r4,10,8)", "at(r5,7,2)", "at(r5,6,3)", "at(r5,5,4)", "at(r5,3,6)", "at(r5,3,8)", "at(r5,5,10)", "at(r5,6,11)", "at(r5,7,12)", "at(r6,14,1)", "at(r6,7,3)", "at(r6,6,4)", "at(r6,5,5)", "at(r6,17,9)", "at(r6,17,10)", "at(r6,17,11)", "at(r6,17,12)", "at(r6,17,13)", "at(r7,15,1)", "at(r7,15,2)", "at(r7,8,3)", "at(r7,7,4)", "at(r7,7,11)", "at(r7,8,12)", "at(r7,14,13)", "at(r8,16,1)", "at(r8,16,2)", "at(r8,16,3)", "at(r8,16,4)", "at(r8,16,5)", "at(r8,16,6)", "at(r8,16,7)", "at(r8,16,8)", "at(r8,16,9)", "at(r8,16,10)", "at(r8,16,11)", "at(r8,16,12)", "at(r8,16,13)"
          ],
          "Costs": [
            54
          ]
        }
      ]
    }
  ],
  "Result": "OPTIMUM FOUND",
  "Models": {
    "Number": 31,
    "More": "no",
    "Optimum": "yes",
    "Optimal": 30,
    "Costs": [
      54
    ]
  },
  "Calls": 1,
  "Time": {
    "Total": 0.031,
    "Solve": 0.006,
    "Model": 0.003,
    "Unsat": 0.001,
    "CPU": 0.043
  },
  "Threads": 4,
  "Winner": 2
}
