{
  "Solver": "clingo version 5.6.2",
  "Input": [
    "myrobots.lp","instances/grid-03.lp","viz_show.lp"
  ],
  "Call": [
    {
      "Witnesses": [
        {
          "Value": [
            "edge((1,1),(1,2))", "edge((2,1),(2,2))", "edge((3,1),(3,2))", "edge((4,1),(4,2))", "edge((5,1),(5,2))", "edge((1,2),(1,3))", "edge((2,2),(2,3))", "edge((3,2),(3,3))", "edge((4,2),(4,3))", "edge((5,2),(5,3))", "edge((1,3),(1,4))", "edge((2,3),(2,4))", "edge((3,3),(3,4))", "edge((4,3),(4,4))", "edge((5,3),(5,4))", "edge((1,4),(1,5))", "edge((2,4),(2,5))", "edge((3,4),(3,5))", "edge((4,4),(4,5))", "edge((5,4),(5,5))", "edge((1,1),(2,1))", "edge((1,2),(2,2))", "edge((1,3),(2,3))", "edge((1,4),(2,4))", "edge((1,5),(2,5))", "edge((2,1),(3,1))", "edge((2,2),(3,2))", "edge((2,3),(3,3))", "edge((2,4),(3,4))", "edge((2,5),(3,5))", "edge((3,1),(4,1))", "edge((3,2),(4,2))", "edge((3,3),(4,3))", "edge((3,4),(4,4))", "edge((3,5),(4,5))", "edge((4,1),(5,1))", "edge((4,2),(5,2))", "edge((4,3),(5,3))", "edge((4,4),(5,4))", "edge((4,5),(5,5))", "edge((5,5),(4,5))", "edge((5,4),(4,4))", "edge((5,3),(4,3))", "edge((5,2),(4,2))", "edge((5,1),(4,1))", "edge((4,5),(3,5))", "edge((4,4),(3,4))", "edge((4,3),(3,3))", "edge((4,2),(3,2))", "edge((4,1),(3,1))", "edge((3,5),(2,5))", "edge((3,4),(2,4))", "edge((3,3),(2,3))", "edge((3,2),(2,2))", "edge((3,1),(2,1))", "edge((2,5),(1,5))", "edge((2,4),(1,4))", "edge((2,3),(1,3))", "edge((2,2),(1,2))", "edge((2,1),(1,1))", "edge((5,5),(5,4))", "edge((4,5),(4,4))", "edge((3,5),(3,4))", "edge((2,5),(2,4))", "edge((1,5),(1,4))", "edge((5,4),(5,3))", "edge((4,4),(4,3))", "edge((3,4),(3,3))", "edge((2,4),(2,3))", "edge((1,4),(1,3))", "edge((5,3),(5,2))", "edge((4,3),(4,2))", "edge((3,3),(3,2))", "edge((2,3),(2,2))", "edge((1,3),(1,2))", "edge((5,2),(5,1))", "edge((4,2),(4,1))", "edge((3,2),(3,1))", "edge((2,2),(2,1))", "edge((1,2),(1,1))", "at(r1,(1,1),0)", "at(r2,(1,5),0)", "at(r3,(5,5),0)", "at(r4,(5,1),0)", "job(j1,c1,12)", "job(j2,c2,12)", "job(j3,c3,12)", "job(j4,c4,13)", "operation(j1,1,(1,5))", "operation(j1,2,(5,5))", "operation(j1,3,(5,1))", "operation(j2,1,(5,5))", "operation(j2,2,(5,1))", "operation(j2,3,(1,1))", "operation(j3,1,(5,1))", "operation(j3,2,(1,1))", "operation(j3,3,(1,5))", "operation(j4,1,(1,1))", "operation(j4,2,(1,5))", "operation(j4,3,(5,5))", "robot(r1,c1,(1,1))", "robot(r2,c2,(1,5))", "robot(r3,c3,(5,5))", "robot(r4,c4,(5,1))", "assign(r1,j1,1)", "assign(r2,j2,1)", "assign(r3,j3,1)", "assign(r4,j4,1)", "at(r4,(1,1),4)", "at(r3,(5,1),4)", "at(r2,(5,5),4)", "at(r1,(1,5),4)", "at(r3,(1,1),8)", "at(r2,(5,1),8)", "at(r1,(5,5),8)", "at(r4,(1,5),9)", "at(r3,(1,5),12)", "at(r2,(1,1),12)", "at(r1,(5,1),12)", "at(r1,(5,1),13)", "at(r2,(1,1),13)", "at(r3,(1,5),13)", "at(r4,(5,5),13)", "at(r1,(1,2),1)", "at(r1,(1,3),2)", "at(r1,(1,4),3)", "at(r1,(2,5),5)", "at(r1,(3,5),6)", "at(r1,(4,5),7)", "at(r1,(5,4),9)", "at(r1,(5,3),10)", "at(r1,(5,2),11)", "at(r2,(2,5),1)", "at(r2,(3,5),2)", "at(r2,(4,5),3)", "at(r2,(5,4),5)", "at(r2,(5,3),6)", "at(r2,(5,2),7)", "at(r2,(4,1),9)", "at(r2,(3,1),10)", "at(r2,(2,1),11)", "at(r3,(5,3),2)", "at(r3,(5,4),1)", "at(r3,(5,2),3)", "at(r3,(4,1),5)", "at(r3,(3,1),6)", "at(r3,(2,1),7)", "at(r3,(1,2),9)", "at(r3,(1,3),10)", "at(r3,(1,4),11)", "at(r4,(3,1),2)", "at(r4,(4,1),1)", "at(r4,(2,1),3)", "at(r4,(1,2),5)", "at(r4,(1,2),6)", "at(r4,(1,3),7)", "at(r4,(1,4),8)", "at(r4,(2,5),10)", "at(r4,(3,5),11)", "at(r4,(4,5),12)"
          ],
          "Costs": [
            48
          ]
        },
        {
          "Value": [
            "edge((1,1),(1,2))", "edge((2,1),(2,2))", "edge((3,1),(3,2))", "edge((4,1),(4,2))", "edge((5,1),(5,2))", "edge((1,2),(1,3))", "edge((2,2),(2,3))", "edge((3,2),(3,3))", "edge((4,2),(4,3))", "edge((5,2),(5,3))", "edge((1,3),(1,4))", "edge((2,3),(2,4))", "edge((3,3),(3,4))", "edge((4,3),(4,4))", "edge((5,3),(5,4))", "edge((1,4),(1,5))", "edge((2,4),(2,5))", "edge((3,4),(3,5))", "edge((4,4),(4,5))", "edge((5,4),(5,5))", "edge((1,1),(2,1))", "edge((1,2),(2,2))", "edge((1,3),(2,3))", "edge((1,4),(2,4))", "edge((1,5),(2,5))", "edge((2,1),(3,1))", "edge((2,2),(3,2))", "edge((2,3),(3,3))", "edge((2,4),(3,4))", "edge((2,5),(3,5))", "edge((3,1),(4,1))", "edge((3,2),(4,2))", "edge((3,3),(4,3))", "edge((3,4),(4,4))", "edge((3,5),(4,5))", "edge((4,1),(5,1))", "edge((4,2),(5,2))", "edge((4,3),(5,3))", "edge((4,4),(5,4))", "edge((4,5),(5,5))", "edge((5,5),(4,5))", "edge((5,4),(4,4))", "edge((5,3),(4,3))", "edge((5,2),(4,2))", "edge((5,1),(4,1))", "edge((4,5),(3,5))", "edge((4,4),(3,4))", "edge((4,3),(3,3))", "edge((4,2),(3,2))", "edge((4,1),(3,1))", "edge((3,5),(2,5))", "edge((3,4),(2,4))", "edge((3,3),(2,3))", "edge((3,2),(2,2))", "edge((3,1),(2,1))", "edge((2,5),(1,5))", "edge((2,4),(1,4))", "edge((2,3),(1,3))", "edge((2,2),(1,2))", "edge((2,1),(1,1))", "edge((5,5),(5,4))", "edge((4,5),(4,4))", "edge((3,5),(3,4))", "edge((2,5),(2,4))", "edge((1,5),(1,4))", "edge((5,4),(5,3))", "edge((4,4),(4,3))", "edge((3,4),(3,3))", "edge((2,4),(2,3))", "edge((1,4),(1,3))", "edge((5,3),(5,2))", "edge((4,3),(4,2))", "edge((3,3),(3,2))", "edge((2,3),(2,2))", "edge((1,3),(1,2))", "edge((5,2),(5,1))", "edge((4,2),(4,1))", "edge((3,2),(3,1))", "edge((2,2),(2,1))", "edge((1,2),(1,1))", "at(r1,(1,1),0)", "at(r2,(1,5),0)", "at(r3,(5,5),0)", "at(r4,(5,1),0)", "job(j1,c1,12)", "job(j2,c2,12)", "job(j3,c3,12)", "job(j4,c4,13)", "operation(j1,1,(1,5))", "operation(j1,2,(5,5))", "operation(j1,3,(5,1))", "operation(j2,1,(5,5))", "operation(j2,2,(5,1))", "operation(j2,3,(1,1))", "operation(j3,1,(5,1))", "operation(j3,2,(1,1))", "operation(j3,3,(1,5))", "operation(j4,1,(1,1))", "operation(j4,2,(1,5))", "operation(j4,3,(5,5))", "robot(r1,c1,(1,1))", "robot(r2,c2,(1,5))", "robot(r3,c3,(5,5))", "robot(r4,c4,(5,1))", "assign(r1,j1,1)", "assign(r2,j2,1)", "assign(r3,j3,1)", "assign(r4,j4,1)", "at(r4,(1,1),4)", "at(r3,(5,1),4)", "at(r2,(5,5),4)", "at(r1,(1,5),4)", "at(r3,(1,1),8)", "at(r2,(5,1),8)", "at(r1,(5,5),8)", "at(r4,(1,5),9)", "at(r3,(1,5),12)", "at(r2,(1,1),12)", "at(r1,(5,1),12)", "at(r1,(5,1),13)", "at(r2,(1,1),13)", "at(r3,(1,5),13)", "at(r4,(5,5),13)", "at(r1,(1,2),1)", "at(r1,(1,3),2)", "at(r1,(1,4),3)", "at(r1,(2,5),5)", "at(r1,(3,5),6)", "at(r1,(4,5),7)", "at(r1,(5,4),9)", "at(r1,(5,3),10)", "at(r1,(5,2),11)", "at(r2,(2,5),1)", "at(r2,(3,5),2)", "at(r2,(4,5),3)", "at(r2,(5,4),5)", "at(r2,(5,3),6)", "at(r2,(5,2),7)", "at(r2,(4,1),9)", "at(r2,(3,1),10)", "at(r2,(2,1),11)", "at(r3,(5,3),2)", "at(r3,(5,4),1)", "at(r3,(5,2),3)", "at(r3,(4,1),5)", "at(r3,(3,1),6)", "at(r3,(2,1),7)", "at(r3,(1,2),9)", "at(r3,(1,3),10)", "at(r3,(1,4),11)", "at(r4,(3,1),2)", "at(r4,(4,1),1)", "at(r4,(2,1),3)", "at(r4,(1,2),5)", "at(r4,(1,3),6)", "at(r4,(1,4),7)", "at(r4,(1,4),8)", "at(r4,(2,5),10)", "at(r4,(3,5),11)", "at(r4,(4,5),12)"
          ],
          "Costs": [
            48
          ]
        },
        {
          "Value": [
            "edge((1,1),(1,2))", "edge((2,1),(2,2))", "edge((3,1),(3,2))", "edge((4,1),(4,2))", "edge((5,1),(5,2))", "edge((1,2),(1,3))", "edge((2,2),(2,3))", "edge((3,2),(3,3))", "edge((4,2),(4,3))", "edge((5,2),(5,3))", "edge((1,3),(1,4))", "edge((2,3),(2,4))", "edge((3,3),(3,4))", "edge((4,3),(4,4))", "edge((5,3),(5,4))", "edge((1,4),(1,5))", "edge((2,4),(2,5))", "edge((3,4),(3,5))", "edge((4,4),(4,5))", "edge((5,4),(5,5))", "edge((1,1),(2,1))", "edge((1,2),(2,2))", "edge((1,3),(2,3))", "edge((1,4),(2,4))", "edge((1,5),(2,5))", "edge((2,1),(3,1))", "edge((2,2),(3,2))", "edge((2,3),(3,3))", "edge((2,4),(3,4))", "edge((2,5),(3,5))", "edge((3,1),(4,1))", "edge((3,2),(4,2))", "edge((3,3),(4,3))", "edge((3,4),(4,4))", "edge((3,5),(4,5))", "edge((4,1),(5,1))", "edge((4,2),(5,2))", "edge((4,3),(5,3))", "edge((4,4),(5,4))", "edge((4,5),(5,5))", "edge((5,5),(4,5))", "edge((5,4),(4,4))", "edge((5,3),(4,3))", "edge((5,2),(4,2))", "edge((5,1),(4,1))", "edge((4,5),(3,5))", "edge((4,4),(3,4))", "edge((4,3),(3,3))", "edge((4,2),(3,2))", "edge((4,1),(3,1))", "edge((3,5),(2,5))", "edge((3,4),(2,4))", "edge((3,3),(2,3))", "edge((3,2),(2,2))", "edge((3,1),(2,1))", "edge((2,5),(1,5))", "edge((2,4),(1,4))", "edge((2,3),(1,3))", "edge((2,2),(1,2))", "edge((2,1),(1,1))", "edge((5,5),(5,4))", "edge((4,5),(4,4))", "edge((3,5),(3,4))", "edge((2,5),(2,4))", "edge((1,5),(1,4))", "edge((5,4),(5,3))", "edge((4,4),(4,3))", "edge((3,4),(3,3))", "edge((2,4),(2,3))", "edge((1,4),(1,3))", "edge((5,3),(5,2))", "edge((4,3),(4,2))", "edge((3,3),(3,2))", "edge((2,3),(2,2))", "edge((1,3),(1,2))", "edge((5,2),(5,1))", "edge((4,2),(4,1))", "edge((3,2),(3,1))", "edge((2,2),(2,1))", "edge((1,2),(1,1))", "at(r1,(1,1),0)", "at(r2,(1,5),0)", "at(r3,(5,5),0)", "at(r4,(5,1),0)", "job(j1,c1,12)", "job(j2,c2,12)", "job(j3,c3,12)", "job(j4,c4,13)", "operation(j1,1,(1,5))", "operation(j1,2,(5,5))", "operation(j1,3,(5,1))", "operation(j2,1,(5,5))", "operation(j2,2,(5,1))", "operation(j2,3,(1,1))", "operation(j3,1,(5,1))", "operation(j3,2,(1,1))", "operation(j3,3,(1,5))", "operation(j4,1,(1,1))", "operation(j4,2,(1,5))", "operation(j4,3,(5,5))", "robot(r1,c1,(1,1))", "robot(r2,c2,(1,5))", "robot(r3,c3,(5,5))", "robot(r4,c4,(5,1))", "assign(r1,j1,1)", "assign(r2,j2,1)", "assign(r3,j3,1)", "assign(r4,j4,1)", "at(r4,(1,1),4)", "at(r3,(5,1),4)", "at(r2,(5,5),4)", "at(r1,(1,5),4)", "at(r4,(1,5),8)", "at(r3,(1,1),8)", "at(r2,(5,1),8)", "at(r1,(5,5),8)", "at(r3,(1,5),12)", "at(r2,(1,1),12)", "at(r1,(5,1),12)", "at(r1,(5,1),13)", "at(r2,(1,1),13)", "at(r3,(1,5),13)", "at(r4,(5,5),13)", "at(r1,(1,2),1)", "at(r1,(1,3),2)", "at(r1,(1,4),3)", "at(r1,(2,5),5)", "at(r1,(3,5),6)", "at(r1,(4,5),7)", "at(r1,(5,4),9)", "at(r1,(5,3),10)", "at(r1,(5,2),11)", "at(r2,(2,5),1)", "at(r2,(3,5),2)", "at(r2,(4,5),3)", "at(r2,(5,4),5)", "at(r2,(5,3),6)", "at(r2,(5,2),7)", "at(r2,(4,1),9)", "at(r2,(3,1),10)", "at(r2,(2,1),11)", "at(r3,(5,3),2)", "at(r3,(5,4),1)", "at(r3,(5,2),3)", "at(r3,(4,1),5)", "at(r3,(3,1),6)", "at(r3,(2,1),7)", "at(r3,(1,2),9)", "at(r3,(1,3),10)", "at(r3,(1,4),11)", "at(r4,(3,1),2)", "at(r4,(4,1),1)", "at(r4,(2,1),3)", "at(r4,(1,2),5)", "at(r4,(1,3),6)", "at(r4,(1,4),7)", "at(r4,(2,5),9)", "at(r4,(3,5),10)", "at(r4,(4,5),11)", "at(r4,(4,5),12)"
          ],
          "Costs": [
            48
          ]
        },
        {
          "Value": [
            "edge((1,1),(1,2))", "edge((2,1),(2,2))", "edge((3,1),(3,2))", "edge((4,1),(4,2))", "edge((5,1),(5,2))", "edge((1,2),(1,3))", "edge((2,2),(2,3))", "edge((3,2),(3,3))", "edge((4,2),(4,3))", "edge((5,2),(5,3))", "edge((1,3),(1,4))", "edge((2,3),(2,4))", "edge((3,3),(3,4))", "edge((4,3),(4,4))", "edge((5,3),(5,4))", "edge((1,4),(1,5))", "edge((2,4),(2,5))", "edge((3,4),(3,5))", "edge((4,4),(4,5))", "edge((5,4),(5,5))", "edge((1,1),(2,1))", "edge((1,2),(2,2))", "edge((1,3),(2,3))", "edge((1,4),(2,4))", "edge((1,5),(2,5))", "edge((2,1),(3,1))", "edge((2,2),(3,2))", "edge((2,3),(3,3))", "edge((2,4),(3,4))", "edge((2,5),(3,5))", "edge((3,1),(4,1))", "edge((3,2),(4,2))", "edge((3,3),(4,3))", "edge((3,4),(4,4))", "edge((3,5),(4,5))", "edge((4,1),(5,1))", "edge((4,2),(5,2))", "edge((4,3),(5,3))", "edge((4,4),(5,4))", "edge((4,5),(5,5))", "edge((5,5),(4,5))", "edge((5,4),(4,4))", "edge((5,3),(4,3))", "edge((5,2),(4,2))", "edge((5,1),(4,1))", "edge((4,5),(3,5))", "edge((4,4),(3,4))", "edge((4,3),(3,3))", "edge((4,2),(3,2))", "edge((4,1),(3,1))", "edge((3,5),(2,5))", "edge((3,4),(2,4))", "edge((3,3),(2,3))", "edge((3,2),(2,2))", "edge((3,1),(2,1))", "edge((2,5),(1,5))", "edge((2,4),(1,4))", "edge((2,3),(1,3))", "edge((2,2),(1,2))", "edge((2,1),(1,1))", "edge((5,5),(5,4))", "edge((4,5),(4,4))", "edge((3,5),(3,4))", "edge((2,5),(2,4))", "edge((1,5),(1,4))", "edge((5,4),(5,3))", "edge((4,4),(4,3))", "edge((3,4),(3,3))", "edge((2,4),(2,3))", "edge((1,4),(1,3))", "edge((5,3),(5,2))", "edge((4,3),(4,2))", "edge((3,3),(3,2))", "edge((2,3),(2,2))", "edge((1,3),(1,2))", "edge((5,2),(5,1))", "edge((4,2),(4,1))", "edge((3,2),(3,1))", "edge((2,2),(2,1))", "edge((1,2),(1,1))", "at(r1,(1,1),0)", "at(r2,(1,5),0)", "at(r3,(5,5),0)", "at(r4,(5,1),0)", "job(j1,c1,12)", "job(j2,c2,12)", "job(j3,c3,12)", "job(j4,c4,13)", "operation(j1,1,(1,5))", "operation(j1,2,(5,5))", "operation(j1,3,(5,1))", "operation(j2,1,(5,5))", "operation(j2,2,(5,1))", "operation(j2,3,(1,1))", "operation(j3,1,(5,1))", "operation(j3,2,(1,1))", "operation(j3,3,(1,5))", "operation(j4,1,(1,1))", "operation(j4,2,(1,5))", "operation(j4,3,(5,5))", "robot(r1,c1,(1,1))", "robot(r2,c2,(1,5))", "robot(r3,c3,(5,5))", "robot(r4,c4,(5,1))", "assign(r1,j1,1)", "assign(r2,j2,1)", "assign(r3,j3,1)", "assign(r4,j4,1)", "at(r3,(5,1),4)", "at(r2,(5,5),4)", "at(r1,(1,5),4)", "at(r4,(1,1),5)", "at(r3,(1,1),8)", "at(r2,(5,1),8)", "at(r1,(5,5),8)", "at(r4,(1,5),9)", "at(r3,(1,5),12)", "at(r2,(1,1),12)", "at(r1,(5,1),12)", "at(r1,(5,1),13)", "at(r2,(1,1),13)", "at(r3,(1,5),13)", "at(r4,(5,5),13)", "at(r1,(1,2),1)", "at(r1,(1,3),2)", "at(r1,(1,4),3)", "at(r1,(2,5),5)", "at(r1,(3,5),6)", "at(r1,(4,5),7)", "at(r1,(5,4),9)", "at(r1,(5,3),10)", "at(r1,(5,2),11)", "at(r2,(2,5),1)", "at(r2,(3,5),2)", "at(r2,(4,5),3)", "at(r2,(5,4),5)", "at(r2,(5,3),6)", "at(r2,(5,2),7)", "at(r2,(4,1),9)", "at(r2,(3,1),10)", "at(r2,(2,1),11)", "at(r3,(5,3),2)", "at(r3,(5,4),1)", "at(r3,(5,2),3)", "at(r3,(4,1),5)", "at(r3,(3,1),6)", "at(r3,(2,1),7)", "at(r3,(1,2),9)", "at(r3,(1,3),10)", "at(r3,(1,4),11)", "at(r4,(3,1),2)", "at(r4,(4,1),1)", "at(r4,(2,1),3)", "at(r4,(2,1),4)", "at(r4,(1,2),6)", "at(r4,(1,3),7)", "at(r4,(1,4),8)", "at(r4,(2,5),10)", "at(r4,(3,5),11)", "at(r4,(4,5),12)"
          ],
          "Costs": [
            48
          ]
        },
        {
          "Value": [
            "edge((1,1),(1,2))", "edge((2,1),(2,2))", "edge((3,1),(3,2))", "edge((4,1),(4,2))", "edge((5,1),(5,2))", "edge((1,2),(1,3))", "edge((2,2),(2,3))", "edge((3,2),(3,3))", "edge((4,2),(4,3))", "edge((5,2),(5,3))", "edge((1,3),(1,4))", "edge((2,3),(2,4))", "edge((3,3),(3,4))", "edge((4,3),(4,4))", "edge((5,3),(5,4))", "edge((1,4),(1,5))", "edge((2,4),(2,5))", "edge((3,4),(3,5))", "edge((4,4),(4,5))", "edge((5,4),(5,5))", "edge((1,1),(2,1))", "edge((1,2),(2,2))", "edge((1,3),(2,3))", "edge((1,4),(2,4))", "edge((1,5),(2,5))", "edge((2,1),(3,1))", "edge((2,2),(3,2))", "edge((2,3),(3,3))", "edge((2,4),(3,4))", "edge((2,5),(3,5))", "edge((3,1),(4,1))", "edge((3,2),(4,2))", "edge((3,3),(4,3))", "edge((3,4),(4,4))", "edge((3,5),(4,5))", "edge((4,1),(5,1))", "edge((4,2),(5,2))", "edge((4,3),(5,3))", "edge((4,4),(5,4))", "edge((4,5),(5,5))", "edge((5,5),(4,5))", "edge((5,4),(4,4))", "edge((5,3),(4,3))", "edge((5,2),(4,2))", "edge((5,1),(4,1))", "edge((4,5),(3,5))", "edge((4,4),(3,4))", "edge((4,3),(3,3))", "edge((4,2),(3,2))", "edge((4,1),(3,1))", "edge((3,5),(2,5))", "edge((3,4),(2,4))", "edge((3,3),(2,3))", "edge((3,2),(2,2))", "edge((3,1),(2,1))", "edge((2,5),(1,5))", "edge((2,4),(1,4))", "edge((2,3),(1,3))", "edge((2,2),(1,2))", "edge((2,1),(1,1))", "edge((5,5),(5,4))", "edge((4,5),(4,4))", "edge((3,5),(3,4))", "edge((2,5),(2,4))", "edge((1,5),(1,4))", "edge((5,4),(5,3))", "edge((4,4),(4,3))", "edge((3,4),(3,3))", "edge((2,4),(2,3))", "edge((1,4),(1,3))", "edge((5,3),(5,2))", "edge((4,3),(4,2))", "edge((3,3),(3,2))", "edge((2,3),(2,2))", "edge((1,3),(1,2))", "edge((5,2),(5,1))", "edge((4,2),(4,1))", "edge((3,2),(3,1))", "edge((2,2),(2,1))", "edge((1,2),(1,1))", "at(r1,(1,1),0)", "at(r2,(1,5),0)", "at(r3,(5,5),0)", "at(r4,(5,1),0)", "job(j1,c1,12)", "job(j2,c2,12)", "job(j3,c3,12)", "job(j4,c4,13)", "operation(j1,1,(1,5))", "operation(j1,2,(5,5))", "operation(j1,3,(5,1))", "operation(j2,1,(5,5))", "operation(j2,2,(5,1))", "operation(j2,3,(1,1))", "operation(j3,1,(5,1))", "operation(j3,2,(1,1))", "operation(j3,3,(1,5))", "operation(j4,1,(1,1))", "operation(j4,2,(1,5))", "operation(j4,3,(5,5))", "robot(r1,c1,(1,1))", "robot(r2,c2,(1,5))", "robot(r3,c3,(5,5))", "robot(r4,c4,(5,1))", "assign(r1,j1,1)", "assign(r2,j2,1)", "assign(r3,j3,1)", "assign(r4,j4,1)", "at(r4,(1,1),4)", "at(r3,(5,1),4)", "at(r2,(5,5),4)", "at(r1,(1,5),4)", "at(r4,(1,5),8)", "at(r3,(1,1),8)", "at(r2,(5,1),8)", "at(r1,(5,5),8)", "at(r3,(1,5),12)", "at(r2,(1,1),12)", "at(r1,(5,1),12)", "at(r1,(5,1),13)", "at(r2,(1,1),13)", "at(r3,(1,5),13)", "at(r4,(5,5),13)", "at(r1,(1,2),1)", "at(r1,(1,3),2)", "at(r1,(1,4),3)", "at(r1,(2,5),5)", "at(r1,(3,5),6)", "at(r1,(4,5),7)", "at(r1,(5,4),9)", "at(r1,(5,3),10)", "at(r1,(5,2),11)", "at(r2,(2,5),1)", "at(r2,(3,5),2)", "at(r2,(4,5),3)", "at(r2,(5,4),5)", "at(r2,(5,3),6)", "at(r2,(5,2),7)", "at(r2,(4,1),9)", "at(r2,(3,1),10)", "at(r2,(2,1),11)", "at(r3,(5,3),2)", "at(r3,(5,4),1)", "at(r3,(5,2),3)", "at(r3,(4,1),5)", "at(r3,(3,1),6)", "at(r3,(2,1),7)", "at(r3,(1,2),9)", "at(r3,(1,3),10)", "at(r3,(1,4),11)", "at(r4,(3,1),2)", "at(r4,(4,1),1)", "at(r4,(2,1),3)", "at(r4,(1,2),5)", "at(r4,(1,3),6)", "at(r4,(1,4),7)", "at(r4,(2,5),9)", "at(r4,(2,5),10)", "at(r4,(3,5),11)", "at(r4,(4,5),12)"
          ],
          "Costs": [
            48
          ]
        },
        {
          "Value": [
            "edge((1,1),(1,2))", "edge((2,1),(2,2))", "edge((3,1),(3,2))", "edge((4,1),(4,2))", "edge((5,1),(5,2))", "edge((1,2),(1,3))", "edge((2,2),(2,3))", "edge((3,2),(3,3))", "edge((4,2),(4,3))", "edge((5,2),(5,3))", "edge((1,3),(1,4))", "edge((2,3),(2,4))", "edge((3,3),(3,4))", "edge((4,3),(4,4))", "edge((5,3),(5,4))", "edge((1,4),(1,5))", "edge((2,4),(2,5))", "edge((3,4),(3,5))", "edge((4,4),(4,5))", "edge((5,4),(5,5))", "edge((1,1),(2,1))", "edge((1,2),(2,2))", "edge((1,3),(2,3))", "edge((1,4),(2,4))", "edge((1,5),(2,5))", "edge((2,1),(3,1))", "edge((2,2),(3,2))", "edge((2,3),(3,3))", "edge((2,4),(3,4))", "edge((2,5),(3,5))", "edge((3,1),(4,1))", "edge((3,2),(4,2))", "edge((3,3),(4,3))", "edge((3,4),(4,4))", "edge((3,5),(4,5))", "edge((4,1),(5,1))", "edge((4,2),(5,2))", "edge((4,3),(5,3))", "edge((4,4),(5,4))", "edge((4,5),(5,5))", "edge((5,5),(4,5))", "edge((5,4),(4,4))", "edge((5,3),(4,3))", "edge((5,2),(4,2))", "edge((5,1),(4,1))", "edge((4,5),(3,5))", "edge((4,4),(3,4))", "edge((4,3),(3,3))", "edge((4,2),(3,2))", "edge((4,1),(3,1))", "edge((3,5),(2,5))", "edge((3,4),(2,4))", "edge((3,3),(2,3))", "edge((3,2),(2,2))", "edge((3,1),(2,1))", "edge((2,5),(1,5))", "edge((2,4),(1,4))", "edge((2,3),(1,3))", "edge((2,2),(1,2))", "edge((2,1),(1,1))", "edge((5,5),(5,4))", "edge((4,5),(4,4))", "edge((3,5),(3,4))", "edge((2,5),(2,4))", "edge((1,5),(1,4))", "edge((5,4),(5,3))", "edge((4,4),(4,3))", "edge((3,4),(3,3))", "edge((2,4),(2,3))", "edge((1,4),(1,3))", "edge((5,3),(5,2))", "edge((4,3),(4,2))", "edge((3,3),(3,2))", "edge((2,3),(2,2))", "edge((1,3),(1,2))", "edge((5,2),(5,1))", "edge((4,2),(4,1))", "edge((3,2),(3,1))", "edge((2,2),(2,1))", "edge((1,2),(1,1))", "at(r1,(1,1),0)", "at(r2,(1,5),0)", "at(r3,(5,5),0)", "at(r4,(5,1),0)", "job(j1,c1,12)", "job(j2,c2,12)", "job(j3,c3,12)", "job(j4,c4,13)", "operation(j1,1,(1,5))", "operation(j1,2,(5,5))", "operation(j1,3,(5,1))", "operation(j2,1,(5,5))", "operation(j2,2,(5,1))", "operation(j2,3,(1,1))", "operation(j3,1,(5,1))", "operation(j3,2,(1,1))", "operation(j3,3,(1,5))", "operation(j4,1,(1,1))", "operation(j4,2,(1,5))", "operation(j4,3,(5,5))", "robot(r1,c1,(1,1))", "robot(r2,c2,(1,5))", "robot(r3,c3,(5,5))", "robot(r4,c4,(5,1))", "assign(r1,j1,1)", "assign(r2,j2,1)", "assign(r3,j3,1)", "assign(r4,j4,1)", "at(r3,(5,1),4)", "at(r2,(5,5),4)", "at(r1,(1,5),4)", "at(r4,(1,1),5)", "at(r3,(1,1),8)", "at(r2,(5,1),8)", "at(r1,(5,5),8)", "at(r4,(1,5),9)", "at(r3,(1,5),12)", "at(r2,(1,1),12)", "at(r1,(5,1),12)", "at(r1,(5,1),13)", "at(r2,(1,1),13)", "at(r3,(1,5),13)", "at(r4,(5,5),13)", "at(r1,(1,2),1)", "at(r1,(1,3),2)", "at(r1,(1,4),3)", "at(r1,(2,5),5)", "at(r1,(3,5),6)", "at(r1,(4,5),7)", "at(r1,(5,4),9)", "at(r1,(5,3),10)", "at(r1,(5,2),11)", "at(r2,(2,5),1)", "at(r2,(3,5),2)", "at(r2,(4,5),3)", "at(r2,(5,4),5)", "at(r2,(5,3),6)", "at(r2,(5,2),7)", "at(r2,(4,1),9)", "at(r2,(3,1),10)", "at(r2,(2,1),11)", "at(r3,(5,3),2)", "at(r3,(5,4),1)", "at(r3,(5,2),3)", "at(r3,(4,1),5)", "at(r3,(3,1),6)", "at(r3,(2,1),7)", "at(r3,(1,2),9)", "at(r3,(1,3),10)", "at(r3,(1,4),11)", "at(r4,(4,1),2)", "at(r4,(5,1),1)", "at(r4,(3,1),3)", "at(r4,(2,1),4)", "at(r4,(1,2),6)", "at(r4,(1,3),7)", "at(r4,(1,4),8)", "at(r4,(2,5),10)", "at(r4,(3,5),11)", "at(r4,(4,5),12)"
          ],
          "Costs": [
            48
          ]
        },
        {
          "Value": [
            "edge((1,1),(1,2))", "edge((2,1),(2,2))", "edge((3,1),(3,2))", "edge((4,1),(4,2))", "edge((5,1),(5,2))", "edge((1,2),(1,3))", "edge((2,2),(2,3))", "edge((3,2),(3,3))", "edge((4,2),(4,3))", "edge((5,2),(5,3))", "edge((1,3),(1,4))", "edge((2,3),(2,4))", "edge((3,3),(3,4))", "edge((4,3),(4,4))", "edge((5,3),(5,4))", "edge((1,4),(1,5))", "edge((2,4),(2,5))", "edge((3,4),(3,5))", "edge((4,4),(4,5))", "edge((5,4),(5,5))", "edge((1,1),(2,1))", "edge((1,2),(2,2))", "edge((1,3),(2,3))", "edge((1,4),(2,4))", "edge((1,5),(2,5))", "edge((2,1),(3,1))", "edge((2,2),(3,2))", "edge((2,3),(3,3))", "edge((2,4),(3,4))", "edge((2,5),(3,5))", "edge((3,1),(4,1))", "edge((3,2),(4,2))", "edge((3,3),(4,3))", "edge((3,4),(4,4))", "edge((3,5),(4,5))", "edge((4,1),(5,1))", "edge((4,2),(5,2))", "edge((4,3),(5,3))", "edge((4,4),(5,4))", "edge((4,5),(5,5))", "edge((5,5),(4,5))", "edge((5,4),(4,4))", "edge((5,3),(4,3))", "edge((5,2),(4,2))", "edge((5,1),(4,1))", "edge((4,5),(3,5))", "edge((4,4),(3,4))", "edge((4,3),(3,3))", "edge((4,2),(3,2))", "edge((4,1),(3,1))", "edge((3,5),(2,5))", "edge((3,4),(2,4))", "edge((3,3),(2,3))", "edge((3,2),(2,2))", "edge((3,1),(2,1))", "edge((2,5),(1,5))", "edge((2,4),(1,4))", "edge((2,3),(1,3))", "edge((2,2),(1,2))", "edge((2,1),(1,1))", "edge((5,5),(5,4))", "edge((4,5),(4,4))", "edge((3,5),(3,4))", "edge((2,5),(2,4))", "edge((1,5),(1,4))", "edge((5,4),(5,3))", "edge((4,4),(4,3))", "edge((3,4),(3,3))", "edge((2,4),(2,3))", "edge((1,4),(1,3))", "edge((5,3),(5,2))", "edge((4,3),(4,2))", "edge((3,3),(3,2))", "edge((2,3),(2,2))", "edge((1,3),(1,2))", "edge((5,2),(5,1))", "edge((4,2),(4,1))", "edge((3,2),(3,1))", "edge((2,2),(2,1))", "edge((1,2),(1,1))", "at(r1,(1,1),0)", "at(r2,(1,5),0)", "at(r3,(5,5),0)", "at(r4,(5,1),0)", "job(j1,c1,12)", "job(j2,c2,12)", "job(j3,c3,12)", "job(j4,c4,13)", "operation(j1,1,(1,5))", "operation(j1,2,(5,5))", "operation(j1,3,(5,1))", "operation(j2,1,(5,5))", "operation(j2,2,(5,1))", "operation(j2,3,(1,1))", "operation(j3,1,(5,1))", "operation(j3,2,(1,1))", "operation(j3,3,(1,5))", "operation(j4,1,(1,1))", "operation(j4,2,(1,5))", "operation(j4,3,(5,5))", "robot(r1,c1,(1,1))", "robot(r2,c2,(1,5))", "robot(r3,c3,(5,5))", "robot(r4,c4,(5,1))", "assign(r1,j1,1)", "assign(r2,j2,1)", "assign(r3,j3,1)", "assign(r4,j4,1)", "at(r4,(1,1),4)", "at(r3,(5,1),4)", "at(r2,(5,5),4)", "at(r1,(1,5),4)", "at(r4,(1,5),8)", "at(r3,(1,1),8)", "at(r2,(5,1),8)", "at(r1,(5,5),8)", "at(r3,(1,5),12)", "at(r2,(1,1),12)", "at(r1,(5,1),12)", "at(r1,(5,1),13)", "at(r2,(1,1),13)", "at(r3,(1,5),13)", "at(r4,(5,5),13)", "at(r1,(1,2),1)", "at(r1,(1,3),2)", "at(r1,(1,4),3)", "at(r1,(2,5),5)", "at(r1,(3,5),6)", "at(r1,(4,5),7)", "at(r1,(5,4),9)", "at(r1,(5,3),10)", "at(r1,(5,2),11)", "at(r2,(2,5),1)", "at(r2,(3,5),2)", "at(r2,(4,5),3)", "at(r2,(5,4),5)", "at(r2,(5,3),6)", "at(r2,(5,2),7)", "at(r2,(4,1),9)", "at(r2,(3,1),10)", "at(r2,(2,1),11)", "at(r3,(5,3),2)", "at(r3,(5,4),1)", "at(r3,(5,2),3)", "at(r3,(4,1),5)", "at(r3,(3,1),6)", "at(r3,(2,1),7)", "at(r3,(1,2),9)", "at(r3,(1,3),10)", "at(r3,(1,4),11)", "at(r4,(3,1),2)", "at(r4,(4,1),1)", "at(r4,(2,1),3)", "at(r4,(1,2),5)", "at(r4,(1,3),6)", "at(r4,(1,4),7)", "at(r4,(2,5),9)", "at(r4,(3,5),10)", "at(r4,(3,5),11)", "at(r4,(4,5),12)"
          ],
          "Costs": [
            48
          ]
        },
        {
          "Value": [
            "edge((1,1),(1,2))", "edge((2,1),(2,2))", "edge((3,1),(3,2))", "edge((4,1),(4,2))", "edge((5,1),(5,2))", "edge((1,2),(1,3))", "edge((2,2),(2,3))", "edge((3,2),(3,3))", "edge((4,2),(4,3))", "edge((5,2),(5,3))", "edge((1,3),(1,4))", "edge((2,3),(2,4))", "edge((3,3),(3,4))", "edge((4,3),(4,4))", "edge((5,3),(5,4))", "edge((1,4),(1,5))", "edge((2,4),(2,5))", "edge((3,4),(3,5))", "edge((4,4),(4,5))", "edge((5,4),(5,5))", "edge((1,1),(2,1))", "edge((1,2),(2,2))", "edge((1,3),(2,3))", "edge((1,4),(2,4))", "edge((1,5),(2,5))", "edge((2,1),(3,1))", "edge((2,2),(3,2))", "edge((2,3),(3,3))", "edge((2,4),(3,4))", "edge((2,5),(3,5))", "edge((3,1),(4,1))", "edge((3,2),(4,2))", "edge((3,3),(4,3))", "edge((3,4),(4,4))", "edge((3,5),(4,5))", "edge((4,1),(5,1))", "edge((4,2),(5,2))", "edge((4,3),(5,3))", "edge((4,4),(5,4))", "edge((4,5),(5,5))", "edge((5,5),(4,5))", "edge((5,4),(4,4))", "edge((5,3),(4,3))", "edge((5,2),(4,2))", "edge((5,1),(4,1))", "edge((4,5),(3,5))", "edge((4,4),(3,4))", "edge((4,3),(3,3))", "edge((4,2),(3,2))", "edge((4,1),(3,1))", "edge((3,5),(2,5))", "edge((3,4),(2,4))", "edge((3,3),(2,3))", "edge((3,2),(2,2))", "edge((3,1),(2,1))", "edge((2,5),(1,5))", "edge((2,4),(1,4))", "edge((2,3),(1,3))", "edge((2,2),(1,2))", "edge((2,1),(1,1))", "edge((5,5),(5,4))", "edge((4,5),(4,4))", "edge((3,5),(3,4))", "edge((2,5),(2,4))", "edge((1,5),(1,4))", "edge((5,4),(5,3))", "edge((4,4),(4,3))", "edge((3,4),(3,3))", "edge((2,4),(2,3))", "edge((1,4),(1,3))", "edge((5,3),(5,2))", "edge((4,3),(4,2))", "edge((3,3),(3,2))", "edge((2,3),(2,2))", "edge((1,3),(1,2))", "edge((5,2),(5,1))", "edge((4,2),(4,1))", "edge((3,2),(3,1))", "edge((2,2),(2,1))", "edge((1,2),(1,1))", "at(r1,(1,1),0)", "at(r2,(1,5),0)", "at(r3,(5,5),0)", "at(r4,(5,1),0)", "job(j1,c1,12)", "job(j2,c2,12)", "job(j3,c3,12)", "job(j4,c4,13)", "operation(j1,1,(1,5))", "operation(j1,2,(5,5))", "operation(j1,3,(5,1))", "operation(j2,1,(5,5))", "operation(j2,2,(5,1))", "operation(j2,3,(1,1))", "operation(j3,1,(5,1))", "operation(j3,2,(1,1))", "operation(j3,3,(1,5))", "operation(j4,1,(1,1))", "operation(j4,2,(1,5))", "operation(j4,3,(5,5))", "robot(r1,c1,(1,1))", "robot(r2,c2,(1,5))", "robot(r3,c3,(5,5))", "robot(r4,c4,(5,1))", "assign(r1,j1,1)", "assign(r2,j2,1)", "assign(r3,j3,1)", "assign(r4,j4,1)", "at(r3,(5,1),4)", "at(r2,(5,5),4)", "at(r1,(1,5),4)", "at(r4,(1,1),5)", "at(r3,(1,1),8)", "at(r2,(5,1),8)", "at(r1,(5,5),8)", "at(r4,(1,5),9)", "at(r3,(1,5),12)", "at(r2,(1,1),12)", "at(r1,(5,1),12)", "at(r1,(5,1),13)", "at(r2,(1,1),13)", "at(r3,(1,5),13)", "at(r4,(5,5),13)", "at(r1,(1,2),1)", "at(r1,(1,3),2)", "at(r1,(1,4),3)", "at(r1,(2,5),5)", "at(r1,(3,5),6)", "at(r1,(4,5),7)", "at(r1,(5,4),9)", "at(r1,(5,3),10)", "at(r1,(5,2),11)", "at(r2,(2,5),1)", "at(r2,(3,5),2)", "at(r2,(4,5),3)", "at(r2,(5,4),5)", "at(r2,(5,3),6)", "at(r2,(5,2),7)", "at(r2,(4,1),9)", "at(r2,(3,1),10)", "at(r2,(2,1),11)", "at(r3,(5,3),2)", "at(r3,(5,4),1)", "at(r3,(5,2),3)", "at(r3,(4,1),5)", "at(r3,(3,1),6)", "at(r3,(2,1),7)", "at(r3,(1,2),9)", "at(r3,(1,3),10)", "at(r3,(1,4),11)", "at(r4,(4,1),1)", "at(r4,(4,1),2)", "at(r4,(3,1),3)", "at(r4,(2,1),4)", "at(r4,(1,2),6)", "at(r4,(1,3),7)", "at(r4,(1,4),8)", "at(r4,(2,5),10)", "at(r4,(3,5),11)", "at(r4,(4,5),12)"
          ],
          "Costs": [
            48
          ]
        },
        {
          "Value": [
            "edge((1,1),(1,2))", "edge((2,1),(2,2))", "edge((3,1),(3,2))", "edge((4,1),(4,2))", "edge((5,1),(5,2))", "edge((1,2),(1,3))", "edge((2,2),(2,3))", "edge((3,2),(3,3))", "edge((4,2),(4,3))", "edge((5,2),(5,3))", "edge((1,3),(1,4))", "edge((2,3),(2,4))", "edge((3,3),(3,4))", "edge((4,3),(4,4))", "edge((5,3),(5,4))", "edge((1,4),(1,5))", "edge((2,4),(2,5))", "edge((3,4),(3,5))", "edge((4,4),(4,5))", "edge((5,4),(5,5))", "edge((1,1),(2,1))", "edge((1,2),(2,2))", "edge((1,3),(2,3))", "edge((1,4),(2,4))", "edge((1,5),(2,5))", "edge((2,1),(3,1))", "edge((2,2),(3,2))", "edge((2,3),(3,3))", "edge((2,4),(3,4))", "edge((2,5),(3,5))", "edge((3,1),(4,1))", "edge((3,2),(4,2))", "edge((3,3),(4,3))", "edge((3,4),(4,4))", "edge((3,5),(4,5))", "edge((4,1),(5,1))", "edge((4,2),(5,2))", "edge((4,3),(5,3))", "edge((4,4),(5,4))", "edge((4,5),(5,5))", "edge((5,5),(4,5))", "edge((5,4),(4,4))", "edge((5,3),(4,3))", "edge((5,2),(4,2))", "edge((5,1),(4,1))", "edge((4,5),(3,5))", "edge((4,4),(3,4))", "edge((4,3),(3,3))", "edge((4,2),(3,2))", "edge((4,1),(3,1))", "edge((3,5),(2,5))", "edge((3,4),(2,4))", "edge((3,3),(2,3))", "edge((3,2),(2,2))", "edge((3,1),(2,1))", "edge((2,5),(1,5))", "edge((2,4),(1,4))", "edge((2,3),(1,3))", "edge((2,2),(1,2))", "edge((2,1),(1,1))", "edge((5,5),(5,4))", "edge((4,5),(4,4))", "edge((3,5),(3,4))", "edge((2,5),(2,4))", "edge((1,5),(1,4))", "edge((5,4),(5,3))", "edge((4,4),(4,3))", "edge((3,4),(3,3))", "edge((2,4),(2,3))", "edge((1,4),(1,3))", "edge((5,3),(5,2))", "edge((4,3),(4,2))", "edge((3,3),(3,2))", "edge((2,3),(2,2))", "edge((1,3),(1,2))", "edge((5,2),(5,1))", "edge((4,2),(4,1))", "edge((3,2),(3,1))", "edge((2,2),(2,1))", "edge((1,2),(1,1))", "at(r1,(1,1),0)", "at(r2,(1,5),0)", "at(r3,(5,5),0)", "at(r4,(5,1),0)", "job(j1,c1,12)", "job(j2,c2,12)", "job(j3,c3,12)", "job(j4,c4,13)", "operation(j1,1,(1,5))", "operation(j1,2,(5,5))", "operation(j1,3,(5,1))", "operation(j2,1,(5,5))", "operation(j2,2,(5,1))", "operation(j2,3,(1,1))", "operation(j3,1,(5,1))", "operation(j3,2,(1,1))", "operation(j3,3,(1,5))", "operation(j4,1,(1,1))", "operation(j4,2,(1,5))", "operation(j4,3,(5,5))", "robot(r1,c1,(1,1))", "robot(r2,c2,(1,5))", "robot(r3,c3,(5,5))", "robot(r4,c4,(5,1))", "assign(r1,j1,1)", "assign(r2,j2,1)", "assign(r3,j3,1)", "assign(r4,j4,1)", "at(r4,(1,1),4)", "at(r3,(5,1),4)", "at(r2,(5,5),4)", "at(r1,(1,5),4)", "at(r4,(1,5),8)", "at(r3,(1,1),8)", "at(r2,(5,1),8)", "at(r1,(5,5),8)", "at(r4,(1,5),9)", "at(r3,(1,5),12)", "at(r2,(1,1),12)", "at(r1,(5,1),12)", "at(r1,(5,1),13)", "at(r2,(1,1),13)", "at(r3,(1,5),13)", "at(r4,(5,5),13)", "at(r1,(1,2),1)", "at(r1,(1,3),2)", "at(r1,(1,4),3)", "at(r1,(2,5),5)", "at(r1,(3,5),6)", "at(r1,(4,5),7)", "at(r1,(5,4),9)", "at(r1,(5,3),10)", "at(r1,(5,2),11)", "at(r2,(2,5),1)", "at(r2,(3,5),2)", "at(r2,(4,5),3)", "at(r2,(5,4),5)", "at(r2,(5,3),6)", "at(r2,(5,2),7)", "at(r2,(4,1),9)", "at(r2,(3,1),10)", "at(r2,(2,1),11)", "at(r3,(5,3),2)", "at(r3,(5,4),1)", "at(r3,(5,2),3)", "at(r3,(4,1),5)", "at(r3,(3,1),6)", "at(r3,(2,1),7)", "at(r3,(1,2),9)", "at(r3,(1,3),10)", "at(r3,(1,4),11)", "at(r4,(3,1),2)", "at(r4,(4,1),1)", "at(r4,(2,1),3)", "at(r4,(1,2),5)", "at(r4,(1,3),6)", "at(r4,(1,4),7)", "at(r4,(2,5),10)", "at(r4,(3,5),11)", "at(r4,(4,5),12)"
          ],
          "Costs": [
            48
          ]
        },
        {
          "Value": [
            "edge((1,1),(1,2))", "edge((2,1),(2,2))", "edge((3,1),(3,2))", "edge((4,1),(4,2))", "edge((5,1),(5,2))", "edge((1,2),(1,3))", "edge((2,2),(2,3))", "edge((3,2),(3,3))", "edge((4,2),(4,3))", "edge((5,2),(5,3))", "edge((1,3),(1,4))", "edge((2,3),(2,4))", "edge((3,3),(3,4))", "edge((4,3),(4,4))", "edge((5,3),(5,4))", "edge((1,4),(1,5))", "edge((2,4),(2,5))", "edge((3,4),(3,5))", "edge((4,4),(4,5))", "edge((5,4),(5,5))", "edge((1,1),(2,1))", "edge((1,2),(2,2))", "edge((1,3),(2,3))", "edge((1,4),(2,4))", "edge((1,5),(2,5))", "edge((2,1),(3,1))", "edge((2,2),(3,2))", "edge((2,3),(3,3))", "edge((2,4),(3,4))", "edge((2,5),(3,5))", "edge((3,1),(4,1))", "edge((3,2),(4,2))", "edge((3,3),(4,3))", "edge((3,4),(4,4))", "edge((3,5),(4,5))", "edge((4,1),(5,1))", "edge((4,2),(5,2))", "edge((4,3),(5,3))", "edge((4,4),(5,4))", "edge((4,5),(5,5))", "edge((5,5),(4,5))", "edge((5,4),(4,4))", "edge((5,3),(4,3))", "edge((5,2),(4,2))", "edge((5,1),(4,1))", "edge((4,5),(3,5))", "edge((4,4),(3,4))", "edge((4,3),(3,3))", "edge((4,2),(3,2))", "edge((4,1),(3,1))", "edge((3,5),(2,5))", "edge((3,4),(2,4))", "edge((3,3),(2,3))", "edge((3,2),(2,2))", "edge((3,1),(2,1))", "edge((2,5),(1,5))", "edge((2,4),(1,4))", "edge((2,3),(1,3))", "edge((2,2),(1,2))", "edge((2,1),(1,1))", "edge((5,5),(5,4))", "edge((4,5),(4,4))", "edge((3,5),(3,4))", "edge((2,5),(2,4))", "edge((1,5),(1,4))", "edge((5,4),(5,3))", "edge((4,4),(4,3))", "edge((3,4),(3,3))", "edge((2,4),(2,3))", "edge((1,4),(1,3))", "edge((5,3),(5,2))", "edge((4,3),(4,2))", "edge((3,3),(3,2))", "edge((2,3),(2,2))", "edge((1,3),(1,2))", "edge((5,2),(5,1))", "edge((4,2),(4,1))", "edge((3,2),(3,1))", "edge((2,2),(2,1))", "edge((1,2),(1,1))", "at(r1,(1,1),0)", "at(r2,(1,5),0)", "at(r3,(5,5),0)", "at(r4,(5,1),0)", "job(j1,c1,12)", "job(j2,c2,12)", "job(j3,c3,12)", "job(j4,c4,13)", "operation(j1,1,(1,5))", "operation(j1,2,(5,5))", "operation(j1,3,(5,1))", "operation(j2,1,(5,5))", "operation(j2,2,(5,1))", "operation(j2,3,(1,1))", "operation(j3,1,(5,1))", "operation(j3,2,(1,1))", "operation(j3,3,(1,5))", "operation(j4,1,(1,1))", "operation(j4,2,(1,5))", "operation(j4,3,(5,5))", "robot(r1,c1,(1,1))", "robot(r2,c2,(1,5))", "robot(r3,c3,(5,5))", "robot(r4,c4,(5,1))", "assign(r1,j1,1)", "assign(r2,j2,1)", "assign(r3,j3,1)", "assign(r4,j4,1)", "at(r3,(5,1),4)", "at(r2,(5,5),4)", "at(r1,(1,5),4)", "at(r4,(1,1),5)", "at(r3,(1,1),8)", "at(r2,(5,1),8)", "at(r1,(5,5),8)", "at(r4,(1,5),9)", "at(r3,(1,5),12)", "at(r2,(1,1),12)", "at(r1,(5,1),12)", "at(r1,(5,1),13)", "at(r2,(1,1),13)", "at(r3,(1,5),13)", "at(r4,(5,5),13)", "at(r1,(1,2),1)", "at(r1,(1,3),2)", "at(r1,(1,4),3)", "at(r1,(2,5),5)", "at(r1,(3,5),6)", "at(r1,(4,5),7)", "at(r1,(5,4),9)", "at(r1,(5,3),10)", "at(r1,(5,2),11)", "at(r2,(2,5),1)", "at(r2,(3,5),2)", "at(r2,(4,5),3)", "at(r2,(5,4),5)", "at(r2,(5,3),6)", "at(r2,(5,2),7)", "at(r2,(4,1),9)", "at(r2,(3,1),10)", "at(r2,(2,1),11)", "at(r3,(5,3),2)", "at(r3,(5,4),1)", "at(r3,(5,2),3)", "at(r3,(4,1),5)", "at(r3,(3,1),6)", "at(r3,(2,1),7)", "at(r3,(1,2),9)", "at(r3,(1,3),10)", "at(r3,(1,4),11)", "at(r4,(3,1),2)", "at(r4,(4,1),1)", "at(r4,(3,1),3)", "at(r4,(2,1),4)", "at(r4,(1,2),6)", "at(r4,(1,3),7)", "at(r4,(1,4),8)", "at(r4,(2,5),10)", "at(r4,(3,5),11)", "at(r4,(4,5),12)"
          ],
          "Costs": [
            48
          ]
        },
        {
          "Value": [
            "edge((1,1),(1,2))", "edge((2,1),(2,2))", "edge((3,1),(3,2))", "edge((4,1),(4,2))", "edge((5,1),(5,2))", "edge((1,2),(1,3))", "edge((2,2),(2,3))", "edge((3,2),(3,3))", "edge((4,2),(4,3))", "edge((5,2),(5,3))", "edge((1,3),(1,4))", "edge((2,3),(2,4))", "edge((3,3),(3,4))", "edge((4,3),(4,4))", "edge((5,3),(5,4))", "edge((1,4),(1,5))", "edge((2,4),(2,5))", "edge((3,4),(3,5))", "edge((4,4),(4,5))", "edge((5,4),(5,5))", "edge((1,1),(2,1))", "edge((1,2),(2,2))", "edge((1,3),(2,3))", "edge((1,4),(2,4))", "edge((1,5),(2,5))", "edge((2,1),(3,1))", "edge((2,2),(3,2))", "edge((2,3),(3,3))", "edge((2,4),(3,4))", "edge((2,5),(3,5))", "edge((3,1),(4,1))", "edge((3,2),(4,2))", "edge((3,3),(4,3))", "edge((3,4),(4,4))", "edge((3,5),(4,5))", "edge((4,1),(5,1))", "edge((4,2),(5,2))", "edge((4,3),(5,3))", "edge((4,4),(5,4))", "edge((4,5),(5,5))", "edge((5,5),(4,5))", "edge((5,4),(4,4))", "edge((5,3),(4,3))", "edge((5,2),(4,2))", "edge((5,1),(4,1))", "edge((4,5),(3,5))", "edge((4,4),(3,4))", "edge((4,3),(3,3))", "edge((4,2),(3,2))", "edge((4,1),(3,1))", "edge((3,5),(2,5))", "edge((3,4),(2,4))", "edge((3,3),(2,3))", "edge((3,2),(2,2))", "edge((3,1),(2,1))", "edge((2,5),(1,5))", "edge((2,4),(1,4))", "edge((2,3),(1,3))", "edge((2,2),(1,2))", "edge((2,1),(1,1))", "edge((5,5),(5,4))", "edge((4,5),(4,4))", "edge((3,5),(3,4))", "edge((2,5),(2,4))", "edge((1,5),(1,4))", "edge((5,4),(5,3))", "edge((4,4),(4,3))", "edge((3,4),(3,3))", "edge((2,4),(2,3))", "edge((1,4),(1,3))", "edge((5,3),(5,2))", "edge((4,3),(4,2))", "edge((3,3),(3,2))", "edge((2,3),(2,2))", "edge((1,3),(1,2))", "edge((5,2),(5,1))", "edge((4,2),(4,1))", "edge((3,2),(3,1))", "edge((2,2),(2,1))", "edge((1,2),(1,1))", "at(r1,(1,1),0)", "at(r2,(1,5),0)", "at(r3,(5,5),0)", "at(r4,(5,1),0)", "job(j1,c1,12)", "job(j2,c2,12)", "job(j3,c3,12)", "job(j4,c4,13)", "operation(j1,1,(1,5))", "operation(j1,2,(5,5))", "operation(j1,3,(5,1))", "operation(j2,1,(5,5))", "operation(j2,2,(5,1))", "operation(j2,3,(1,1))", "operation(j3,1,(5,1))", "operation(j3,2,(1,1))", "operation(j3,3,(1,5))", "operation(j4,1,(1,1))", "operation(j4,2,(1,5))", "operation(j4,3,(5,5))", "robot(r1,c1,(1,1))", "robot(r2,c2,(1,5))", "robot(r3,c3,(5,5))", "robot(r4,c4,(5,1))", "assign(r1,j1,1)", "assign(r2,j2,1)", "assign(r3,j3,1)", "assign(r4,j4,1)", "at(r4,(1,1),4)", "at(r3,(5,1),4)", "at(r2,(5,5),4)", "at(r1,(1,5),4)", "at(r4,(1,5),8)", "at(r3,(1,1),8)", "at(r2,(5,1),8)", "at(r1,(5,5),8)", "at(r4,(5,5),12)", "at(r3,(1,5),12)", "at(r2,(1,1),12)", "at(r1,(5,1),12)", "at(r1,(5,1),13)", "at(r2,(1,1),13)", "at(r3,(1,5),13)", "at(r4,(5,5),13)", "at(r1,(1,2),1)", "at(r1,(1,3),2)", "at(r1,(1,4),3)", "at(r1,(2,5),5)", "at(r1,(3,5),6)", "at(r1,(4,5),7)", "at(r1,(5,4),9)", "at(r1,(5,3),10)", "at(r1,(5,2),11)", "at(r2,(2,5),1)", "at(r2,(3,5),2)", "at(r2,(4,5),3)", "at(r2,(5,4),5)", "at(r2,(5,3),6)", "at(r2,(5,2),7)", "at(r2,(4,1),9)", "at(r2,(3,1),10)", "at(r2,(2,1),11)", "at(r3,(5,3),2)", "at(r3,(5,4),1)", "at(r3,(5,2),3)", "at(r3,(4,1),5)", "at(r3,(3,1),6)", "at(r3,(2,1),7)", "at(r3,(1,2),9)", "at(r3,(1,3),10)", "at(r3,(1,4),11)", "at(r4,(3,1),2)", "at(r4,(4,1),1)", "at(r4,(2,1),3)", "at(r4,(1,2),5)", "at(r4,(1,3),6)", "at(r4,(1,4),7)", "at(r4,(2,5),9)", "at(r4,(3,5),10)", "at(r4,(4,5),11)"
          ],
          "Costs": [
            48
          ]
        },
        {
          "Value": [
            "edge((1,1),(1,2))", "edge((2,1),(2,2))", "edge((3,1),(3,2))", "edge((4,1),(4,2))", "edge((5,1),(5,2))", "edge((1,2),(1,3))", "edge((2,2),(2,3))", "edge((3,2),(3,3))", "edge((4,2),(4,3))", "edge((5,2),(5,3))", "edge((1,3),(1,4))", "edge((2,3),(2,4))", "edge((3,3),(3,4))", "edge((4,3),(4,4))", "edge((5,3),(5,4))", "edge((1,4),(1,5))", "edge((2,4),(2,5))", "edge((3,4),(3,5))", "edge((4,4),(4,5))", "edge((5,4),(5,5))", "edge((1,1),(2,1))", "edge((1,2),(2,2))", "edge((1,3),(2,3))", "edge((1,4),(2,4))", "edge((1,5),(2,5))", "edge((2,1),(3,1))", "edge((2,2),(3,2))", "edge((2,3),(3,3))", "edge((2,4),(3,4))", "edge((2,5),(3,5))", "edge((3,1),(4,1))", "edge((3,2),(4,2))", "edge((3,3),(4,3))", "edge((3,4),(4,4))", "edge((3,5),(4,5))", "edge((4,1),(5,1))", "edge((4,2),(5,2))", "edge((4,3),(5,3))", "edge((4,4),(5,4))", "edge((4,5),(5,5))", "edge((5,5),(4,5))", "edge((5,4),(4,4))", "edge((5,3),(4,3))", "edge((5,2),(4,2))", "edge((5,1),(4,1))", "edge((4,5),(3,5))", "edge((4,4),(3,4))", "edge((4,3),(3,3))", "edge((4,2),(3,2))", "edge((4,1),(3,1))", "edge((3,5),(2,5))", "edge((3,4),(2,4))", "edge((3,3),(2,3))", "edge((3,2),(2,2))", "edge((3,1),(2,1))", "edge((2,5),(1,5))", "edge((2,4),(1,4))", "edge((2,3),(1,3))", "edge((2,2),(1,2))", "edge((2,1),(1,1))", "edge((5,5),(5,4))", "edge((4,5),(4,4))", "edge((3,5),(3,4))", "edge((2,5),(2,4))", "edge((1,5),(1,4))", "edge((5,4),(5,3))", "edge((4,4),(4,3))", "edge((3,4),(3,3))", "edge((2,4),(2,3))", "edge((1,4),(1,3))", "edge((5,3),(5,2))", "edge((4,3),(4,2))", "edge((3,3),(3,2))", "edge((2,3),(2,2))", "edge((1,3),(1,2))", "edge((5,2),(5,1))", "edge((4,2),(4,1))", "edge((3,2),(3,1))", "edge((2,2),(2,1))", "edge((1,2),(1,1))", "at(r1,(1,1),0)", "at(r2,(1,5),0)", "at(r3,(5,5),0)", "at(r4,(5,1),0)", "job(j1,c1,12)", "job(j2,c2,12)", "job(j3,c3,12)", "job(j4,c4,13)", "operation(j1,1,(1,5))", "operation(j1,2,(5,5))", "operation(j1,3,(5,1))", "operation(j2,1,(5,5))", "operation(j2,2,(5,1))", "operation(j2,3,(1,1))", "operation(j3,1,(5,1))", "operation(j3,2,(1,1))", "operation(j3,3,(1,5))", "operation(j4,1,(1,1))", "operation(j4,2,(1,5))", "operation(j4,3,(5,5))", "robot(r1,c1,(1,1))", "robot(r2,c2,(1,5))", "robot(r3,c3,(5,5))", "robot(r4,c4,(5,1))", "assign(r1,j1,1)", "assign(r2,j2,1)", "assign(r3,j3,1)", "assign(r4,j4,1)", "at(r4,(1,1),4)", "at(r3,(5,1),4)", "at(r2,(5,5),4)", "at(r1,(1,5),4)", "at(r4,(1,1),5)", "at(r3,(1,1),8)", "at(r2,(5,1),8)", "at(r1,(5,5),8)", "at(r4,(1,5),9)", "at(r3,(1,5),12)", "at(r2,(1,1),12)", "at(r1,(5,1),12)", "at(r1,(5,1),13)", "at(r2,(1,1),13)", "at(r3,(1,5),13)", "at(r4,(5,5),13)", "at(r1,(1,2),1)", "at(r1,(1,3),2)", "at(r1,(1,4),3)", "at(r1,(2,5),5)", "at(r1,(3,5),6)", "at(r1,(4,5),7)", "at(r1,(5,4),9)", "at(r1,(5,3),10)", "at(r1,(5,2),11)", "at(r2,(2,5),1)", "at(r2,(3,5),2)", "at(r2,(4,5),3)", "at(r2,(5,4),5)", "at(r2,(5,3),6)", "at(r2,(5,2),7)", "at(r2,(4,1),9)", "at(r2,(3,1),10)", "at(r2,(2,1),11)", "at(r3,(5,3),2)", "at(r3,(5,4),1)", "at(r3,(5,2),3)", "at(r3,(4,1),5)", "at(r3,(3,1),6)", "at(r3,(2,1),7)", "at(r3,(1,2),9)", "at(r3,(1,3),10)", "at(r3,(1,4),11)", "at(r4,(3,1),2)", "at(r4,(4,1),1)", "at(r4,(2,1),3)", "at(r4,(1,2),6)", "at(r4,(1,3),7)", "at(r4,(1,4),8)", "at(r4,(2,5),10)", "at(r4,(3,5),11)", "at(r4,(4,5),12)"
          ],
          "Costs": [
            48
          ]
        },
        {
          "Value": [
            "edge((1,1),(1,2))", "edge((2,1),(2,2))", "edge((3,1),(3,2))", "edge((4,1),(4,2))", "edge((5,1),(5,2))", "edge((1,2),(1,3))", "edge((2,2),(2,3))", "edge((3,2),(3,3))", "edge((4,2),(4,3))", "edge((5,2),(5,3))", "edge((1,3),(1,4))", "edge((2,3),(2,4))", "edge((3,3),(3,4))", "edge((4,3),(4,4))", "edge((5,3),(5,4))", "edge((1,4),(1,5))", "edge((2,4),(2,5))", "edge((3,4),(3,5))", "edge((4,4),(4,5))", "edge((5,4),(5,5))", "edge((1,1),(2,1))", "edge((1,2),(2,2))", "edge((1,3),(2,3))", "edge((1,4),(2,4))", "edge((1,5),(2,5))", "edge((2,1),(3,1))", "edge((2,2),(3,2))", "edge((2,3),(3,3))", "edge((2,4),(3,4))", "edge((2,5),(3,5))", "edge((3,1),(4,1))", "edge((3,2),(4,2))", "edge((3,3),(4,3))", "edge((3,4),(4,4))", "edge((3,5),(4,5))", "edge((4,1),(5,1))", "edge((4,2),(5,2))", "edge((4,3),(5,3))", "edge((4,4),(5,4))", "edge((4,5),(5,5))", "edge((5,5),(4,5))", "edge((5,4),(4,4))", "edge((5,3),(4,3))", "edge((5,2),(4,2))", "edge((5,1),(4,1))", "edge((4,5),(3,5))", "edge((4,4),(3,4))", "edge((4,3),(3,3))", "edge((4,2),(3,2))", "edge((4,1),(3,1))", "edge((3,5),(2,5))", "edge((3,4),(2,4))", "edge((3,3),(2,3))", "edge((3,2),(2,2))", "edge((3,1),(2,1))", "edge((2,5),(1,5))", "edge((2,4),(1,4))", "edge((2,3),(1,3))", "edge((2,2),(1,2))", "edge((2,1),(1,1))", "edge((5,5),(5,4))", "edge((4,5),(4,4))", "edge((3,5),(3,4))", "edge((2,5),(2,4))", "edge((1,5),(1,4))", "edge((5,4),(5,3))", "edge((4,4),(4,3))", "edge((3,4),(3,3))", "edge((2,4),(2,3))", "edge((1,4),(1,3))", "edge((5,3),(5,2))", "edge((4,3),(4,2))", "edge((3,3),(3,2))", "edge((2,3),(2,2))", "edge((1,3),(1,2))", "edge((5,2),(5,1))", "edge((4,2),(4,1))", "edge((3,2),(3,1))", "edge((2,2),(2,1))", "edge((1,2),(1,1))", "at(r1,(1,1),0)", "at(r2,(1,5),0)", "at(r3,(5,5),0)", "at(r4,(5,1),0)", "job(j1,c1,12)", "job(j2,c2,12)", "job(j3,c3,12)", "job(j4,c4,13)", "operation(j1,1,(1,5))", "operation(j1,2,(5,5))", "operation(j1,3,(5,1))", "operation(j2,1,(5,5))", "operation(j2,2,(5,1))", "operation(j2,3,(1,1))", "operation(j3,1,(5,1))", "operation(j3,2,(1,1))", "operation(j3,3,(1,5))", "operation(j4,1,(1,1))", "operation(j4,2,(1,5))", "operation(j4,3,(5,5))", "robot(r1,c1,(1,1))", "robot(r2,c2,(1,5))", "robot(r3,c3,(5,5))", "robot(r4,c4,(5,1))", "assign(r1,j1,1)", "assign(r2,j2,1)", "assign(r3,j3,1)", "assign(r4,j4,1)", "at(r4,(1,1),4)", "at(r3,(5,1),4)", "at(r2,(5,5),4)", "at(r1,(1,5),4)", "at(r3,(1,1),8)", "at(r2,(5,1),8)", "at(r1,(5,5),8)", "at(r4,(1,5),9)", "at(r3,(1,5),12)", "at(r2,(1,1),12)", "at(r1,(5,1),12)", "at(r1,(5,1),13)", "at(r2,(1,1),13)", "at(r3,(1,5),13)", "at(r4,(5,5),13)", "at(r1,(1,2),1)", "at(r1,(1,3),2)", "at(r1,(1,4),3)", "at(r1,(2,5),5)", "at(r1,(3,5),6)", "at(r1,(4,5),7)", "at(r1,(5,4),9)", "at(r1,(5,3),10)", "at(r1,(5,2),11)", "at(r2,(2,5),1)", "at(r2,(3,5),2)", "at(r2,(4,5),3)", "at(r2,(5,4),5)", "at(r2,(5,3),6)", "at(r2,(5,2),7)", "at(r2,(4,1),9)", "at(r2,(3,1),10)", "at(r2,(2,1),11)", "at(r3,(5,3),2)", "at(r3,(5,4),1)", "at(r3,(5,2),3)", "at(r3,(4,1),5)", "at(r3,(3,1),6)", "at(r3,(2,1),7)", "at(r3,(1,2),9)", "at(r3,(1,3),10)", "at(r3,(1,4),11)", "at(r4,(3,1),2)", "at(r4,(4,1),1)", "at(r4,(2,1),3)", "at(r4,(1,2),5)", "at(r4,(1,3),6)", "at(r4,(1,3),7)", "at(r4,(1,4),8)", "at(r4,(2,5),10)", "at(r4,(3,5),11)", "at(r4,(4,5),12)"
          ],
          "Costs": [
            48
          ]
        }
      ]
    }
  ],
  "Result": "OPTIMUM FOUND",
  "Models": {
    "Number": 14,
    "More": "no",
    "Optimum": "yes",
    "Optimal": 13,
    "Costs": [
      48
    ]
  },
  "Calls": 1,
  "Time": {
    "Total": 0.028,
    "Solve": 0.006,
    "Model": 0.003,
    "Unsat": 0.001,
    "CPU": 0.041
  },
  "Threads": 4,
  "Winner": 2
}
