{
  "Solver": "clingo version 5.6.2",
  "Input": [
    "myrobots.lp","instances/simple-04.lp","viz_show.lp"
  ],
  "Call": [
    {
      "Witnesses": [
        {
          "Value": [
            "edge(1,2)", "edge(2,3)", "edge(3,4)", "edge(4,5)", "edge(5,6)", "edge(6,7)", "edge(7,8)", "edge(8,7)", "edge(7,6)", "edge(6,5)", "edge(5,4)", "edge(4,3)", "edge(3,2)", "edge(2,1)", "at(r1,1,0)", "at(r2,5,0)", "job(j1,c1,3)", "job(j2,c1,10)", "job(j3,c1,3)", "job(j4,c1,10)", "operation(j1,1,3)", "operation(j1,2,4)", "operation(j2,1,4)", "operation(j2,2,1)", "operation(j2,3,4)", "operation(j3,1,7)", "operation(j3,2,8)", "operation(j4,1,8)", "operation(j4,2,5)", "operation(j4,3,8)", "robot(r1,c1,1)", "robot(r2,c1,5)", "assign(r1,j1,1)", "assign(r2,j3,1)", "assign(r1,j2,2)", "assign(r2,j4,2)", "at(r2,7,2)", "at(r1,3,2)", "at(r1,4,3)", "at(r2,8,3)", "at(r2,8,4)", "at(r1,4,4)", "at(r1,3,5)", "at(r2,7,5)", "at(r1,1,7)", "at(r2,5,7)", "at(r1,3,9)", "at(r2,7,9)", "at(r2,8,10)", "at(r1,4,10)", "at(r1,2,1)", "at(r1,2,6)", "at(r1,2,8)", "at(r2,6,1)", "at(r2,6,6)", "at(r2,6,8)"
          ],
          "Costs": [
            18
          ]
        }
      ]
    }
  ],
  "Result": "OPTIMUM FOUND",
  "Models": {
    "Number": 2,
    "More": "no",
    "Optimum": "yes",
    "Optimal": 1,
    "Costs": [
      18
    ]
  },
  "Calls": 1,
  "Time": {
    "Total": 0.006,
    "Solve": 0.001,
    "Model": 0.000,
    "Unsat": 0.000,
    "CPU": 0.007
  },
  "Threads": 4,
  "Winner": 0
}
