{
  "Solver": "clingo version 5.6.2",
  "Input": [
    "myrobots.lp","instances/simple-02.lp","viz_show.lp"
  ],
  "Call": [
    {
      "Witnesses": [
        {
          "Value": [
            "edge(1,2)", "edge(2,3)", "edge(3,4)", "edge(4,3)", "edge(3,2)", "edge(2,1)", "at(r1,1,0)", "job(j1,c1,3)", "operation(j1,1,3)", "operation(j1,2,4)", "robot(r1,c1,1)", "assign(r1,j1,1)", "at(r1,3,2)", "at(r1,4,3)", "at(r1,2,1)"
          ],
          "Costs": [
            3
          ]
        }
      ]
    }
  ],
  "Result": "OPTIMUM FOUND",
  "Models": {
    "Number": 2,
    "More": "no",
    "Optimum": "yes",
    "Optimal": 1,
    "Costs": [
      3
    ]
  },
  "Calls": 1,
  "Time": {
    "Total": 0.002,
    "Solve": 0.000,
    "Model": 0.000,
    "Unsat": 0.000,
    "CPU": 0.002
  },
  "Threads": 4,
  "Winner": 3
}
