{
  "Solver": "clingo version 5.6.2",
  "Input": [
    "myrobots.lp","instances/stop-02.lp","viz_show.lp"
  ],
  "Call": [
    {
      "Witnesses": [
        {
          "Value": [
            "edge(11,1)", "edge(12,1)", "edge(1,2)", "edge(2,3)", "edge(3,2)", "edge(2,1)", "edge(1,12)", "edge(1,11)", "at(r1,11,0)", "at(r2,12,0)", "job(j11,c1,5)", "job(j12,c1,8)", "job(j21,c2,6)", "job(j22,c2,9)", "operation(j11,1,1)", "operation(j11,2,1)", "operation(j12,1,1)", "operation(j12,2,2)", "operation(j12,3,2)", "operation(j21,1,1)", "operation(j21,2,1)", "operation(j22,1,1)", "operation(j22,2,2)", "operation(j22,3,2)", "robot(r1,c1,11)", "robot(r2,c2,12)", "assign(r1,j11,1)", "assign(r2,j21,1)", "assign(r1,j12,2)", "assign(r2,j22,2)", "at(r2,1,1)", "at(r2,1,2)", "at(r2,1,3)", "at(r1,1,4)", "at(r2,2,4)", "at(r1,1,5)", "at(r2,2,5)", "at(r1,1,6)", "at(r2,2,6)", "at(r1,2,7)", "at(r1,2,8)", "at(r1,2,9)", "at(r1,11,1)", "at(r1,11,2)", "at(r1,11,3)", "at(r2,3,7)", "at(r2,3,8)", "at(r2,3,9)"
          ],
          "Costs": [
            5
          ]
        },
        {
          "Value": [
            "edge(11,1)", "edge(12,1)", "edge(1,2)", "edge(2,3)", "edge(3,2)", "edge(2,1)", "edge(1,12)", "edge(1,11)", "at(r1,11,0)", "at(r2,12,0)", "job(j11,c1,5)", "job(j12,c1,8)", "job(j21,c2,6)", "job(j22,c2,9)", "operation(j11,1,1)", "operation(j11,2,1)", "operation(j12,1,1)", "operation(j12,2,2)", "operation(j12,3,2)", "operation(j21,1,1)", "operation(j21,2,1)", "operation(j22,1,1)", "operation(j22,2,2)", "operation(j22,3,2)", "robot(r1,c1,11)", "robot(r2,c2,12)", "assign(r1,j11,1)", "assign(r2,j21,1)", "assign(r1,j12,2)", "assign(r2,j22,2)", "at(r2,1,1)", "at(r2,1,2)", "at(r2,1,3)", "at(r1,1,4)", "at(r2,2,4)", "at(r1,1,5)", "at(r2,2,5)", "at(r1,1,6)", "at(r1,2,7)", "at(r1,2,8)", "at(r1,2,9)", "at(r1,11,1)", "at(r1,11,2)", "at(r1,11,3)", "at(r2,3,6)", "at(r2,3,7)", "at(r2,3,8)", "at(r2,3,9)"
          ],
          "Costs": [
            5
          ]
        },
        {
          "Value": [
            "edge(11,1)", "edge(12,1)", "edge(1,2)", "edge(2,3)", "edge(3,2)", "edge(2,1)", "edge(1,12)", "edge(1,11)", "at(r1,11,0)", "at(r2,12,0)", "job(j11,c1,5)", "job(j12,c1,8)", "job(j21,c2,6)", "job(j22,c2,9)", "operation(j11,1,1)", "operation(j11,2,1)", "operation(j12,1,1)", "operation(j12,2,2)", "operation(j12,3,2)", "operation(j21,1,1)", "operation(j21,2,1)", "operation(j22,1,1)", "operation(j22,2,2)", "operation(j22,3,2)", "robot(r1,c1,11)", "robot(r2,c2,12)", "assign(r1,j11,1)", "assign(r2,j21,1)", "assign(r1,j12,2)", "assign(r2,j22,2)", "at(r1,1,2)", "at(r1,1,3)", "at(r1,1,4)", "at(r2,1,5)", "at(r1,2,5)", "at(r2,1,6)", "at(r1,2,6)", "at(r2,1,7)", "at(r1,2,7)", "at(r2,2,8)", "at(r2,2,9)", "at(r1,11,1)", "at(r1,3,8)", "at(r1,3,9)", "at(r2,12,1)", "at(r2,12,2)", "at(r2,12,3)", "at(r2,12,4)"
          ],
          "Costs": [
            5
          ]
        },
        {
          "Value": [
            "edge(11,1)", "edge(12,1)", "edge(1,2)", "edge(2,3)", "edge(3,2)", "edge(2,1)", "edge(1,12)", "edge(1,11)", "at(r1,11,0)", "at(r2,12,0)", "job(j11,c1,5)", "job(j12,c1,8)", "job(j21,c2,6)", "job(j22,c2,9)", "operation(j11,1,1)", "operation(j11,2,1)", "operation(j12,1,1)", "operation(j12,2,2)", "operation(j12,3,2)", "operation(j21,1,1)", "operation(j21,2,1)", "operation(j22,1,1)", "operation(j22,2,2)", "operation(j22,3,2)", "robot(r1,c1,11)", "robot(r2,c2,12)", "assign(r1,j11,1)", "assign(r2,j21,1)", "assign(r1,j12,2)", "assign(r2,j22,2)", "at(r1,1,2)", "at(r1,1,3)", "at(r1,1,4)", "at(r2,1,5)", "at(r1,2,5)", "at(r2,1,6)", "at(r1,2,6)", "at(r2,1,7)", "at(r2,2,8)", "at(r2,2,9)", "at(r1,11,1)", "at(r1,3,7)", "at(r1,3,8)", "at(r1,3,9)", "at(r2,12,1)", "at(r2,12,2)", "at(r2,12,3)", "at(r2,12,4)"
          ],
          "Costs": [
            5
          ]
        },
        {
          "Value": [
            "edge(11,1)", "edge(12,1)", "edge(1,2)", "edge(2,3)", "edge(3,2)", "edge(2,1)", "edge(1,12)", "edge(1,11)", "at(r1,11,0)", "at(r2,12,0)", "job(j11,c1,5)", "job(j12,c1,8)", "job(j21,c2,6)", "job(j22,c2,9)", "operation(j11,1,1)", "operation(j11,2,1)", "operation(j12,1,1)", "operation(j12,2,2)", "operation(j12,3,2)", "operation(j21,1,1)", "operation(j21,2,1)", "operation(j22,1,1)", "operation(j22,2,2)", "operation(j22,3,2)", "robot(r1,c1,11)", "robot(r2,c2,12)", "assign(r1,j11,1)", "assign(r2,j21,1)", "assign(r1,j12,2)", "assign(r2,j22,2)", "at(r1,1,1)", "at(r1,1,2)", "at(r1,1,3)", "at(r1,1,4)", "at(r2,1,5)", "at(r1,2,5)", "at(r2,1,6)", "at(r1,2,6)", "at(r2,1,7)", "at(r1,2,7)", "at(r2,2,8)", "at(r2,2,9)", "at(r1,3,8)", "at(r1,3,9)", "at(r2,12,1)", "at(r2,12,2)", "at(r2,12,3)", "at(r2,12,4)"
          ],
          "Costs": [
            5
          ]
        },
        {
          "Value": [
            "edge(11,1)", "edge(12,1)", "edge(1,2)", "edge(2,3)", "edge(3,2)", "edge(2,1)", "edge(1,12)", "edge(1,11)", "at(r1,11,0)", "at(r2,12,0)", "job(j11,c1,5)", "job(j12,c1,8)", "job(j21,c2,6)", "job(j22,c2,9)", "operation(j11,1,1)", "operation(j11,2,1)", "operation(j12,1,1)", "operation(j12,2,2)", "operation(j12,3,2)", "operation(j21,1,1)", "operation(j21,2,1)", "operation(j22,1,1)", "operation(j22,2,2)", "operation(j22,3,2)", "robot(r1,c1,11)", "robot(r2,c2,12)", "assign(r1,j11,1)", "assign(r2,j21,1)", "assign(r1,j12,2)", "assign(r2,j22,2)", "at(r1,1,1)", "at(r1,1,2)", "at(r1,1,3)", "at(r1,1,4)", "at(r2,1,5)", "at(r1,2,5)", "at(r2,1,6)", "at(r1,2,6)", "at(r2,1,7)", "at(r2,2,8)", "at(r2,2,9)", "at(r1,3,7)", "at(r1,3,8)", "at(r1,3,9)", "at(r2,12,1)", "at(r2,12,2)", "at(r2,12,3)", "at(r2,12,4)"
          ],
          "Costs": [
            5
          ]
        },
        {
          "Value": [
            "edge(11,1)", "edge(12,1)", "edge(1,2)", "edge(2,3)", "edge(3,2)", "edge(2,1)", "edge(1,12)", "edge(1,11)", "at(r1,11,0)", "at(r2,12,0)", "job(j11,c1,5)", "job(j12,c1,8)", "job(j21,c2,6)", "job(j22,c2,9)", "operation(j11,1,1)", "operation(j11,2,1)", "operation(j12,1,1)", "operation(j12,2,2)", "operation(j12,3,2)", "operation(j21,1,1)", "operation(j21,2,1)", "operation(j22,1,1)", "operation(j22,2,2)", "operation(j22,3,2)", "robot(r1,c1,11)", "robot(r2,c2,12)", "assign(r1,j11,1)", "assign(r2,j21,1)", "assign(r1,j12,2)", "assign(r2,j22,2)", "at(r1,1,1)", "at(r1,1,2)", "at(r1,1,3)", "at(r1,2,4)", "at(r2,1,5)", "at(r1,2,5)", "at(r2,1,6)", "at(r2,1,7)", "at(r2,2,8)", "at(r2,2,9)", "at(r1,3,6)", "at(r1,3,7)", "at(r1,3,8)", "at(r1,3,9)", "at(r2,12,1)", "at(r2,12,2)", "at(r2,12,3)", "at(r2,12,4)"
          ],
          "Costs": [
            5
          ]
        },
        {
          "Value": [
            "edge(11,1)", "edge(12,1)", "edge(1,2)", "edge(2,3)", "edge(3,2)", "edge(2,1)", "edge(1,12)", "edge(1,11)", "at(r1,11,0)", "at(r2,12,0)", "job(j11,c1,5)", "job(j12,c1,8)", "job(j21,c2,6)", "job(j22,c2,9)", "operation(j11,1,1)", "operation(j11,2,1)", "operation(j12,1,1)", "operation(j12,2,2)", "operation(j12,3,2)", "operation(j21,1,1)", "operation(j21,2,1)", "operation(j22,1,1)", "operation(j22,2,2)", "operation(j22,3,2)", "robot(r1,c1,11)", "robot(r2,c2,12)", "assign(r1,j11,1)", "assign(r2,j21,1)", "assign(r1,j12,2)", "assign(r2,j22,2)", "at(r1,1,1)", "at(r1,1,2)", "at(r1,1,3)", "at(r1,2,4)", "at(r2,1,5)", "at(r1,2,5)", "at(r2,1,6)", "at(r1,2,6)", "at(r2,1,7)", "at(r2,2,8)", "at(r2,2,9)", "at(r1,3,7)", "at(r1,3,8)", "at(r1,3,9)", "at(r2,12,1)", "at(r2,12,2)", "at(r2,12,3)", "at(r2,12,4)"
          ],
          "Costs": [
            5
          ]
        },
        {
          "Value": [
            "edge(11,1)", "edge(12,1)", "edge(1,2)", "edge(2,3)", "edge(3,2)", "edge(2,1)", "edge(1,12)", "edge(1,11)", "at(r1,11,0)", "at(r2,12,0)", "job(j11,c1,5)", "job(j12,c1,8)", "job(j21,c2,6)", "job(j22,c2,9)", "operation(j11,1,1)", "operation(j11,2,1)", "operation(j12,1,1)", "operation(j12,2,2)", "operation(j12,3,2)", "operation(j21,1,1)", "operation(j21,2,1)", "operation(j22,1,1)", "operation(j22,2,2)", "operation(j22,3,2)", "robot(r1,c1,11)", "robot(r2,c2,12)", "assign(r1,j11,1)", "assign(r2,j21,1)", "assign(r1,j12,2)", "assign(r2,j22,2)", "at(r1,1,1)", "at(r1,1,2)", "at(r1,1,3)", "at(r1,2,4)", "at(r2,1,5)", "at(r1,2,5)", "at(r2,1,6)", "at(r1,2,6)", "at(r2,1,7)", "at(r1,2,7)", "at(r2,2,8)", "at(r2,2,9)", "at(r1,3,8)", "at(r1,3,9)", "at(r2,12,1)", "at(r2,12,2)", "at(r2,12,3)", "at(r2,12,4)"
          ],
          "Costs": [
            5
          ]
        },
        {
          "Value": [
            "edge(11,1)", "edge(12,1)", "edge(1,2)", "edge(2,3)", "edge(3,2)", "edge(2,1)", "edge(1,12)", "edge(1,11)", "at(r1,11,0)", "at(r2,12,0)", "job(j11,c1,5)", "job(j12,c1,8)", "job(j21,c2,6)", "job(j22,c2,9)", "operation(j11,1,1)", "operation(j11,2,1)", "operation(j12,1,1)", "operation(j12,2,2)", "operation(j12,3,2)", "operation(j21,1,1)", "operation(j21,2,1)", "operation(j22,1,1)", "operation(j22,2,2)", "operation(j22,3,2)", "robot(r1,c1,11)", "robot(r2,c2,12)", "assign(r1,j11,1)", "assign(r2,j21,1)", "assign(r1,j12,2)", "assign(r2,j22,2)", "at(r1,1,1)", "at(r1,1,2)", "at(r1,1,3)", "at(r2,1,4)", "at(r1,2,4)", "at(r2,1,5)", "at(r1,2,5)", "at(r2,1,6)", "at(r2,1,7)", "at(r2,2,8)", "at(r2,2,9)", "at(r1,3,6)", "at(r1,3,7)", "at(r1,3,8)", "at(r1,3,9)", "at(r2,12,1)", "at(r2,12,2)", "at(r2,12,3)"
          ],
          "Costs": [
            5
          ]
        },
        {
          "Value": [
            "edge(11,1)", "edge(12,1)", "edge(1,2)", "edge(2,3)", "edge(3,2)", "edge(2,1)", "edge(1,12)", "edge(1,11)", "at(r1,11,0)", "at(r2,12,0)", "job(j11,c1,5)", "job(j12,c1,8)", "job(j21,c2,6)", "job(j22,c2,9)", "operation(j11,1,1)", "operation(j11,2,1)", "operation(j12,1,1)", "operation(j12,2,2)", "operation(j12,3,2)", "operation(j21,1,1)", "operation(j21,2,1)", "operation(j22,1,1)", "operation(j22,2,2)", "operation(j22,3,2)", "robot(r1,c1,11)", "robot(r2,c2,12)", "assign(r1,j11,1)", "assign(r2,j21,1)", "assign(r1,j12,2)", "assign(r2,j22,2)", "at(r1,1,1)", "at(r1,1,2)", "at(r1,1,3)", "at(r2,1,4)", "at(r1,2,4)", "at(r2,1,5)", "at(r1,2,5)", "at(r2,1,6)", "at(r2,2,7)", "at(r2,2,8)", "at(r2,2,9)", "at(r1,3,6)", "at(r1,3,7)", "at(r1,3,8)", "at(r1,3,9)", "at(r2,12,1)", "at(r2,12,2)", "at(r2,12,3)"
          ],
          "Costs": [
            5
          ]
        },
        {
          "Value": [
            "edge(11,1)", "edge(12,1)", "edge(1,2)", "edge(2,3)", "edge(3,2)", "edge(2,1)", "edge(1,12)", "edge(1,11)", "at(r1,11,0)", "at(r2,12,0)", "job(j11,c1,5)", "job(j12,c1,8)", "job(j21,c2,6)", "job(j22,c2,9)", "operation(j11,1,1)", "operation(j11,2,1)", "operation(j12,1,1)", "operation(j12,2,2)", "operation(j12,3,2)", "operation(j21,1,1)", "operation(j21,2,1)", "operation(j22,1,1)", "operation(j22,2,2)", "operation(j22,3,2)", "robot(r1,c1,11)", "robot(r2,c2,12)", "assign(r1,j11,1)", "assign(r2,j21,1)", "assign(r1,j12,2)", "assign(r2,j22,2)", "at(r1,1,1)", "at(r1,1,2)", "at(r1,1,3)", "at(r2,1,4)", "at(r1,2,4)", "at(r2,1,5)", "at(r1,2,5)", "at(r2,1,6)", "at(r1,2,6)", "at(r2,1,7)", "at(r2,2,8)", "at(r2,2,9)", "at(r1,3,7)", "at(r1,3,8)", "at(r1,3,9)", "at(r2,12,1)", "at(r2,12,2)", "at(r2,12,3)"
          ],
          "Costs": [
            5
          ]
        },
        {
          "Value": [
            "edge(11,1)", "edge(12,1)", "edge(1,2)", "edge(2,3)", "edge(3,2)", "edge(2,1)", "edge(1,12)", "edge(1,11)", "at(r1,11,0)", "at(r2,12,0)", "job(j11,c1,5)", "job(j12,c1,8)", "job(j21,c2,6)", "job(j22,c2,9)", "operation(j11,1,1)", "operation(j11,2,1)", "operation(j12,1,1)", "operation(j12,2,2)", "operation(j12,3,2)", "operation(j21,1,1)", "operation(j21,2,1)", "operation(j22,1,1)", "operation(j22,2,2)", "operation(j22,3,2)", "robot(r1,c1,11)", "robot(r2,c2,12)", "assign(r1,j11,1)", "assign(r2,j21,1)", "assign(r1,j12,2)", "assign(r2,j22,2)", "at(r1,1,1)", "at(r1,1,2)", "at(r1,1,3)", "at(r2,1,4)", "at(r1,2,4)", "at(r2,1,5)", "at(r1,2,5)", "at(r2,1,6)", "at(r1,2,6)", "at(r2,2,7)", "at(r2,2,8)", "at(r2,2,9)", "at(r1,3,7)", "at(r1,3,8)", "at(r1,3,9)", "at(r2,12,1)", "at(r2,12,2)", "at(r2,12,3)"
          ],
          "Costs": [
            5
          ]
        },
        {
          "Value": [
            "edge(11,1)", "edge(12,1)", "edge(1,2)", "edge(2,3)", "edge(3,2)", "edge(2,1)", "edge(1,12)", "edge(1,11)", "at(r1,11,0)", "at(r2,12,0)", "job(j11,c1,5)", "job(j12,c1,8)", "job(j21,c2,6)", "job(j22,c2,9)", "operation(j11,1,1)", "operation(j11,2,1)", "operation(j12,1,1)", "operation(j12,2,2)", "operation(j12,3,2)", "operation(j21,1,1)", "operation(j21,2,1)", "operation(j22,1,1)", "operation(j22,2,2)", "operation(j22,3,2)", "robot(r1,c1,11)", "robot(r2,c2,12)", "assign(r1,j11,1)", "assign(r2,j21,1)", "assign(r1,j12,2)", "assign(r2,j22,2)", "at(r1,1,1)", "at(r1,1,2)", "at(r1,1,3)", "at(r2,1,4)", "at(r1,2,4)", "at(r2,1,5)", "at(r1,2,5)", "at(r2,1,6)", "at(r1,2,6)", "at(r2,1,7)", "at(r1,2,7)", "at(r2,2,8)", "at(r2,2,9)", "at(r1,3,8)", "at(r1,3,9)", "at(r2,12,1)", "at(r2,12,2)", "at(r2,12,3)"
          ],
          "Costs": [
            5
          ]
        }
      ]
    }
  ],
  "Result": "OPTIMUM FOUND",
  "Models": {
    "Number": 17,
    "More": "no",
    "Optimum": "yes",
    "Optimal": 14,
    "Costs": [
      5
    ]
  },
  "Calls": 1,
  "Time": {
    "Total": 0.005,
    "Solve": 0.002,
    "Model": 0.000,
    "Unsat": 0.000,
    "CPU": 0.010
  },
  "Threads": 4,
  "Winner": 1
}
