{
 "Solver": "clingo version 5.4.0",
 "Input": [
  "seeknumbers.lp",
  "instances/ex01.lp"
 ],
 "Call": [
  {
   "Witnesses": [
    {
     "Value": [
      "path(2,3,3,3)",
      "path(1,1,2,1)",
      "path(1,2,1,3)",
      "path(2,1,3,1)",
      "path(2,2,1,2)",
      "path(3,1,3,2)",
      "path(3,2,2,2)",
      "path(1,3,2,3)"
     ]
    }
   ]
  }
 ],
 "Result": "SATISFIABLE",
 "Models": {
  "Number": 1,
  "More": "no"
 },
 "Calls": 1,
 "Time": {
  "Total": 0.005,
  "Solve": 0.0,
  "Model": 0.0,
  "Unsat": 0.0,
  "CPU": 0.005
 }
}