{
 "Solver": "clingo version 5.4.0",
 "Input": [
  "seeknumbers.lp",
  "instances/ex04.lp"
 ],
 "Call": [
  {
   "Witnesses": [
    {
     "Value": [
      "path(1,1,2,1)",
      "path(1,2,1,1)",
      "path(1,3,1,2)",
      "path(1,4,1,5)",
      "path(2,1,2,2)",
      "path(2,2,3,2)",
      "path(2,3,1,3)",
      "path(2,4,1,4)",
      "path(3,2,4,2)",
      "path(3,3,2,3)",
      "path(3,4,2,4)",
      "path(4,1,3,1)",
      "path(4,2,4,3)",
      "path(4,3,4,4)",
      "path(4,4,3,4)",
      "path(5,1,4,1)",
      "path(5,2,5,1)",
      "path(5,3,5,2)",
      "path(5,4,5,3)",
      "path(1,5,2,5)",
      "path(2,5,3,5)",
      "path(3,5,4,5)",
      "path(4,5,5,5)",
      "path(5,5,5,4)"
     ]
    }
   ]
  }
 ],
 "Result": "SATISFIABLE",
 "Models": {
  "Number": 1,
  "More": "no"
 },
 "Calls": 1,
 "Time": {
  "Total": 0.012,
  "Solve": 0.003,
  "Model": 0.001,
  "Unsat": 0.002,
  "CPU": 0.012
 }
}