{
 "Solver": "clingo version 5.4.0",
 "Input": [
  "seeknumbers.lp",
  "instances/ex14.lp"
 ],
 "Call": [
  {
   "Witnesses": [
    {
     "Value": [
      "path(1,1,1,2)",
      "path(1,2,1,3)",
      "path(1,3,1,4)",
      "path(1,4,1,5)",
      "path(1,5,1,6)",
      "path(2,1,1,1)",
      "path(2,2,2,1)",
      "path(2,3,2,2)",
      "path(2,4,2,3)",
      "path(2,5,2,4)",
      "path(3,1,3,2)",
      "path(3,2,3,3)",
      "path(3,3,3,4)",
      "path(3,4,4,4)",
      "path(3,5,2,5)",
      "path(4,1,3,1)",
      "path(4,2,4,1)",
      "path(4,3,4,2)",
      "path(4,4,4,5)",
      "path(4,5,3,5)",
      "path(5,1,5,2)",
      "path(5,3,4,3)",
      "path(5,4,5,3)",
      "path(5,5,5,4)",
      "path(6,1,5,1)",
      "path(6,2,6,1)",
      "path(6,3,6,2)",
      "path(6,4,6,3)",
      "path(6,5,6,4)",
      "path(1,6,2,6)",
      "path(2,6,3,6)",
      "path(3,6,4,6)",
      "path(4,6,5,6)",
      "path(5,6,6,6)",
      "path(6,6,6,5)"
     ]
    }
   ]
  }
 ],
 "Result": "SATISFIABLE",
 "Models": {
  "Number": 1,
  "More": "no"
 },
 "Calls": 1,
 "Time": {
  "Total": 0.012,
  "Solve": 0.007,
  "Model": 0.001,
  "Unsat": 0.006,
  "CPU": 0.011
 }
}