{
 "Solver": "clingo version 5.4.0",
 "Input": [
  "flowshop.lp",
  "instances/ins-05-4-4.lp"
 ],
 "Call": [
  {
   "Witnesses": [
    {
     "Value": [
      "perm(3,1)",
      "perm(1,3)",
      "perm(2,2)",
      "perm(4,4)"
     ],
     "Costs": [
      37
     ]
    },
    {
     "Value": [
      "perm(2,1)",
      "perm(1,3)",
      "perm(3,2)",
      "perm(4,4)"
     ],
     "Costs": [
      37
     ]
    }
   ]
  }
 ],
 "Result": "OPTIMUM FOUND",
 "Models": {
  "Number": 4,
  "More": "no",
  "Optimum": "yes",
  "Optimal": 2,
  "Costs": [
   37
  ]
 },
 "Calls": 1,
 "Time": {
  "Total": 0.16,
  "Solve": 0.01,
  "Model": 0.003,
  "Unsat": 0.0,
  "CPU": 0.16
 }
}