{
 "Solver": "clingo version 5.4.0",
 "Input": [
  "flowshop.lp",
  "instances/ins-06-4-4.lp"
 ],
 "Call": [
  {
   "Witnesses": [
    {
     "Value": [
      "perm(2,1)",
      "perm(1,3)",
      "perm(3,4)",
      "perm(4,2)"
     ],
     "Costs": [
      38
     ]
    }
   ]
  }
 ],
 "Result": "OPTIMUM FOUND",
 "Models": {
  "Number": 3,
  "More": "no",
  "Optimum": "yes",
  "Optimal": 1,
  "Costs": [
   38
  ]
 },
 "Calls": 1,
 "Time": {
  "Total": 0.167,
  "Solve": 0.012,
  "Model": 0.004,
  "Unsat": 0.0,
  "CPU": 0.167
 }
}