{
 "Solver": "clingo version 5.4.0",
 "Input": [
  "flowshop.lp",
  "instances/ins-08-4-4.lp"
 ],
 "Call": [
  {
   "Witnesses": [
    {
     "Value": [
      "perm(1,1)",
      "perm(2,2)",
      "perm(3,4)",
      "perm(4,3)"
     ],
     "Costs": [
      48
     ]
    },
    {
     "Value": [
      "perm(4,1)",
      "perm(1,3)",
      "perm(2,2)",
      "perm(3,4)"
     ],
     "Costs": [
      48
     ]
    },
    {
     "Value": [
      "perm(4,1)",
      "perm(1,2)",
      "perm(2,3)",
      "perm(3,4)"
     ],
     "Costs": [
      48
     ]
    },
    {
     "Value": [
      "perm(1,1)",
      "perm(2,3)",
      "perm(3,4)",
      "perm(4,2)"
     ],
     "Costs": [
      48
     ]
    },
    {
     "Value": [
      "perm(2,1)",
      "perm(1,2)",
      "perm(3,4)",
      "perm(4,3)"
     ],
     "Costs": [
      48
     ]
    },
    {
     "Value": [
      "perm(2,1)",
      "perm(1,3)",
      "perm(3,4)",
      "perm(4,2)"
     ],
     "Costs": [
      48
     ]
    }
   ]
  }
 ],
 "Result": "OPTIMUM FOUND",
 "Models": {
  "Number": 7,
  "More": "no",
  "Optimum": "yes",
  "Optimal": 6,
  "Costs": [
   48
  ]
 },
 "Calls": 1,
 "Time": {
  "Total": 0.22,
  "Solve": 0.021,
  "Model": 0.004,
  "Unsat": 0.0,
  "CPU": 0.219
 }
}