{
 "Solver": "clingo version 5.4.0",
 "Input": [
  "flowshop.lp",
  "instances/ins-15-5-4.lp"
 ],
 "Call": [
  {
   "Witnesses": [
    {
     "Value": [
      "perm(5,1)",
      "perm(1,3)",
      "perm(2,5)",
      "perm(3,2)",
      "perm(4,4)"
     ],
     "Costs": [
      44
     ]
    },
    {
     "Value": [
      "perm(3,1)",
      "perm(1,2)",
      "perm(2,5)",
      "perm(4,3)",
      "perm(5,4)"
     ],
     "Costs": [
      44
     ]
    }
   ]
  }
 ],
 "Result": "OPTIMUM FOUND",
 "Models": {
  "Number": 8,
  "More": "no",
  "Optimum": "yes",
  "Optimal": 2,
  "Costs": [
   44
  ]
 },
 "Calls": 1,
 "Time": {
  "Total": 0.534,
  "Solve": 0.059,
  "Model": 0.011,
  "Unsat": 0.0,
  "CPU": 0.532
 }
}