{
 "Solver": "clingo version 5.4.0",
 "Input": [
  "flowshop.lp",
  "instances/ins-10-5-3.lp"
 ],
 "Call": [
  {
   "Witnesses": [
    {
     "Value": [
      "perm(4,1)",
      "perm(1,5)",
      "perm(2,3)",
      "perm(3,4)",
      "perm(5,2)"
     ],
     "Costs": [
      34
     ]
    },
    {
     "Value": [
      "perm(5,1)",
      "perm(1,5)",
      "perm(2,3)",
      "perm(3,4)",
      "perm(4,2)"
     ],
     "Costs": [
      34
     ]
    },
    {
     "Value": [
      "perm(5,1)",
      "perm(1,5)",
      "perm(2,3)",
      "perm(3,2)",
      "perm(4,4)"
     ],
     "Costs": [
      34
     ]
    },
    {
     "Value": [
      "perm(4,1)",
      "perm(1,4)",
      "perm(2,5)",
      "perm(3,3)",
      "perm(5,2)"
     ],
     "Costs": [
      34
     ]
    },
    {
     "Value": [
      "perm(4,1)",
      "perm(1,5)",
      "perm(2,4)",
      "perm(3,3)",
      "perm(5,2)"
     ],
     "Costs": [
      34
     ]
    },
    {
     "Value": [
      "perm(5,1)",
      "perm(1,5)",
      "perm(2,4)",
      "perm(3,2)",
      "perm(4,3)"
     ],
     "Costs": [
      34
     ]
    },
    {
     "Value": [
      "perm(5,1)",
      "perm(1,3)",
      "perm(2,4)",
      "perm(3,2)",
      "perm(4,5)"
     ],
     "Costs": [
      34
     ]
    },
    {
     "Value": [
      "perm(5,1)",
      "perm(1,5)",
      "perm(2,2)",
      "perm(3,4)",
      "perm(4,3)"
     ],
     "Costs": [
      34
     ]
    }
   ]
  }
 ],
 "Result": "OPTIMUM FOUND",
 "Models": {
  "Number": 11,
  "More": "no",
  "Optimum": "yes",
  "Optimal": 8,
  "Costs": [
   34
  ]
 },
 "Calls": 1,
 "Time": {
  "Total": 0.197,
  "Solve": 0.029,
  "Model": 0.004,
  "Unsat": 0.001,
  "CPU": 0.197
 }
}