{
 "Solver": "clingo version 5.4.0",
 "Input": [
  "flowshop.lp",
  "instances/ins-13-5-4.lp"
 ],
 "Call": [
  {
   "Witnesses": [
    {
     "Value": [
      "perm(3,1)",
      "perm(1,3)",
      "perm(2,4)",
      "perm(4,5)",
      "perm(5,2)"
     ],
     "Costs": [
      41
     ]
    },
    {
     "Value": [
      "perm(3,1)",
      "perm(1,2)",
      "perm(2,4)",
      "perm(4,5)",
      "perm(5,3)"
     ],
     "Costs": [
      41
     ]
    },
    {
     "Value": [
      "perm(1,1)",
      "perm(2,4)",
      "perm(3,3)",
      "perm(4,5)",
      "perm(5,2)"
     ],
     "Costs": [
      41
     ]
    },
    {
     "Value": [
      "perm(1,1)",
      "perm(2,4)",
      "perm(3,2)",
      "perm(4,5)",
      "perm(5,3)"
     ],
     "Costs": [
      41
     ]
    }
   ]
  }
 ],
 "Result": "OPTIMUM FOUND",
 "Models": {
  "Number": 7,
  "More": "no",
  "Optimum": "yes",
  "Optimal": 4,
  "Costs": [
   41
  ]
 },
 "Calls": 1,
 "Time": {
  "Total": 0.42,
  "Solve": 0.045,
  "Model": 0.008,
  "Unsat": 0.001,
  "CPU": 0.42
 }
}