{
 "Solver": "clingo version 5.4.0",
 "Input": [
  "flowshop.lp",
  "instances/ins-11-5-3.lp"
 ],
 "Call": [
  {
   "Witnesses": [
    {
     "Value": [
      "perm(1,1)",
      "perm(2,4)",
      "perm(3,3)",
      "perm(4,5)",
      "perm(5,2)"
     ],
     "Costs": [
      35
     ]
    },
    {
     "Value": [
      "perm(1,1)",
      "perm(2,5)",
      "perm(3,3)",
      "perm(4,4)",
      "perm(5,2)"
     ],
     "Costs": [
      35
     ]
    },
    {
     "Value": [
      "perm(5,1)",
      "perm(1,2)",
      "perm(2,4)",
      "perm(3,3)",
      "perm(4,5)"
     ],
     "Costs": [
      35
     ]
    },
    {
     "Value": [
      "perm(5,1)",
      "perm(1,2)",
      "perm(2,5)",
      "perm(3,3)",
      "perm(4,4)"
     ],
     "Costs": [
      35
     ]
    },
    {
     "Value": [
      "perm(3,1)",
      "perm(1,4)",
      "perm(2,3)",
      "perm(4,5)",
      "perm(5,2)"
     ],
     "Costs": [
      35
     ]
    },
    {
     "Value": [
      "perm(3,1)",
      "perm(1,4)",
      "perm(2,5)",
      "perm(4,3)",
      "perm(5,2)"
     ],
     "Costs": [
      35
     ]
    },
    {
     "Value": [
      "perm(3,1)",
      "perm(1,3)",
      "perm(2,4)",
      "perm(4,5)",
      "perm(5,2)"
     ],
     "Costs": [
      35
     ]
    },
    {
     "Value": [
      "perm(3,1)",
      "perm(1,3)",
      "perm(2,5)",
      "perm(4,4)",
      "perm(5,2)"
     ],
     "Costs": [
      35
     ]
    },
    {
     "Value": [
      "perm(5,1)",
      "perm(1,4)",
      "perm(2,5)",
      "perm(3,2)",
      "perm(4,3)"
     ],
     "Costs": [
      35
     ]
    },
    {
     "Value": [
      "perm(5,1)",
      "perm(1,4)",
      "perm(2,3)",
      "perm(3,2)",
      "perm(4,5)"
     ],
     "Costs": [
      35
     ]
    },
    {
     "Value": [
      "perm(5,1)",
      "perm(1,3)",
      "perm(2,4)",
      "perm(3,2)",
      "perm(4,5)"
     ],
     "Costs": [
      35
     ]
    },
    {
     "Value": [
      "perm(3,1)",
      "perm(1,2)",
      "perm(2,4)",
      "perm(4,5)",
      "perm(5,3)"
     ],
     "Costs": [
      35
     ]
    },
    {
     "Value": [
      "perm(3,1)",
      "perm(1,2)",
      "perm(2,5)",
      "perm(4,4)",
      "perm(5,3)"
     ],
     "Costs": [
      35
     ]
    },
    {
     "Value": [
      "perm(5,1)",
      "perm(1,3)",
      "perm(2,5)",
      "perm(3,2)",
      "perm(4,4)"
     ],
     "Costs": [
      35
     ]
    }
   ]
  }
 ],
 "Result": "OPTIMUM FOUND",
 "Models": {
  "Number": 15,
  "More": "no",
  "Optimum": "yes",
  "Optimal": 14,
  "Costs": [
   35
  ]
 },
 "Calls": 1,
 "Time": {
  "Total": 0.222,
  "Solve": 0.028,
  "Model": 0.005,
  "Unsat": 0.001,
  "CPU": 0.221
 }
}