{
 "Solver": "clingo version 5.4.0",
 "Input": [
  "flowshop.lp",
  "instances/ins-12-5-3.lp"
 ],
 "Call": [
  {
   "Witnesses": [
    {
     "Value": [
      "perm(5,1)",
      "perm(1,2)",
      "perm(2,3)",
      "perm(3,5)",
      "perm(4,4)"
     ],
     "Costs": [
      37
     ]
    },
    {
     "Value": [
      "perm(5,1)",
      "perm(1,5)",
      "perm(2,3)",
      "perm(3,2)",
      "perm(4,4)"
     ],
     "Costs": [
      37
     ]
    },
    {
     "Value": [
      "perm(5,1)",
      "perm(1,2)",
      "perm(2,3)",
      "perm(3,4)",
      "perm(4,5)"
     ],
     "Costs": [
      37
     ]
    },
    {
     "Value": [
      "perm(5,1)",
      "perm(1,3)",
      "perm(2,5)",
      "perm(3,2)",
      "perm(4,4)"
     ],
     "Costs": [
      37
     ]
    },
    {
     "Value": [
      "perm(5,1)",
      "perm(1,2)",
      "perm(2,5)",
      "perm(3,3)",
      "perm(4,4)"
     ],
     "Costs": [
      37
     ]
    },
    {
     "Value": [
      "perm(5,1)",
      "perm(1,2)",
      "perm(2,4)",
      "perm(3,3)",
      "perm(4,5)"
     ],
     "Costs": [
      37
     ]
    },
    {
     "Value": [
      "perm(5,1)",
      "perm(1,3)",
      "perm(2,4)",
      "perm(3,2)",
      "perm(4,5)"
     ],
     "Costs": [
      37
     ]
    },
    {
     "Value": [
      "perm(5,1)",
      "perm(1,2)",
      "perm(2,5)",
      "perm(3,4)",
      "perm(4,3)"
     ],
     "Costs": [
      37
     ]
    },
    {
     "Value": [
      "perm(5,1)",
      "perm(1,4)",
      "perm(2,5)",
      "perm(3,2)",
      "perm(4,3)"
     ],
     "Costs": [
      37
     ]
    }
   ]
  }
 ],
 "Result": "OPTIMUM FOUND",
 "Models": {
  "Number": 10,
  "More": "no",
  "Optimum": "yes",
  "Optimal": 9,
  "Costs": [
   37
  ]
 },
 "Calls": 1,
 "Time": {
  "Total": 0.196,
  "Solve": 0.03,
  "Model": 0.005,
  "Unsat": 0.002,
  "CPU": 0.196
 }
}